"iteration","freq","gt"
1,95.2830188679245,"WT"
2,95.2830188679245,"WT"
3,95.2830188679245,"WT"
4,92.4528301886792,"WT"
5,92.4528301886792,"WT"
6,90.5660377358491,"WT"
7,92.4528301886792,"WT"
8,93.3962264150943,"WT"
9,89.622641509434,"WT"
10,94.3396226415094,"WT"
11,91.5094339622642,"WT"
12,93.3962264150943,"WT"
13,97.1698113207547,"WT"
14,93.3962264150943,"WT"
15,94.3396226415094,"WT"
16,94.3396226415094,"WT"
17,95.2830188679245,"WT"
18,97.1698113207547,"WT"
19,97.1698113207547,"WT"
20,94.3396226415094,"WT"
21,90.5660377358491,"WT"
22,92.4528301886792,"WT"
23,90.5660377358491,"WT"
24,96.2264150943396,"WT"
25,93.3962264150943,"WT"
26,92.4528301886792,"WT"
27,92.4528301886792,"WT"
28,92.4528301886792,"WT"
29,94.3396226415094,"WT"
30,93.3962264150943,"WT"
31,97.1698113207547,"WT"
32,92.4528301886792,"WT"
33,89.622641509434,"WT"
34,94.3396226415094,"WT"
35,89.622641509434,"WT"
36,89.622641509434,"WT"
37,94.3396226415094,"WT"
38,92.4528301886792,"WT"
39,91.5094339622642,"WT"
40,96.2264150943396,"WT"
41,98.1132075471698,"WT"
42,92.4528301886792,"WT"
43,94.3396226415094,"WT"
44,91.5094339622642,"WT"
45,91.5094339622642,"WT"
46,90.5660377358491,"WT"
47,92.4528301886792,"WT"
48,93.3962264150943,"WT"
49,93.3962264150943,"WT"
50,94.3396226415094,"WT"
51,97.1698113207547,"WT"
52,92.4528301886792,"WT"
53,93.3962264150943,"WT"
54,96.2264150943396,"WT"
55,93.3962264150943,"WT"
56,92.4528301886792,"WT"
57,91.5094339622642,"WT"
58,94.3396226415094,"WT"
59,93.3962264150943,"WT"
60,93.3962264150943,"WT"
61,88.6792452830189,"WT"
62,95.2830188679245,"WT"
63,88.6792452830189,"WT"
64,97.1698113207547,"WT"
65,90.5660377358491,"WT"
66,91.5094339622642,"WT"
67,94.3396226415094,"WT"
68,95.2830188679245,"WT"
69,95.2830188679245,"WT"
70,94.3396226415094,"WT"
71,96.2264150943396,"WT"
72,92.4528301886792,"WT"
73,92.4528301886792,"WT"
74,95.2830188679245,"WT"
75,91.5094339622642,"WT"
76,95.2830188679245,"WT"
77,95.2830188679245,"WT"
78,89.622641509434,"WT"
79,97.1698113207547,"WT"
80,92.4528301886792,"WT"
81,94.3396226415094,"WT"
82,96.2264150943396,"WT"
83,95.2830188679245,"WT"
84,92.4528301886792,"WT"
85,93.3962264150943,"WT"
86,94.3396226415094,"WT"
87,93.3962264150943,"WT"
88,95.2830188679245,"WT"
89,95.2830188679245,"WT"
90,91.5094339622642,"WT"
91,88.6792452830189,"WT"
92,91.5094339622642,"WT"
93,96.2264150943396,"WT"
94,87.7358490566038,"WT"
95,98.1132075471698,"WT"
96,93.3962264150943,"WT"
97,93.3962264150943,"WT"
98,96.2264150943396,"WT"
99,91.5094339622642,"WT"
100,92.4528301886792,"WT"
101,99.0566037735849,"WT"
102,88.6792452830189,"WT"
103,96.2264150943396,"WT"
104,96.2264150943396,"WT"
105,94.3396226415094,"WT"
106,94.3396226415094,"WT"
107,97.1698113207547,"WT"
108,96.2264150943396,"WT"
109,95.2830188679245,"WT"
110,93.3962264150943,"WT"
111,88.6792452830189,"WT"
112,93.3962264150943,"WT"
113,95.2830188679245,"WT"
114,91.5094339622642,"WT"
115,97.1698113207547,"WT"
116,92.4528301886792,"WT"
117,96.2264150943396,"WT"
118,91.5094339622642,"WT"
119,98.1132075471698,"WT"
120,91.5094339622642,"WT"
121,90.5660377358491,"WT"
122,96.2264150943396,"WT"
123,91.5094339622642,"WT"
124,97.1698113207547,"WT"
125,91.5094339622642,"WT"
126,89.622641509434,"WT"
127,92.4528301886792,"WT"
128,96.2264150943396,"WT"
129,96.2264150943396,"WT"
130,92.4528301886792,"WT"
131,97.1698113207547,"WT"
132,97.1698113207547,"WT"
133,93.3962264150943,"WT"
134,90.5660377358491,"WT"
135,95.2830188679245,"WT"
136,92.4528301886792,"WT"
137,88.6792452830189,"WT"
138,85.8490566037736,"WT"
139,97.1698113207547,"WT"
140,90.5660377358491,"WT"
141,95.2830188679245,"WT"
142,95.2830188679245,"WT"
143,96.2264150943396,"WT"
144,89.622641509434,"WT"
145,94.3396226415094,"WT"
146,93.3962264150943,"WT"
147,94.3396226415094,"WT"
148,93.3962264150943,"WT"
149,93.3962264150943,"WT"
150,93.3962264150943,"WT"
151,96.2264150943396,"WT"
152,98.1132075471698,"WT"
153,91.5094339622642,"WT"
154,92.4528301886792,"WT"
155,96.2264150943396,"WT"
156,96.2264150943396,"WT"
157,90.5660377358491,"WT"
158,89.622641509434,"WT"
159,92.4528301886792,"WT"
160,96.2264150943396,"WT"
161,91.5094339622642,"WT"
162,94.3396226415094,"WT"
163,94.3396226415094,"WT"
164,92.4528301886792,"WT"
165,89.622641509434,"WT"
166,91.5094339622642,"WT"
167,90.5660377358491,"WT"
168,93.3962264150943,"WT"
169,93.3962264150943,"WT"
170,95.2830188679245,"WT"
171,87.7358490566038,"WT"
172,92.4528301886792,"WT"
173,91.5094339622642,"WT"
174,93.3962264150943,"WT"
175,91.5094339622642,"WT"
176,97.1698113207547,"WT"
177,91.5094339622642,"WT"
178,97.1698113207547,"WT"
179,94.3396226415094,"WT"
180,94.3396226415094,"WT"
181,94.3396226415094,"WT"
182,93.3962264150943,"WT"
183,95.2830188679245,"WT"
184,96.2264150943396,"WT"
185,96.2264150943396,"WT"
186,94.3396226415094,"WT"
187,93.3962264150943,"WT"
188,96.2264150943396,"WT"
189,98.1132075471698,"WT"
190,94.3396226415094,"WT"
191,90.5660377358491,"WT"
192,92.4528301886792,"WT"
193,94.3396226415094,"WT"
194,93.3962264150943,"WT"
195,95.2830188679245,"WT"
196,95.2830188679245,"WT"
197,91.5094339622642,"WT"
198,90.5660377358491,"WT"
199,91.5094339622642,"WT"
200,92.4528301886792,"WT"
201,94.3396226415094,"WT"
202,97.1698113207547,"WT"
203,92.4528301886792,"WT"
204,95.2830188679245,"WT"
205,96.2264150943396,"WT"
206,89.622641509434,"WT"
207,92.4528301886792,"WT"
208,91.5094339622642,"WT"
209,96.2264150943396,"WT"
210,95.2830188679245,"WT"
211,93.3962264150943,"WT"
212,94.3396226415094,"WT"
213,92.4528301886792,"WT"
214,94.3396226415094,"WT"
215,87.7358490566038,"WT"
216,92.4528301886792,"WT"
217,96.2264150943396,"WT"
218,95.2830188679245,"WT"
219,91.5094339622642,"WT"
220,92.4528301886792,"WT"
221,93.3962264150943,"WT"
222,92.4528301886792,"WT"
223,86.7924528301887,"WT"
224,92.4528301886792,"WT"
225,92.4528301886792,"WT"
226,90.5660377358491,"WT"
227,93.3962264150943,"WT"
228,96.2264150943396,"WT"
229,91.5094339622642,"WT"
230,96.2264150943396,"WT"
231,93.3962264150943,"WT"
232,92.4528301886792,"WT"
233,91.5094339622642,"WT"
234,97.1698113207547,"WT"
235,94.3396226415094,"WT"
236,94.3396226415094,"WT"
237,87.7358490566038,"WT"
238,90.5660377358491,"WT"
239,90.5660377358491,"WT"
240,96.2264150943396,"WT"
241,93.3962264150943,"WT"
242,89.622641509434,"WT"
243,98.1132075471698,"WT"
244,92.4528301886792,"WT"
245,94.3396226415094,"WT"
246,94.3396226415094,"WT"
247,91.5094339622642,"WT"
248,92.4528301886792,"WT"
249,92.4528301886792,"WT"
250,89.622641509434,"WT"
251,93.3962264150943,"WT"
252,90.5660377358491,"WT"
253,93.3962264150943,"WT"
254,95.2830188679245,"WT"
255,95.2830188679245,"WT"
256,96.2264150943396,"WT"
257,96.2264150943396,"WT"
258,93.3962264150943,"WT"
259,92.4528301886792,"WT"
260,98.1132075471698,"WT"
261,94.3396226415094,"WT"
262,95.2830188679245,"WT"
263,99.0566037735849,"WT"
264,91.5094339622642,"WT"
265,97.1698113207547,"WT"
266,96.2264150943396,"WT"
267,95.2830188679245,"WT"
268,86.7924528301887,"WT"
269,94.3396226415094,"WT"
270,94.3396226415094,"WT"
271,95.2830188679245,"WT"
272,96.2264150943396,"WT"
273,93.3962264150943,"WT"
274,95.2830188679245,"WT"
275,93.3962264150943,"WT"
276,95.2830188679245,"WT"
277,94.3396226415094,"WT"
278,93.3962264150943,"WT"
279,85.8490566037736,"WT"
280,90.5660377358491,"WT"
281,95.2830188679245,"WT"
282,92.4528301886792,"WT"
283,91.5094339622642,"WT"
284,90.5660377358491,"WT"
285,95.2830188679245,"WT"
286,94.3396226415094,"WT"
287,91.5094339622642,"WT"
288,93.3962264150943,"WT"
289,96.2264150943396,"WT"
290,93.3962264150943,"WT"
291,95.2830188679245,"WT"
292,90.5660377358491,"WT"
293,91.5094339622642,"WT"
294,95.2830188679245,"WT"
295,93.3962264150943,"WT"
296,94.3396226415094,"WT"
297,97.1698113207547,"WT"
298,89.622641509434,"WT"
299,91.5094339622642,"WT"
300,90.5660377358491,"WT"
301,88.6792452830189,"WT"
302,91.5094339622642,"WT"
303,92.4528301886792,"WT"
304,93.3962264150943,"WT"
305,88.6792452830189,"WT"
306,90.5660377358491,"WT"
307,95.2830188679245,"WT"
308,92.4528301886792,"WT"
309,95.2830188679245,"WT"
310,95.2830188679245,"WT"
311,95.2830188679245,"WT"
312,95.2830188679245,"WT"
313,93.3962264150943,"WT"
314,95.2830188679245,"WT"
315,89.622641509434,"WT"
316,92.4528301886792,"WT"
317,96.2264150943396,"WT"
318,95.2830188679245,"WT"
319,92.4528301886792,"WT"
320,92.4528301886792,"WT"
321,97.1698113207547,"WT"
322,94.3396226415094,"WT"
323,93.3962264150943,"WT"
324,97.1698113207547,"WT"
325,94.3396226415094,"WT"
326,93.3962264150943,"WT"
327,96.2264150943396,"WT"
328,90.5660377358491,"WT"
329,95.2830188679245,"WT"
330,92.4528301886792,"WT"
331,95.2830188679245,"WT"
332,92.4528301886792,"WT"
333,92.4528301886792,"WT"
334,89.622641509434,"WT"
335,92.4528301886792,"WT"
336,95.2830188679245,"WT"
337,99.0566037735849,"WT"
338,96.2264150943396,"WT"
339,89.622641509434,"WT"
340,90.5660377358491,"WT"
341,89.622641509434,"WT"
342,92.4528301886792,"WT"
343,92.4528301886792,"WT"
344,93.3962264150943,"WT"
345,92.4528301886792,"WT"
346,93.3962264150943,"WT"
347,97.1698113207547,"WT"
348,95.2830188679245,"WT"
349,93.3962264150943,"WT"
350,91.5094339622642,"WT"
351,93.3962264150943,"WT"
352,88.6792452830189,"WT"
353,96.2264150943396,"WT"
354,92.4528301886792,"WT"
355,94.3396226415094,"WT"
356,96.2264150943396,"WT"
357,90.5660377358491,"WT"
358,97.1698113207547,"WT"
359,96.2264150943396,"WT"
360,94.3396226415094,"WT"
361,95.2830188679245,"WT"
362,93.3962264150943,"WT"
363,95.2830188679245,"WT"
364,90.5660377358491,"WT"
365,93.3962264150943,"WT"
366,92.4528301886792,"WT"
367,94.3396226415094,"WT"
368,94.3396226415094,"WT"
369,96.2264150943396,"WT"
370,91.5094339622642,"WT"
371,93.3962264150943,"WT"
372,92.4528301886792,"WT"
373,96.2264150943396,"WT"
374,89.622641509434,"WT"
375,92.4528301886792,"WT"
376,93.3962264150943,"WT"
377,97.1698113207547,"WT"
378,94.3396226415094,"WT"
379,93.3962264150943,"WT"
380,94.3396226415094,"WT"
381,85.8490566037736,"WT"
382,91.5094339622642,"WT"
383,93.3962264150943,"WT"
384,96.2264150943396,"WT"
385,89.622641509434,"WT"
386,92.4528301886792,"WT"
387,87.7358490566038,"WT"
388,98.1132075471698,"WT"
389,89.622641509434,"WT"
390,94.3396226415094,"WT"
391,87.7358490566038,"WT"
392,95.2830188679245,"WT"
393,95.2830188679245,"WT"
394,90.5660377358491,"WT"
395,95.2830188679245,"WT"
396,95.2830188679245,"WT"
397,95.2830188679245,"WT"
398,93.3962264150943,"WT"
399,88.6792452830189,"WT"
400,90.5660377358491,"WT"
401,93.3962264150943,"WT"
402,94.3396226415094,"WT"
403,86.7924528301887,"WT"
404,94.3396226415094,"WT"
405,91.5094339622642,"WT"
406,95.2830188679245,"WT"
407,91.5094339622642,"WT"
408,91.5094339622642,"WT"
409,93.3962264150943,"WT"
410,93.3962264150943,"WT"
411,93.3962264150943,"WT"
412,89.622641509434,"WT"
413,96.2264150943396,"WT"
414,94.3396226415094,"WT"
415,95.2830188679245,"WT"
416,94.3396226415094,"WT"
417,97.1698113207547,"WT"
418,92.4528301886792,"WT"
419,98.1132075471698,"WT"
420,89.622641509434,"WT"
421,90.5660377358491,"WT"
422,96.2264150943396,"WT"
423,89.622641509434,"WT"
424,94.3396226415094,"WT"
425,91.5094339622642,"WT"
426,93.3962264150943,"WT"
427,93.3962264150943,"WT"
428,93.3962264150943,"WT"
429,93.3962264150943,"WT"
430,93.3962264150943,"WT"
431,91.5094339622642,"WT"
432,97.1698113207547,"WT"
433,92.4528301886792,"WT"
434,94.3396226415094,"WT"
435,96.2264150943396,"WT"
436,92.4528301886792,"WT"
437,87.7358490566038,"WT"
438,94.3396226415094,"WT"
439,95.2830188679245,"WT"
440,97.1698113207547,"WT"
441,85.8490566037736,"WT"
442,93.3962264150943,"WT"
443,94.3396226415094,"WT"
444,96.2264150943396,"WT"
445,93.3962264150943,"WT"
446,93.3962264150943,"WT"
447,90.5660377358491,"WT"
448,96.2264150943396,"WT"
449,90.5660377358491,"WT"
450,87.7358490566038,"WT"
451,95.2830188679245,"WT"
452,99.0566037735849,"WT"
453,97.1698113207547,"WT"
454,94.3396226415094,"WT"
455,90.5660377358491,"WT"
456,92.4528301886792,"WT"
457,91.5094339622642,"WT"
458,94.3396226415094,"WT"
459,95.2830188679245,"WT"
460,94.3396226415094,"WT"
461,94.3396226415094,"WT"
462,94.3396226415094,"WT"
463,91.5094339622642,"WT"
464,95.2830188679245,"WT"
465,91.5094339622642,"WT"
466,91.5094339622642,"WT"
467,86.7924528301887,"WT"
468,98.1132075471698,"WT"
469,98.1132075471698,"WT"
470,96.2264150943396,"WT"
471,98.1132075471698,"WT"
472,96.2264150943396,"WT"
473,94.3396226415094,"WT"
474,93.3962264150943,"WT"
475,92.4528301886792,"WT"
476,89.622641509434,"WT"
477,90.5660377358491,"WT"
478,92.4528301886792,"WT"
479,96.2264150943396,"WT"
480,96.2264150943396,"WT"
481,89.622641509434,"WT"
482,97.1698113207547,"WT"
483,97.1698113207547,"WT"
484,90.5660377358491,"WT"
485,94.3396226415094,"WT"
486,94.3396226415094,"WT"
487,93.3962264150943,"WT"
488,94.3396226415094,"WT"
489,91.5094339622642,"WT"
490,93.3962264150943,"WT"
491,94.3396226415094,"WT"
492,94.3396226415094,"WT"
493,93.3962264150943,"WT"
494,92.4528301886792,"WT"
495,92.4528301886792,"WT"
496,94.3396226415094,"WT"
497,95.2830188679245,"WT"
498,95.2830188679245,"WT"
499,94.3396226415094,"WT"
500,92.4528301886792,"WT"
501,94.3396226415094,"WT"
502,94.3396226415094,"WT"
503,96.2264150943396,"WT"
504,89.622641509434,"WT"
505,89.622641509434,"WT"
506,95.2830188679245,"WT"
507,93.3962264150943,"WT"
508,95.2830188679245,"WT"
509,90.5660377358491,"WT"
510,94.3396226415094,"WT"
511,95.2830188679245,"WT"
512,88.6792452830189,"WT"
513,91.5094339622642,"WT"
514,99.0566037735849,"WT"
515,95.2830188679245,"WT"
516,97.1698113207547,"WT"
517,93.3962264150943,"WT"
518,92.4528301886792,"WT"
519,94.3396226415094,"WT"
520,89.622641509434,"WT"
521,91.5094339622642,"WT"
522,94.3396226415094,"WT"
523,91.5094339622642,"WT"
524,96.2264150943396,"WT"
525,91.5094339622642,"WT"
526,92.4528301886792,"WT"
527,93.3962264150943,"WT"
528,90.5660377358491,"WT"
529,92.4528301886792,"WT"
530,94.3396226415094,"WT"
531,94.3396226415094,"WT"
532,96.2264150943396,"WT"
533,92.4528301886792,"WT"
534,96.2264150943396,"WT"
535,93.3962264150943,"WT"
536,89.622641509434,"WT"
537,93.3962264150943,"WT"
538,92.4528301886792,"WT"
539,99.0566037735849,"WT"
540,97.1698113207547,"WT"
541,93.3962264150943,"WT"
542,90.5660377358491,"WT"
543,94.3396226415094,"WT"
544,94.3396226415094,"WT"
545,90.5660377358491,"WT"
546,98.1132075471698,"WT"
547,95.2830188679245,"WT"
548,95.2830188679245,"WT"
549,88.6792452830189,"WT"
550,95.2830188679245,"WT"
551,89.622641509434,"WT"
552,97.1698113207547,"WT"
553,97.1698113207547,"WT"
554,89.622641509434,"WT"
555,88.6792452830189,"WT"
556,96.2264150943396,"WT"
557,95.2830188679245,"WT"
558,94.3396226415094,"WT"
559,94.3396226415094,"WT"
560,92.4528301886792,"WT"
561,93.3962264150943,"WT"
562,88.6792452830189,"WT"
563,95.2830188679245,"WT"
564,93.3962264150943,"WT"
565,96.2264150943396,"WT"
566,93.3962264150943,"WT"
567,87.7358490566038,"WT"
568,93.3962264150943,"WT"
569,92.4528301886792,"WT"
570,92.4528301886792,"WT"
571,93.3962264150943,"WT"
572,96.2264150943396,"WT"
573,94.3396226415094,"WT"
574,95.2830188679245,"WT"
575,94.3396226415094,"WT"
576,93.3962264150943,"WT"
577,95.2830188679245,"WT"
578,95.2830188679245,"WT"
579,93.3962264150943,"WT"
580,91.5094339622642,"WT"
581,90.5660377358491,"WT"
582,90.5660377358491,"WT"
583,90.5660377358491,"WT"
584,95.2830188679245,"WT"
585,94.3396226415094,"WT"
586,95.2830188679245,"WT"
587,96.2264150943396,"WT"
588,92.4528301886792,"WT"
589,88.6792452830189,"WT"
590,91.5094339622642,"WT"
591,95.2830188679245,"WT"
592,90.5660377358491,"WT"
593,95.2830188679245,"WT"
594,95.2830188679245,"WT"
595,94.3396226415094,"WT"
596,94.3396226415094,"WT"
597,93.3962264150943,"WT"
598,92.4528301886792,"WT"
599,95.2830188679245,"WT"
600,93.3962264150943,"WT"
601,94.3396226415094,"WT"
602,96.2264150943396,"WT"
603,94.3396226415094,"WT"
604,93.3962264150943,"WT"
605,95.2830188679245,"WT"
606,93.3962264150943,"WT"
607,97.1698113207547,"WT"
608,97.1698113207547,"WT"
609,91.5094339622642,"WT"
610,94.3396226415094,"WT"
611,95.2830188679245,"WT"
612,91.5094339622642,"WT"
613,93.3962264150943,"WT"
614,98.1132075471698,"WT"
615,94.3396226415094,"WT"
616,91.5094339622642,"WT"
617,91.5094339622642,"WT"
618,94.3396226415094,"WT"
619,91.5094339622642,"WT"
620,97.1698113207547,"WT"
621,94.3396226415094,"WT"
622,96.2264150943396,"WT"
623,95.2830188679245,"WT"
624,90.5660377358491,"WT"
625,88.6792452830189,"WT"
626,96.2264150943396,"WT"
627,95.2830188679245,"WT"
628,93.3962264150943,"WT"
629,96.2264150943396,"WT"
630,89.622641509434,"WT"
631,91.5094339622642,"WT"
632,96.2264150943396,"WT"
633,96.2264150943396,"WT"
634,91.5094339622642,"WT"
635,91.5094339622642,"WT"
636,92.4528301886792,"WT"
637,97.1698113207547,"WT"
638,94.3396226415094,"WT"
639,90.5660377358491,"WT"
640,93.3962264150943,"WT"
641,90.5660377358491,"WT"
642,90.5660377358491,"WT"
643,89.622641509434,"WT"
644,94.3396226415094,"WT"
645,93.3962264150943,"WT"
646,92.4528301886792,"WT"
647,96.2264150943396,"WT"
648,93.3962264150943,"WT"
649,92.4528301886792,"WT"
650,95.2830188679245,"WT"
651,90.5660377358491,"WT"
652,94.3396226415094,"WT"
653,88.6792452830189,"WT"
654,90.5660377358491,"WT"
655,96.2264150943396,"WT"
656,91.5094339622642,"WT"
657,89.622641509434,"WT"
658,92.4528301886792,"WT"
659,88.6792452830189,"WT"
660,95.2830188679245,"WT"
661,91.5094339622642,"WT"
662,95.2830188679245,"WT"
663,89.622641509434,"WT"
664,92.4528301886792,"WT"
665,93.3962264150943,"WT"
666,93.3962264150943,"WT"
667,92.4528301886792,"WT"
668,92.4528301886792,"WT"
669,91.5094339622642,"WT"
670,95.2830188679245,"WT"
671,95.2830188679245,"WT"
672,91.5094339622642,"WT"
673,93.3962264150943,"WT"
674,93.3962264150943,"WT"
675,94.3396226415094,"WT"
676,93.3962264150943,"WT"
677,100,"WT"
678,92.4528301886792,"WT"
679,96.2264150943396,"WT"
680,92.4528301886792,"WT"
681,90.5660377358491,"WT"
682,93.3962264150943,"WT"
683,90.5660377358491,"WT"
684,93.3962264150943,"WT"
685,90.5660377358491,"WT"
686,93.3962264150943,"WT"
687,89.622641509434,"WT"
688,92.4528301886792,"WT"
689,92.4528301886792,"WT"
690,92.4528301886792,"WT"
691,92.4528301886792,"WT"
692,92.4528301886792,"WT"
693,90.5660377358491,"WT"
694,82.0754716981132,"WT"
695,97.1698113207547,"WT"
696,94.3396226415094,"WT"
697,93.3962264150943,"WT"
698,96.2264150943396,"WT"
699,89.622641509434,"WT"
700,91.5094339622642,"WT"
701,95.2830188679245,"WT"
702,95.2830188679245,"WT"
703,94.3396226415094,"WT"
704,96.2264150943396,"WT"
705,95.2830188679245,"WT"
706,95.2830188679245,"WT"
707,91.5094339622642,"WT"
708,94.3396226415094,"WT"
709,94.3396226415094,"WT"
710,92.4528301886792,"WT"
711,86.7924528301887,"WT"
712,95.2830188679245,"WT"
713,96.2264150943396,"WT"
714,92.4528301886792,"WT"
715,90.5660377358491,"WT"
716,92.4528301886792,"WT"
717,97.1698113207547,"WT"
718,94.3396226415094,"WT"
719,98.1132075471698,"WT"
720,93.3962264150943,"WT"
721,97.1698113207547,"WT"
722,93.3962264150943,"WT"
723,94.3396226415094,"WT"
724,89.622641509434,"WT"
725,94.3396226415094,"WT"
726,91.5094339622642,"WT"
727,94.3396226415094,"WT"
728,94.3396226415094,"WT"
729,93.3962264150943,"WT"
730,93.3962264150943,"WT"
731,91.5094339622642,"WT"
732,94.3396226415094,"WT"
733,93.3962264150943,"WT"
734,89.622641509434,"WT"
735,93.3962264150943,"WT"
736,95.2830188679245,"WT"
737,96.2264150943396,"WT"
738,98.1132075471698,"WT"
739,87.7358490566038,"WT"
740,95.2830188679245,"WT"
741,94.3396226415094,"WT"
742,88.6792452830189,"WT"
743,95.2830188679245,"WT"
744,93.3962264150943,"WT"
745,98.1132075471698,"WT"
746,97.1698113207547,"WT"
747,92.4528301886792,"WT"
748,93.3962264150943,"WT"
749,95.2830188679245,"WT"
750,92.4528301886792,"WT"
751,96.2264150943396,"WT"
752,93.3962264150943,"WT"
753,93.3962264150943,"WT"
754,94.3396226415094,"WT"
755,94.3396226415094,"WT"
756,93.3962264150943,"WT"
757,94.3396226415094,"WT"
758,92.4528301886792,"WT"
759,92.4528301886792,"WT"
760,92.4528301886792,"WT"
761,94.3396226415094,"WT"
762,93.3962264150943,"WT"
763,93.3962264150943,"WT"
764,93.3962264150943,"WT"
765,94.3396226415094,"WT"
766,92.4528301886792,"WT"
767,96.2264150943396,"WT"
768,98.1132075471698,"WT"
769,98.1132075471698,"WT"
770,89.622641509434,"WT"
771,92.4528301886792,"WT"
772,93.3962264150943,"WT"
773,94.3396226415094,"WT"
774,90.5660377358491,"WT"
775,93.3962264150943,"WT"
776,95.2830188679245,"WT"
777,94.3396226415094,"WT"
778,96.2264150943396,"WT"
779,93.3962264150943,"WT"
780,95.2830188679245,"WT"
781,89.622641509434,"WT"
782,94.3396226415094,"WT"
783,97.1698113207547,"WT"
784,92.4528301886792,"WT"
785,92.4528301886792,"WT"
786,86.7924528301887,"WT"
787,92.4528301886792,"WT"
788,96.2264150943396,"WT"
789,90.5660377358491,"WT"
790,96.2264150943396,"WT"
791,90.5660377358491,"WT"
792,96.2264150943396,"WT"
793,93.3962264150943,"WT"
794,93.3962264150943,"WT"
795,89.622641509434,"WT"
796,90.5660377358491,"WT"
797,90.5660377358491,"WT"
798,93.3962264150943,"WT"
799,95.2830188679245,"WT"
800,94.3396226415094,"WT"
801,93.3962264150943,"WT"
802,95.2830188679245,"WT"
803,85.8490566037736,"WT"
804,94.3396226415094,"WT"
805,92.4528301886792,"WT"
806,97.1698113207547,"WT"
807,92.4528301886792,"WT"
808,96.2264150943396,"WT"
809,89.622641509434,"WT"
810,88.6792452830189,"WT"
811,97.1698113207547,"WT"
812,93.3962264150943,"WT"
813,97.1698113207547,"WT"
814,96.2264150943396,"WT"
815,89.622641509434,"WT"
816,95.2830188679245,"WT"
817,95.2830188679245,"WT"
818,95.2830188679245,"WT"
819,94.3396226415094,"WT"
820,95.2830188679245,"WT"
821,93.3962264150943,"WT"
822,98.1132075471698,"WT"
823,95.2830188679245,"WT"
824,94.3396226415094,"WT"
825,94.3396226415094,"WT"
826,97.1698113207547,"WT"
827,89.622641509434,"WT"
828,92.4528301886792,"WT"
829,93.3962264150943,"WT"
830,92.4528301886792,"WT"
831,95.2830188679245,"WT"
832,93.3962264150943,"WT"
833,86.7924528301887,"WT"
834,90.5660377358491,"WT"
835,92.4528301886792,"WT"
836,94.3396226415094,"WT"
837,93.3962264150943,"WT"
838,91.5094339622642,"WT"
839,97.1698113207547,"WT"
840,89.622641509434,"WT"
841,90.5660377358491,"WT"
842,91.5094339622642,"WT"
843,90.5660377358491,"WT"
844,93.3962264150943,"WT"
845,92.4528301886792,"WT"
846,87.7358490566038,"WT"
847,91.5094339622642,"WT"
848,91.5094339622642,"WT"
849,95.2830188679245,"WT"
850,94.3396226415094,"WT"
851,92.4528301886792,"WT"
852,90.5660377358491,"WT"
853,97.1698113207547,"WT"
854,91.5094339622642,"WT"
855,92.4528301886792,"WT"
856,90.5660377358491,"WT"
857,92.4528301886792,"WT"
858,96.2264150943396,"WT"
859,96.2264150943396,"WT"
860,94.3396226415094,"WT"
861,92.4528301886792,"WT"
862,96.2264150943396,"WT"
863,93.3962264150943,"WT"
864,95.2830188679245,"WT"
865,96.2264150943396,"WT"
866,97.1698113207547,"WT"
867,96.2264150943396,"WT"
868,92.4528301886792,"WT"
869,92.4528301886792,"WT"
870,92.4528301886792,"WT"
871,92.4528301886792,"WT"
872,92.4528301886792,"WT"
873,94.3396226415094,"WT"
874,93.3962264150943,"WT"
875,90.5660377358491,"WT"
876,96.2264150943396,"WT"
877,93.3962264150943,"WT"
878,98.1132075471698,"WT"
879,94.3396226415094,"WT"
880,93.3962264150943,"WT"
881,94.3396226415094,"WT"
882,94.3396226415094,"WT"
883,94.3396226415094,"WT"
884,98.1132075471698,"WT"
885,95.2830188679245,"WT"
886,96.2264150943396,"WT"
887,92.4528301886792,"WT"
888,99.0566037735849,"WT"
889,93.3962264150943,"WT"
890,87.7358490566038,"WT"
891,91.5094339622642,"WT"
892,94.3396226415094,"WT"
893,90.5660377358491,"WT"
894,93.3962264150943,"WT"
895,91.5094339622642,"WT"
896,93.3962264150943,"WT"
897,91.5094339622642,"WT"
898,92.4528301886792,"WT"
899,93.3962264150943,"WT"
900,94.3396226415094,"WT"
901,94.3396226415094,"WT"
902,91.5094339622642,"WT"
903,95.2830188679245,"WT"
904,96.2264150943396,"WT"
905,92.4528301886792,"WT"
906,92.4528301886792,"WT"
907,96.2264150943396,"WT"
908,92.4528301886792,"WT"
909,94.3396226415094,"WT"
910,90.5660377358491,"WT"
911,91.5094339622642,"WT"
912,91.5094339622642,"WT"
913,92.4528301886792,"WT"
914,94.3396226415094,"WT"
915,94.3396226415094,"WT"
916,94.3396226415094,"WT"
917,91.5094339622642,"WT"
918,91.5094339622642,"WT"
919,91.5094339622642,"WT"
920,93.3962264150943,"WT"
921,92.4528301886792,"WT"
922,90.5660377358491,"WT"
923,96.2264150943396,"WT"
924,92.4528301886792,"WT"
925,93.3962264150943,"WT"
926,92.4528301886792,"WT"
927,95.2830188679245,"WT"
928,94.3396226415094,"WT"
929,96.2264150943396,"WT"
930,94.3396226415094,"WT"
931,92.4528301886792,"WT"
932,92.4528301886792,"WT"
933,94.3396226415094,"WT"
934,95.2830188679245,"WT"
935,89.622641509434,"WT"
936,89.622641509434,"WT"
937,92.4528301886792,"WT"
938,94.3396226415094,"WT"
939,91.5094339622642,"WT"
940,92.4528301886792,"WT"
941,92.4528301886792,"WT"
942,94.3396226415094,"WT"
943,94.3396226415094,"WT"
944,97.1698113207547,"WT"
945,93.3962264150943,"WT"
946,97.1698113207547,"WT"
947,91.5094339622642,"WT"
948,94.3396226415094,"WT"
949,93.3962264150943,"WT"
950,87.7358490566038,"WT"
951,93.3962264150943,"WT"
952,94.3396226415094,"WT"
953,91.5094339622642,"WT"
954,91.5094339622642,"WT"
955,95.2830188679245,"WT"
956,90.5660377358491,"WT"
957,91.5094339622642,"WT"
958,89.622641509434,"WT"
959,90.5660377358491,"WT"
960,90.5660377358491,"WT"
961,96.2264150943396,"WT"
962,93.3962264150943,"WT"
963,94.3396226415094,"WT"
964,96.2264150943396,"WT"
965,94.3396226415094,"WT"
966,93.3962264150943,"WT"
967,95.2830188679245,"WT"
968,91.5094339622642,"WT"
969,96.2264150943396,"WT"
970,94.3396226415094,"WT"
971,94.3396226415094,"WT"
972,93.3962264150943,"WT"
973,87.7358490566038,"WT"
974,96.2264150943396,"WT"
975,93.3962264150943,"WT"
976,92.4528301886792,"WT"
977,92.4528301886792,"WT"
978,96.2264150943396,"WT"
979,92.4528301886792,"WT"
980,87.7358490566038,"WT"
981,92.4528301886792,"WT"
982,90.5660377358491,"WT"
983,92.4528301886792,"WT"
984,95.2830188679245,"WT"
985,91.5094339622642,"WT"
986,94.3396226415094,"WT"
987,94.3396226415094,"WT"
988,94.3396226415094,"WT"
989,93.3962264150943,"WT"
990,92.4528301886792,"WT"
991,97.1698113207547,"WT"
992,88.6792452830189,"WT"
993,88.6792452830189,"WT"
994,94.3396226415094,"WT"
995,89.622641509434,"WT"
996,95.2830188679245,"WT"
997,95.2830188679245,"WT"
998,95.2830188679245,"WT"
999,96.2264150943396,"WT"
1000,93.3962264150943,"WT"
1,98.1132075471698,"DUMP"
2,96.2264150943396,"DUMP"
3,96.2264150943396,"DUMP"
4,84.9056603773585,"DUMP"
5,92.4528301886792,"DUMP"
6,98.1132075471698,"DUMP"
7,98.1132075471698,"DUMP"
8,96.2264150943396,"DUMP"
9,92.4528301886792,"DUMP"
10,88.6792452830189,"DUMP"
11,98.1132075471698,"DUMP"
12,96.2264150943396,"DUMP"
13,88.6792452830189,"DUMP"
14,96.2264150943396,"DUMP"
15,88.6792452830189,"DUMP"
16,90.5660377358491,"DUMP"
17,94.3396226415094,"DUMP"
18,92.4528301886792,"DUMP"
19,90.5660377358491,"DUMP"
20,94.3396226415094,"DUMP"
21,86.7924528301887,"DUMP"
22,94.3396226415094,"DUMP"
23,96.2264150943396,"DUMP"
24,90.5660377358491,"DUMP"
25,88.6792452830189,"DUMP"
26,96.2264150943396,"DUMP"
27,92.4528301886792,"DUMP"
28,94.3396226415094,"DUMP"
29,96.2264150943396,"DUMP"
30,92.4528301886792,"DUMP"
31,84.9056603773585,"DUMP"
32,96.2264150943396,"DUMP"
33,94.3396226415094,"DUMP"
34,90.5660377358491,"DUMP"
35,90.5660377358491,"DUMP"
36,88.6792452830189,"DUMP"
37,94.3396226415094,"DUMP"
38,98.1132075471698,"DUMP"
39,94.3396226415094,"DUMP"
40,88.6792452830189,"DUMP"
41,92.4528301886792,"DUMP"
42,94.3396226415094,"DUMP"
43,100,"DUMP"
44,98.1132075471698,"DUMP"
45,96.2264150943396,"DUMP"
46,96.2264150943396,"DUMP"
47,90.5660377358491,"DUMP"
48,94.3396226415094,"DUMP"
49,96.2264150943396,"DUMP"
50,94.3396226415094,"DUMP"
51,94.3396226415094,"DUMP"
52,88.6792452830189,"DUMP"
53,94.3396226415094,"DUMP"
54,88.6792452830189,"DUMP"
55,92.4528301886792,"DUMP"
56,90.5660377358491,"DUMP"
57,96.2264150943396,"DUMP"
58,83.0188679245283,"DUMP"
59,90.5660377358491,"DUMP"
60,88.6792452830189,"DUMP"
61,92.4528301886792,"DUMP"
62,84.9056603773585,"DUMP"
63,98.1132075471698,"DUMP"
64,96.2264150943396,"DUMP"
65,94.3396226415094,"DUMP"
66,94.3396226415094,"DUMP"
67,92.4528301886792,"DUMP"
68,92.4528301886792,"DUMP"
69,92.4528301886792,"DUMP"
70,88.6792452830189,"DUMP"
71,92.4528301886792,"DUMP"
72,92.4528301886792,"DUMP"
73,94.3396226415094,"DUMP"
74,88.6792452830189,"DUMP"
75,88.6792452830189,"DUMP"
76,83.0188679245283,"DUMP"
77,96.2264150943396,"DUMP"
78,92.4528301886792,"DUMP"
79,96.2264150943396,"DUMP"
80,84.9056603773585,"DUMP"
81,92.4528301886792,"DUMP"
82,90.5660377358491,"DUMP"
83,92.4528301886792,"DUMP"
84,90.5660377358491,"DUMP"
85,90.5660377358491,"DUMP"
86,96.2264150943396,"DUMP"
87,92.4528301886792,"DUMP"
88,88.6792452830189,"DUMP"
89,92.4528301886792,"DUMP"
90,96.2264150943396,"DUMP"
91,100,"DUMP"
92,94.3396226415094,"DUMP"
93,90.5660377358491,"DUMP"
94,98.1132075471698,"DUMP"
95,96.2264150943396,"DUMP"
96,88.6792452830189,"DUMP"
97,79.2452830188679,"DUMP"
98,88.6792452830189,"DUMP"
99,96.2264150943396,"DUMP"
100,96.2264150943396,"DUMP"
101,90.5660377358491,"DUMP"
102,88.6792452830189,"DUMP"
103,98.1132075471698,"DUMP"
104,92.4528301886792,"DUMP"
105,92.4528301886792,"DUMP"
106,90.5660377358491,"DUMP"
107,94.3396226415094,"DUMP"
108,90.5660377358491,"DUMP"
109,92.4528301886792,"DUMP"
110,92.4528301886792,"DUMP"
111,96.2264150943396,"DUMP"
112,90.5660377358491,"DUMP"
113,88.6792452830189,"DUMP"
114,92.4528301886792,"DUMP"
115,88.6792452830189,"DUMP"
116,92.4528301886792,"DUMP"
117,92.4528301886792,"DUMP"
118,98.1132075471698,"DUMP"
119,86.7924528301887,"DUMP"
120,94.3396226415094,"DUMP"
121,94.3396226415094,"DUMP"
122,83.0188679245283,"DUMP"
123,86.7924528301887,"DUMP"
124,83.0188679245283,"DUMP"
125,88.6792452830189,"DUMP"
126,92.4528301886792,"DUMP"
127,90.5660377358491,"DUMP"
128,84.9056603773585,"DUMP"
129,94.3396226415094,"DUMP"
130,94.3396226415094,"DUMP"
131,96.2264150943396,"DUMP"
132,92.4528301886792,"DUMP"
133,96.2264150943396,"DUMP"
134,94.3396226415094,"DUMP"
135,83.0188679245283,"DUMP"
136,94.3396226415094,"DUMP"
137,84.9056603773585,"DUMP"
138,90.5660377358491,"DUMP"
139,96.2264150943396,"DUMP"
140,98.1132075471698,"DUMP"
141,92.4528301886792,"DUMP"
142,94.3396226415094,"DUMP"
143,90.5660377358491,"DUMP"
144,90.5660377358491,"DUMP"
145,94.3396226415094,"DUMP"
146,90.5660377358491,"DUMP"
147,88.6792452830189,"DUMP"
148,86.7924528301887,"DUMP"
149,90.5660377358491,"DUMP"
150,90.5660377358491,"DUMP"
151,86.7924528301887,"DUMP"
152,90.5660377358491,"DUMP"
153,94.3396226415094,"DUMP"
154,90.5660377358491,"DUMP"
155,88.6792452830189,"DUMP"
156,94.3396226415094,"DUMP"
157,88.6792452830189,"DUMP"
158,88.6792452830189,"DUMP"
159,98.1132075471698,"DUMP"
160,94.3396226415094,"DUMP"
161,90.5660377358491,"DUMP"
162,90.5660377358491,"DUMP"
163,98.1132075471698,"DUMP"
164,92.4528301886792,"DUMP"
165,96.2264150943396,"DUMP"
166,94.3396226415094,"DUMP"
167,92.4528301886792,"DUMP"
168,90.5660377358491,"DUMP"
169,90.5660377358491,"DUMP"
170,90.5660377358491,"DUMP"
171,96.2264150943396,"DUMP"
172,98.1132075471698,"DUMP"
173,96.2264150943396,"DUMP"
174,90.5660377358491,"DUMP"
175,98.1132075471698,"DUMP"
176,94.3396226415094,"DUMP"
177,92.4528301886792,"DUMP"
178,94.3396226415094,"DUMP"
179,92.4528301886792,"DUMP"
180,96.2264150943396,"DUMP"
181,88.6792452830189,"DUMP"
182,88.6792452830189,"DUMP"
183,94.3396226415094,"DUMP"
184,90.5660377358491,"DUMP"
185,90.5660377358491,"DUMP"
186,90.5660377358491,"DUMP"
187,92.4528301886792,"DUMP"
188,94.3396226415094,"DUMP"
189,94.3396226415094,"DUMP"
190,92.4528301886792,"DUMP"
191,90.5660377358491,"DUMP"
192,88.6792452830189,"DUMP"
193,90.5660377358491,"DUMP"
194,94.3396226415094,"DUMP"
195,86.7924528301887,"DUMP"
196,96.2264150943396,"DUMP"
197,98.1132075471698,"DUMP"
198,92.4528301886792,"DUMP"
199,96.2264150943396,"DUMP"
200,92.4528301886792,"DUMP"
201,94.3396226415094,"DUMP"
202,88.6792452830189,"DUMP"
203,92.4528301886792,"DUMP"
204,92.4528301886792,"DUMP"
205,94.3396226415094,"DUMP"
206,83.0188679245283,"DUMP"
207,94.3396226415094,"DUMP"
208,90.5660377358491,"DUMP"
209,96.2264150943396,"DUMP"
210,98.1132075471698,"DUMP"
211,92.4528301886792,"DUMP"
212,86.7924528301887,"DUMP"
213,94.3396226415094,"DUMP"
214,88.6792452830189,"DUMP"
215,92.4528301886792,"DUMP"
216,90.5660377358491,"DUMP"
217,94.3396226415094,"DUMP"
218,100,"DUMP"
219,90.5660377358491,"DUMP"
220,92.4528301886792,"DUMP"
221,98.1132075471698,"DUMP"
222,92.4528301886792,"DUMP"
223,92.4528301886792,"DUMP"
224,92.4528301886792,"DUMP"
225,96.2264150943396,"DUMP"
226,92.4528301886792,"DUMP"
227,92.4528301886792,"DUMP"
228,96.2264150943396,"DUMP"
229,94.3396226415094,"DUMP"
230,88.6792452830189,"DUMP"
231,92.4528301886792,"DUMP"
232,88.6792452830189,"DUMP"
233,90.5660377358491,"DUMP"
234,92.4528301886792,"DUMP"
235,86.7924528301887,"DUMP"
236,92.4528301886792,"DUMP"
237,92.4528301886792,"DUMP"
238,86.7924528301887,"DUMP"
239,92.4528301886792,"DUMP"
240,94.3396226415094,"DUMP"
241,84.9056603773585,"DUMP"
242,94.3396226415094,"DUMP"
243,94.3396226415094,"DUMP"
244,90.5660377358491,"DUMP"
245,98.1132075471698,"DUMP"
246,94.3396226415094,"DUMP"
247,94.3396226415094,"DUMP"
248,90.5660377358491,"DUMP"
249,92.4528301886792,"DUMP"
250,90.5660377358491,"DUMP"
251,98.1132075471698,"DUMP"
252,96.2264150943396,"DUMP"
253,84.9056603773585,"DUMP"
254,92.4528301886792,"DUMP"
255,98.1132075471698,"DUMP"
256,94.3396226415094,"DUMP"
257,81.1320754716981,"DUMP"
258,96.2264150943396,"DUMP"
259,90.5660377358491,"DUMP"
260,90.5660377358491,"DUMP"
261,98.1132075471698,"DUMP"
262,90.5660377358491,"DUMP"
263,98.1132075471698,"DUMP"
264,88.6792452830189,"DUMP"
265,98.1132075471698,"DUMP"
266,90.5660377358491,"DUMP"
267,86.7924528301887,"DUMP"
268,92.4528301886792,"DUMP"
269,92.4528301886792,"DUMP"
270,94.3396226415094,"DUMP"
271,79.2452830188679,"DUMP"
272,88.6792452830189,"DUMP"
273,92.4528301886792,"DUMP"
274,88.6792452830189,"DUMP"
275,92.4528301886792,"DUMP"
276,94.3396226415094,"DUMP"
277,94.3396226415094,"DUMP"
278,92.4528301886792,"DUMP"
279,88.6792452830189,"DUMP"
280,96.2264150943396,"DUMP"
281,88.6792452830189,"DUMP"
282,92.4528301886792,"DUMP"
283,88.6792452830189,"DUMP"
284,96.2264150943396,"DUMP"
285,84.9056603773585,"DUMP"
286,96.2264150943396,"DUMP"
287,92.4528301886792,"DUMP"
288,94.3396226415094,"DUMP"
289,90.5660377358491,"DUMP"
290,94.3396226415094,"DUMP"
291,96.2264150943396,"DUMP"
292,88.6792452830189,"DUMP"
293,92.4528301886792,"DUMP"
294,98.1132075471698,"DUMP"
295,100,"DUMP"
296,98.1132075471698,"DUMP"
297,94.3396226415094,"DUMP"
298,84.9056603773585,"DUMP"
299,90.5660377358491,"DUMP"
300,94.3396226415094,"DUMP"
301,86.7924528301887,"DUMP"
302,92.4528301886792,"DUMP"
303,90.5660377358491,"DUMP"
304,94.3396226415094,"DUMP"
305,92.4528301886792,"DUMP"
306,88.6792452830189,"DUMP"
307,92.4528301886792,"DUMP"
308,94.3396226415094,"DUMP"
309,88.6792452830189,"DUMP"
310,88.6792452830189,"DUMP"
311,86.7924528301887,"DUMP"
312,90.5660377358491,"DUMP"
313,98.1132075471698,"DUMP"
314,94.3396226415094,"DUMP"
315,96.2264150943396,"DUMP"
316,92.4528301886792,"DUMP"
317,88.6792452830189,"DUMP"
318,88.6792452830189,"DUMP"
319,96.2264150943396,"DUMP"
320,94.3396226415094,"DUMP"
321,96.2264150943396,"DUMP"
322,96.2264150943396,"DUMP"
323,79.2452830188679,"DUMP"
324,90.5660377358491,"DUMP"
325,88.6792452830189,"DUMP"
326,88.6792452830189,"DUMP"
327,92.4528301886792,"DUMP"
328,92.4528301886792,"DUMP"
329,100,"DUMP"
330,86.7924528301887,"DUMP"
331,100,"DUMP"
332,92.4528301886792,"DUMP"
333,92.4528301886792,"DUMP"
334,83.0188679245283,"DUMP"
335,92.4528301886792,"DUMP"
336,92.4528301886792,"DUMP"
337,90.5660377358491,"DUMP"
338,90.5660377358491,"DUMP"
339,90.5660377358491,"DUMP"
340,100,"DUMP"
341,94.3396226415094,"DUMP"
342,92.4528301886792,"DUMP"
343,94.3396226415094,"DUMP"
344,88.6792452830189,"DUMP"
345,92.4528301886792,"DUMP"
346,84.9056603773585,"DUMP"
347,96.2264150943396,"DUMP"
348,88.6792452830189,"DUMP"
349,96.2264150943396,"DUMP"
350,94.3396226415094,"DUMP"
351,90.5660377358491,"DUMP"
352,86.7924528301887,"DUMP"
353,94.3396226415094,"DUMP"
354,94.3396226415094,"DUMP"
355,92.4528301886792,"DUMP"
356,98.1132075471698,"DUMP"
357,96.2264150943396,"DUMP"
358,96.2264150943396,"DUMP"
359,96.2264150943396,"DUMP"
360,92.4528301886792,"DUMP"
361,88.6792452830189,"DUMP"
362,96.2264150943396,"DUMP"
363,92.4528301886792,"DUMP"
364,98.1132075471698,"DUMP"
365,90.5660377358491,"DUMP"
366,94.3396226415094,"DUMP"
367,92.4528301886792,"DUMP"
368,88.6792452830189,"DUMP"
369,96.2264150943396,"DUMP"
370,92.4528301886792,"DUMP"
371,92.4528301886792,"DUMP"
372,96.2264150943396,"DUMP"
373,92.4528301886792,"DUMP"
374,100,"DUMP"
375,94.3396226415094,"DUMP"
376,92.4528301886792,"DUMP"
377,94.3396226415094,"DUMP"
378,96.2264150943396,"DUMP"
379,86.7924528301887,"DUMP"
380,86.7924528301887,"DUMP"
381,96.2264150943396,"DUMP"
382,90.5660377358491,"DUMP"
383,94.3396226415094,"DUMP"
384,92.4528301886792,"DUMP"
385,96.2264150943396,"DUMP"
386,96.2264150943396,"DUMP"
387,96.2264150943396,"DUMP"
388,94.3396226415094,"DUMP"
389,96.2264150943396,"DUMP"
390,94.3396226415094,"DUMP"
391,88.6792452830189,"DUMP"
392,96.2264150943396,"DUMP"
393,84.9056603773585,"DUMP"
394,90.5660377358491,"DUMP"
395,96.2264150943396,"DUMP"
396,90.5660377358491,"DUMP"
397,98.1132075471698,"DUMP"
398,86.7924528301887,"DUMP"
399,90.5660377358491,"DUMP"
400,96.2264150943396,"DUMP"
401,92.4528301886792,"DUMP"
402,94.3396226415094,"DUMP"
403,92.4528301886792,"DUMP"
404,88.6792452830189,"DUMP"
405,92.4528301886792,"DUMP"
406,92.4528301886792,"DUMP"
407,94.3396226415094,"DUMP"
408,88.6792452830189,"DUMP"
409,94.3396226415094,"DUMP"
410,92.4528301886792,"DUMP"
411,90.5660377358491,"DUMP"
412,96.2264150943396,"DUMP"
413,96.2264150943396,"DUMP"
414,96.2264150943396,"DUMP"
415,88.6792452830189,"DUMP"
416,98.1132075471698,"DUMP"
417,88.6792452830189,"DUMP"
418,96.2264150943396,"DUMP"
419,94.3396226415094,"DUMP"
420,84.9056603773585,"DUMP"
421,96.2264150943396,"DUMP"
422,100,"DUMP"
423,98.1132075471698,"DUMP"
424,94.3396226415094,"DUMP"
425,96.2264150943396,"DUMP"
426,88.6792452830189,"DUMP"
427,90.5660377358491,"DUMP"
428,90.5660377358491,"DUMP"
429,92.4528301886792,"DUMP"
430,94.3396226415094,"DUMP"
431,94.3396226415094,"DUMP"
432,94.3396226415094,"DUMP"
433,96.2264150943396,"DUMP"
434,90.5660377358491,"DUMP"
435,84.9056603773585,"DUMP"
436,94.3396226415094,"DUMP"
437,92.4528301886792,"DUMP"
438,90.5660377358491,"DUMP"
439,84.9056603773585,"DUMP"
440,90.5660377358491,"DUMP"
441,96.2264150943396,"DUMP"
442,88.6792452830189,"DUMP"
443,92.4528301886792,"DUMP"
444,90.5660377358491,"DUMP"
445,92.4528301886792,"DUMP"
446,86.7924528301887,"DUMP"
447,83.0188679245283,"DUMP"
448,86.7924528301887,"DUMP"
449,90.5660377358491,"DUMP"
450,98.1132075471698,"DUMP"
451,96.2264150943396,"DUMP"
452,92.4528301886792,"DUMP"
453,90.5660377358491,"DUMP"
454,94.3396226415094,"DUMP"
455,88.6792452830189,"DUMP"
456,86.7924528301887,"DUMP"
457,90.5660377358491,"DUMP"
458,94.3396226415094,"DUMP"
459,92.4528301886792,"DUMP"
460,94.3396226415094,"DUMP"
461,92.4528301886792,"DUMP"
462,94.3396226415094,"DUMP"
463,92.4528301886792,"DUMP"
464,86.7924528301887,"DUMP"
465,92.4528301886792,"DUMP"
466,92.4528301886792,"DUMP"
467,86.7924528301887,"DUMP"
468,88.6792452830189,"DUMP"
469,90.5660377358491,"DUMP"
470,92.4528301886792,"DUMP"
471,94.3396226415094,"DUMP"
472,94.3396226415094,"DUMP"
473,94.3396226415094,"DUMP"
474,90.5660377358491,"DUMP"
475,92.4528301886792,"DUMP"
476,92.4528301886792,"DUMP"
477,94.3396226415094,"DUMP"
478,94.3396226415094,"DUMP"
479,98.1132075471698,"DUMP"
480,88.6792452830189,"DUMP"
481,92.4528301886792,"DUMP"
482,92.4528301886792,"DUMP"
483,90.5660377358491,"DUMP"
484,88.6792452830189,"DUMP"
485,94.3396226415094,"DUMP"
486,96.2264150943396,"DUMP"
487,83.0188679245283,"DUMP"
488,98.1132075471698,"DUMP"
489,90.5660377358491,"DUMP"
490,90.5660377358491,"DUMP"
491,94.3396226415094,"DUMP"
492,88.6792452830189,"DUMP"
493,94.3396226415094,"DUMP"
494,96.2264150943396,"DUMP"
495,90.5660377358491,"DUMP"
496,92.4528301886792,"DUMP"
497,92.4528301886792,"DUMP"
498,94.3396226415094,"DUMP"
499,92.4528301886792,"DUMP"
500,88.6792452830189,"DUMP"
501,88.6792452830189,"DUMP"
502,88.6792452830189,"DUMP"
503,96.2264150943396,"DUMP"
504,81.1320754716981,"DUMP"
505,92.4528301886792,"DUMP"
506,94.3396226415094,"DUMP"
507,98.1132075471698,"DUMP"
508,94.3396226415094,"DUMP"
509,81.1320754716981,"DUMP"
510,96.2264150943396,"DUMP"
511,94.3396226415094,"DUMP"
512,96.2264150943396,"DUMP"
513,98.1132075471698,"DUMP"
514,94.3396226415094,"DUMP"
515,94.3396226415094,"DUMP"
516,94.3396226415094,"DUMP"
517,90.5660377358491,"DUMP"
518,86.7924528301887,"DUMP"
519,90.5660377358491,"DUMP"
520,92.4528301886792,"DUMP"
521,92.4528301886792,"DUMP"
522,92.4528301886792,"DUMP"
523,94.3396226415094,"DUMP"
524,92.4528301886792,"DUMP"
525,88.6792452830189,"DUMP"
526,96.2264150943396,"DUMP"
527,96.2264150943396,"DUMP"
528,90.5660377358491,"DUMP"
529,92.4528301886792,"DUMP"
530,94.3396226415094,"DUMP"
531,88.6792452830189,"DUMP"
532,94.3396226415094,"DUMP"
533,86.7924528301887,"DUMP"
534,94.3396226415094,"DUMP"
535,98.1132075471698,"DUMP"
536,92.4528301886792,"DUMP"
537,90.5660377358491,"DUMP"
538,90.5660377358491,"DUMP"
539,94.3396226415094,"DUMP"
540,90.5660377358491,"DUMP"
541,92.4528301886792,"DUMP"
542,86.7924528301887,"DUMP"
543,100,"DUMP"
544,94.3396226415094,"DUMP"
545,98.1132075471698,"DUMP"
546,98.1132075471698,"DUMP"
547,88.6792452830189,"DUMP"
548,98.1132075471698,"DUMP"
549,90.5660377358491,"DUMP"
550,92.4528301886792,"DUMP"
551,96.2264150943396,"DUMP"
552,92.4528301886792,"DUMP"
553,86.7924528301887,"DUMP"
554,96.2264150943396,"DUMP"
555,98.1132075471698,"DUMP"
556,96.2264150943396,"DUMP"
557,84.9056603773585,"DUMP"
558,96.2264150943396,"DUMP"
559,88.6792452830189,"DUMP"
560,90.5660377358491,"DUMP"
561,96.2264150943396,"DUMP"
562,92.4528301886792,"DUMP"
563,86.7924528301887,"DUMP"
564,90.5660377358491,"DUMP"
565,98.1132075471698,"DUMP"
566,94.3396226415094,"DUMP"
567,98.1132075471698,"DUMP"
568,88.6792452830189,"DUMP"
569,88.6792452830189,"DUMP"
570,88.6792452830189,"DUMP"
571,94.3396226415094,"DUMP"
572,94.3396226415094,"DUMP"
573,96.2264150943396,"DUMP"
574,92.4528301886792,"DUMP"
575,94.3396226415094,"DUMP"
576,90.5660377358491,"DUMP"
577,90.5660377358491,"DUMP"
578,90.5660377358491,"DUMP"
579,92.4528301886792,"DUMP"
580,94.3396226415094,"DUMP"
581,83.0188679245283,"DUMP"
582,90.5660377358491,"DUMP"
583,88.6792452830189,"DUMP"
584,92.4528301886792,"DUMP"
585,94.3396226415094,"DUMP"
586,96.2264150943396,"DUMP"
587,92.4528301886792,"DUMP"
588,92.4528301886792,"DUMP"
589,84.9056603773585,"DUMP"
590,96.2264150943396,"DUMP"
591,98.1132075471698,"DUMP"
592,90.5660377358491,"DUMP"
593,92.4528301886792,"DUMP"
594,92.4528301886792,"DUMP"
595,94.3396226415094,"DUMP"
596,88.6792452830189,"DUMP"
597,92.4528301886792,"DUMP"
598,96.2264150943396,"DUMP"
599,88.6792452830189,"DUMP"
600,92.4528301886792,"DUMP"
601,96.2264150943396,"DUMP"
602,98.1132075471698,"DUMP"
603,96.2264150943396,"DUMP"
604,90.5660377358491,"DUMP"
605,90.5660377358491,"DUMP"
606,88.6792452830189,"DUMP"
607,90.5660377358491,"DUMP"
608,86.7924528301887,"DUMP"
609,92.4528301886792,"DUMP"
610,96.2264150943396,"DUMP"
611,88.6792452830189,"DUMP"
612,92.4528301886792,"DUMP"
613,94.3396226415094,"DUMP"
614,92.4528301886792,"DUMP"
615,94.3396226415094,"DUMP"
616,96.2264150943396,"DUMP"
617,96.2264150943396,"DUMP"
618,94.3396226415094,"DUMP"
619,90.5660377358491,"DUMP"
620,96.2264150943396,"DUMP"
621,88.6792452830189,"DUMP"
622,92.4528301886792,"DUMP"
623,96.2264150943396,"DUMP"
624,90.5660377358491,"DUMP"
625,94.3396226415094,"DUMP"
626,96.2264150943396,"DUMP"
627,88.6792452830189,"DUMP"
628,94.3396226415094,"DUMP"
629,90.5660377358491,"DUMP"
630,90.5660377358491,"DUMP"
631,88.6792452830189,"DUMP"
632,92.4528301886792,"DUMP"
633,83.0188679245283,"DUMP"
634,88.6792452830189,"DUMP"
635,94.3396226415094,"DUMP"
636,92.4528301886792,"DUMP"
637,92.4528301886792,"DUMP"
638,84.9056603773585,"DUMP"
639,96.2264150943396,"DUMP"
640,88.6792452830189,"DUMP"
641,96.2264150943396,"DUMP"
642,90.5660377358491,"DUMP"
643,94.3396226415094,"DUMP"
644,92.4528301886792,"DUMP"
645,81.1320754716981,"DUMP"
646,92.4528301886792,"DUMP"
647,96.2264150943396,"DUMP"
648,92.4528301886792,"DUMP"
649,86.7924528301887,"DUMP"
650,96.2264150943396,"DUMP"
651,88.6792452830189,"DUMP"
652,96.2264150943396,"DUMP"
653,96.2264150943396,"DUMP"
654,98.1132075471698,"DUMP"
655,88.6792452830189,"DUMP"
656,96.2264150943396,"DUMP"
657,94.3396226415094,"DUMP"
658,86.7924528301887,"DUMP"
659,90.5660377358491,"DUMP"
660,92.4528301886792,"DUMP"
661,86.7924528301887,"DUMP"
662,94.3396226415094,"DUMP"
663,92.4528301886792,"DUMP"
664,83.0188679245283,"DUMP"
665,83.0188679245283,"DUMP"
666,90.5660377358491,"DUMP"
667,88.6792452830189,"DUMP"
668,92.4528301886792,"DUMP"
669,90.5660377358491,"DUMP"
670,94.3396226415094,"DUMP"
671,96.2264150943396,"DUMP"
672,90.5660377358491,"DUMP"
673,92.4528301886792,"DUMP"
674,88.6792452830189,"DUMP"
675,94.3396226415094,"DUMP"
676,86.7924528301887,"DUMP"
677,88.6792452830189,"DUMP"
678,90.5660377358491,"DUMP"
679,94.3396226415094,"DUMP"
680,92.4528301886792,"DUMP"
681,92.4528301886792,"DUMP"
682,94.3396226415094,"DUMP"
683,94.3396226415094,"DUMP"
684,92.4528301886792,"DUMP"
685,92.4528301886792,"DUMP"
686,94.3396226415094,"DUMP"
687,94.3396226415094,"DUMP"
688,88.6792452830189,"DUMP"
689,86.7924528301887,"DUMP"
690,94.3396226415094,"DUMP"
691,90.5660377358491,"DUMP"
692,88.6792452830189,"DUMP"
693,98.1132075471698,"DUMP"
694,94.3396226415094,"DUMP"
695,90.5660377358491,"DUMP"
696,92.4528301886792,"DUMP"
697,98.1132075471698,"DUMP"
698,94.3396226415094,"DUMP"
699,98.1132075471698,"DUMP"
700,92.4528301886792,"DUMP"
701,98.1132075471698,"DUMP"
702,92.4528301886792,"DUMP"
703,98.1132075471698,"DUMP"
704,96.2264150943396,"DUMP"
705,94.3396226415094,"DUMP"
706,90.5660377358491,"DUMP"
707,94.3396226415094,"DUMP"
708,92.4528301886792,"DUMP"
709,94.3396226415094,"DUMP"
710,94.3396226415094,"DUMP"
711,96.2264150943396,"DUMP"
712,98.1132075471698,"DUMP"
713,100,"DUMP"
714,90.5660377358491,"DUMP"
715,96.2264150943396,"DUMP"
716,94.3396226415094,"DUMP"
717,94.3396226415094,"DUMP"
718,96.2264150943396,"DUMP"
719,96.2264150943396,"DUMP"
720,92.4528301886792,"DUMP"
721,98.1132075471698,"DUMP"
722,88.6792452830189,"DUMP"
723,94.3396226415094,"DUMP"
724,92.4528301886792,"DUMP"
725,92.4528301886792,"DUMP"
726,94.3396226415094,"DUMP"
727,100,"DUMP"
728,98.1132075471698,"DUMP"
729,86.7924528301887,"DUMP"
730,92.4528301886792,"DUMP"
731,92.4528301886792,"DUMP"
732,92.4528301886792,"DUMP"
733,90.5660377358491,"DUMP"
734,96.2264150943396,"DUMP"
735,98.1132075471698,"DUMP"
736,92.4528301886792,"DUMP"
737,96.2264150943396,"DUMP"
738,88.6792452830189,"DUMP"
739,96.2264150943396,"DUMP"
740,92.4528301886792,"DUMP"
741,98.1132075471698,"DUMP"
742,96.2264150943396,"DUMP"
743,92.4528301886792,"DUMP"
744,88.6792452830189,"DUMP"
745,94.3396226415094,"DUMP"
746,86.7924528301887,"DUMP"
747,98.1132075471698,"DUMP"
748,94.3396226415094,"DUMP"
749,90.5660377358491,"DUMP"
750,98.1132075471698,"DUMP"
751,92.4528301886792,"DUMP"
752,94.3396226415094,"DUMP"
753,90.5660377358491,"DUMP"
754,90.5660377358491,"DUMP"
755,98.1132075471698,"DUMP"
756,92.4528301886792,"DUMP"
757,86.7924528301887,"DUMP"
758,94.3396226415094,"DUMP"
759,96.2264150943396,"DUMP"
760,94.3396226415094,"DUMP"
761,94.3396226415094,"DUMP"
762,88.6792452830189,"DUMP"
763,92.4528301886792,"DUMP"
764,88.6792452830189,"DUMP"
765,96.2264150943396,"DUMP"
766,96.2264150943396,"DUMP"
767,98.1132075471698,"DUMP"
768,98.1132075471698,"DUMP"
769,90.5660377358491,"DUMP"
770,90.5660377358491,"DUMP"
771,90.5660377358491,"DUMP"
772,96.2264150943396,"DUMP"
773,90.5660377358491,"DUMP"
774,90.5660377358491,"DUMP"
775,92.4528301886792,"DUMP"
776,92.4528301886792,"DUMP"
777,92.4528301886792,"DUMP"
778,96.2264150943396,"DUMP"
779,88.6792452830189,"DUMP"
780,86.7924528301887,"DUMP"
781,83.0188679245283,"DUMP"
782,90.5660377358491,"DUMP"
783,84.9056603773585,"DUMP"
784,92.4528301886792,"DUMP"
785,94.3396226415094,"DUMP"
786,94.3396226415094,"DUMP"
787,94.3396226415094,"DUMP"
788,92.4528301886792,"DUMP"
789,92.4528301886792,"DUMP"
790,86.7924528301887,"DUMP"
791,98.1132075471698,"DUMP"
792,92.4528301886792,"DUMP"
793,98.1132075471698,"DUMP"
794,94.3396226415094,"DUMP"
795,92.4528301886792,"DUMP"
796,88.6792452830189,"DUMP"
797,94.3396226415094,"DUMP"
798,92.4528301886792,"DUMP"
799,94.3396226415094,"DUMP"
800,94.3396226415094,"DUMP"
801,84.9056603773585,"DUMP"
802,88.6792452830189,"DUMP"
803,86.7924528301887,"DUMP"
804,98.1132075471698,"DUMP"
805,88.6792452830189,"DUMP"
806,96.2264150943396,"DUMP"
807,92.4528301886792,"DUMP"
808,86.7924528301887,"DUMP"
809,92.4528301886792,"DUMP"
810,98.1132075471698,"DUMP"
811,96.2264150943396,"DUMP"
812,92.4528301886792,"DUMP"
813,90.5660377358491,"DUMP"
814,94.3396226415094,"DUMP"
815,90.5660377358491,"DUMP"
816,96.2264150943396,"DUMP"
817,86.7924528301887,"DUMP"
818,92.4528301886792,"DUMP"
819,90.5660377358491,"DUMP"
820,94.3396226415094,"DUMP"
821,94.3396226415094,"DUMP"
822,86.7924528301887,"DUMP"
823,94.3396226415094,"DUMP"
824,90.5660377358491,"DUMP"
825,92.4528301886792,"DUMP"
826,90.5660377358491,"DUMP"
827,92.4528301886792,"DUMP"
828,96.2264150943396,"DUMP"
829,86.7924528301887,"DUMP"
830,88.6792452830189,"DUMP"
831,88.6792452830189,"DUMP"
832,90.5660377358491,"DUMP"
833,94.3396226415094,"DUMP"
834,92.4528301886792,"DUMP"
835,98.1132075471698,"DUMP"
836,98.1132075471698,"DUMP"
837,92.4528301886792,"DUMP"
838,92.4528301886792,"DUMP"
839,94.3396226415094,"DUMP"
840,90.5660377358491,"DUMP"
841,92.4528301886792,"DUMP"
842,86.7924528301887,"DUMP"
843,96.2264150943396,"DUMP"
844,96.2264150943396,"DUMP"
845,88.6792452830189,"DUMP"
846,90.5660377358491,"DUMP"
847,92.4528301886792,"DUMP"
848,88.6792452830189,"DUMP"
849,88.6792452830189,"DUMP"
850,94.3396226415094,"DUMP"
851,96.2264150943396,"DUMP"
852,90.5660377358491,"DUMP"
853,86.7924528301887,"DUMP"
854,90.5660377358491,"DUMP"
855,94.3396226415094,"DUMP"
856,98.1132075471698,"DUMP"
857,90.5660377358491,"DUMP"
858,90.5660377358491,"DUMP"
859,92.4528301886792,"DUMP"
860,90.5660377358491,"DUMP"
861,94.3396226415094,"DUMP"
862,98.1132075471698,"DUMP"
863,98.1132075471698,"DUMP"
864,96.2264150943396,"DUMP"
865,94.3396226415094,"DUMP"
866,88.6792452830189,"DUMP"
867,100,"DUMP"
868,94.3396226415094,"DUMP"
869,90.5660377358491,"DUMP"
870,92.4528301886792,"DUMP"
871,88.6792452830189,"DUMP"
872,94.3396226415094,"DUMP"
873,92.4528301886792,"DUMP"
874,98.1132075471698,"DUMP"
875,88.6792452830189,"DUMP"
876,86.7924528301887,"DUMP"
877,92.4528301886792,"DUMP"
878,92.4528301886792,"DUMP"
879,90.5660377358491,"DUMP"
880,96.2264150943396,"DUMP"
881,92.4528301886792,"DUMP"
882,84.9056603773585,"DUMP"
883,90.5660377358491,"DUMP"
884,94.3396226415094,"DUMP"
885,92.4528301886792,"DUMP"
886,94.3396226415094,"DUMP"
887,90.5660377358491,"DUMP"
888,98.1132075471698,"DUMP"
889,92.4528301886792,"DUMP"
890,92.4528301886792,"DUMP"
891,94.3396226415094,"DUMP"
892,92.4528301886792,"DUMP"
893,92.4528301886792,"DUMP"
894,94.3396226415094,"DUMP"
895,92.4528301886792,"DUMP"
896,94.3396226415094,"DUMP"
897,86.7924528301887,"DUMP"
898,98.1132075471698,"DUMP"
899,88.6792452830189,"DUMP"
900,94.3396226415094,"DUMP"
901,84.9056603773585,"DUMP"
902,88.6792452830189,"DUMP"
903,92.4528301886792,"DUMP"
904,92.4528301886792,"DUMP"
905,92.4528301886792,"DUMP"
906,98.1132075471698,"DUMP"
907,94.3396226415094,"DUMP"
908,88.6792452830189,"DUMP"
909,86.7924528301887,"DUMP"
910,98.1132075471698,"DUMP"
911,92.4528301886792,"DUMP"
912,92.4528301886792,"DUMP"
913,88.6792452830189,"DUMP"
914,90.5660377358491,"DUMP"
915,94.3396226415094,"DUMP"
916,92.4528301886792,"DUMP"
917,92.4528301886792,"DUMP"
918,86.7924528301887,"DUMP"
919,92.4528301886792,"DUMP"
920,92.4528301886792,"DUMP"
921,94.3396226415094,"DUMP"
922,86.7924528301887,"DUMP"
923,88.6792452830189,"DUMP"
924,94.3396226415094,"DUMP"
925,92.4528301886792,"DUMP"
926,94.3396226415094,"DUMP"
927,90.5660377358491,"DUMP"
928,92.4528301886792,"DUMP"
929,86.7924528301887,"DUMP"
930,92.4528301886792,"DUMP"
931,94.3396226415094,"DUMP"
932,96.2264150943396,"DUMP"
933,86.7924528301887,"DUMP"
934,77.3584905660377,"DUMP"
935,98.1132075471698,"DUMP"
936,94.3396226415094,"DUMP"
937,88.6792452830189,"DUMP"
938,96.2264150943396,"DUMP"
939,92.4528301886792,"DUMP"
940,94.3396226415094,"DUMP"
941,96.2264150943396,"DUMP"
942,90.5660377358491,"DUMP"
943,92.4528301886792,"DUMP"
944,94.3396226415094,"DUMP"
945,92.4528301886792,"DUMP"
946,90.5660377358491,"DUMP"
947,96.2264150943396,"DUMP"
948,94.3396226415094,"DUMP"
949,86.7924528301887,"DUMP"
950,92.4528301886792,"DUMP"
951,92.4528301886792,"DUMP"
952,92.4528301886792,"DUMP"
953,94.3396226415094,"DUMP"
954,94.3396226415094,"DUMP"
955,88.6792452830189,"DUMP"
956,94.3396226415094,"DUMP"
957,96.2264150943396,"DUMP"
958,86.7924528301887,"DUMP"
959,96.2264150943396,"DUMP"
960,92.4528301886792,"DUMP"
961,98.1132075471698,"DUMP"
962,100,"DUMP"
963,96.2264150943396,"DUMP"
964,98.1132075471698,"DUMP"
965,86.7924528301887,"DUMP"
966,92.4528301886792,"DUMP"
967,90.5660377358491,"DUMP"
968,92.4528301886792,"DUMP"
969,90.5660377358491,"DUMP"
970,90.5660377358491,"DUMP"
971,92.4528301886792,"DUMP"
972,86.7924528301887,"DUMP"
973,96.2264150943396,"DUMP"
974,92.4528301886792,"DUMP"
975,96.2264150943396,"DUMP"
976,86.7924528301887,"DUMP"
977,92.4528301886792,"DUMP"
978,90.5660377358491,"DUMP"
979,92.4528301886792,"DUMP"
980,90.5660377358491,"DUMP"
981,90.5660377358491,"DUMP"
982,90.5660377358491,"DUMP"
983,94.3396226415094,"DUMP"
984,92.4528301886792,"DUMP"
985,92.4528301886792,"DUMP"
986,98.1132075471698,"DUMP"
987,96.2264150943396,"DUMP"
988,94.3396226415094,"DUMP"
989,92.4528301886792,"DUMP"
990,92.4528301886792,"DUMP"
991,94.3396226415094,"DUMP"
992,90.5660377358491,"DUMP"
993,81.1320754716981,"DUMP"
994,83.0188679245283,"DUMP"
995,92.4528301886792,"DUMP"
996,98.1132075471698,"DUMP"
997,86.7924528301887,"DUMP"
998,94.3396226415094,"DUMP"
999,94.3396226415094,"DUMP"
1000,92.4528301886792,"DUMP"
