"iteration","pAggInherited","class"
1,0.506976744186047,"dump"
2,0.576744186046512,"dump"
3,0.525581395348837,"dump"
4,0.544186046511628,"dump"
5,0.53953488372093,"dump"
6,0.497674418604651,"dump"
7,0.516279069767442,"dump"
8,0.548837209302326,"dump"
9,0.53953488372093,"dump"
10,0.497674418604651,"dump"
11,0.506976744186047,"dump"
12,0.553488372093023,"dump"
13,0.483720930232558,"dump"
14,0.506976744186047,"dump"
15,0.511627906976744,"dump"
16,0.553488372093023,"dump"
17,0.534883720930233,"dump"
18,0.474418604651163,"dump"
19,0.534883720930233,"dump"
20,0.511627906976744,"dump"
21,0.46046511627907,"dump"
22,0.52093023255814,"dump"
23,0.506976744186047,"dump"
24,0.488372093023256,"dump"
25,0.483720930232558,"dump"
26,0.483720930232558,"dump"
27,0.567441860465116,"dump"
28,0.53953488372093,"dump"
29,0.576744186046512,"dump"
30,0.483720930232558,"dump"
31,0.548837209302326,"dump"
32,0.525581395348837,"dump"
33,0.437209302325581,"dump"
34,0.534883720930233,"dump"
35,0.497674418604651,"dump"
36,0.52093023255814,"dump"
37,0.544186046511628,"dump"
38,0.511627906976744,"dump"
39,0.516279069767442,"dump"
40,0.553488372093023,"dump"
41,0.474418604651163,"dump"
42,0.483720930232558,"dump"
43,0.544186046511628,"dump"
44,0.586046511627907,"dump"
45,0.47906976744186,"dump"
46,0.53953488372093,"dump"
47,0.488372093023256,"dump"
48,0.47906976744186,"dump"
49,0.525581395348837,"dump"
50,0.530232558139535,"dump"
51,0.46046511627907,"dump"
52,0.46046511627907,"dump"
53,0.572093023255814,"dump"
54,0.544186046511628,"dump"
55,0.53953488372093,"dump"
56,0.483720930232558,"dump"
57,0.506976744186047,"dump"
58,0.502325581395349,"dump"
59,0.451162790697674,"dump"
60,0.511627906976744,"dump"
61,0.451162790697674,"dump"
62,0.53953488372093,"dump"
63,0.525581395348837,"dump"
64,0.493023255813954,"dump"
65,0.506976744186047,"dump"
66,0.530232558139535,"dump"
67,0.502325581395349,"dump"
68,0.474418604651163,"dump"
69,0.52093023255814,"dump"
70,0.516279069767442,"dump"
71,0.506976744186047,"dump"
72,0.534883720930233,"dump"
73,0.530232558139535,"dump"
74,0.562790697674419,"dump"
75,0.511627906976744,"dump"
76,0.506976744186047,"dump"
77,0.544186046511628,"dump"
78,0.516279069767442,"dump"
79,0.497674418604651,"dump"
80,0.52093023255814,"dump"
81,0.493023255813954,"dump"
82,0.562790697674419,"dump"
83,0.52093023255814,"dump"
84,0.506976744186047,"dump"
85,0.52093023255814,"dump"
86,0.516279069767442,"dump"
87,0.465116279069767,"dump"
88,0.525581395348837,"dump"
89,0.562790697674419,"dump"
90,0.497674418604651,"dump"
91,0.511627906976744,"dump"
92,0.52093023255814,"dump"
93,0.525581395348837,"dump"
94,0.544186046511628,"dump"
95,0.506976744186047,"dump"
96,0.497674418604651,"dump"
97,0.497674418604651,"dump"
98,0.52093023255814,"dump"
99,0.52093023255814,"dump"
100,0.469767441860465,"dump"
101,0.52093023255814,"dump"
102,0.493023255813954,"dump"
103,0.590697674418605,"dump"
104,0.441860465116279,"dump"
105,0.474418604651163,"dump"
106,0.530232558139535,"dump"
107,0.558139534883721,"dump"
108,0.506976744186047,"dump"
109,0.469767441860465,"dump"
110,0.511627906976744,"dump"
111,0.525581395348837,"dump"
112,0.46046511627907,"dump"
113,0.525581395348837,"dump"
114,0.511627906976744,"dump"
115,0.553488372093023,"dump"
116,0.52093023255814,"dump"
117,0.488372093023256,"dump"
118,0.53953488372093,"dump"
119,0.483720930232558,"dump"
120,0.534883720930233,"dump"
121,0.506976744186047,"dump"
122,0.534883720930233,"dump"
123,0.53953488372093,"dump"
124,0.502325581395349,"dump"
125,0.469767441860465,"dump"
126,0.553488372093023,"dump"
127,0.511627906976744,"dump"
128,0.525581395348837,"dump"
129,0.525581395348837,"dump"
130,0.497674418604651,"dump"
131,0.497674418604651,"dump"
132,0.516279069767442,"dump"
133,0.530232558139535,"dump"
134,0.530232558139535,"dump"
135,0.544186046511628,"dump"
136,0.548837209302326,"dump"
137,0.525581395348837,"dump"
138,0.506976744186047,"dump"
139,0.516279069767442,"dump"
140,0.525581395348837,"dump"
141,0.525581395348837,"dump"
142,0.530232558139535,"dump"
143,0.516279069767442,"dump"
144,0.493023255813954,"dump"
145,0.530232558139535,"dump"
146,0.595348837209302,"dump"
147,0.530232558139535,"dump"
148,0.572093023255814,"dump"
149,0.525581395348837,"dump"
150,0.47906976744186,"dump"
151,0.493023255813954,"dump"
152,0.497674418604651,"dump"
153,0.493023255813954,"dump"
154,0.544186046511628,"dump"
155,0.553488372093023,"dump"
156,0.534883720930233,"dump"
157,0.558139534883721,"dump"
158,0.483720930232558,"dump"
159,0.558139534883721,"dump"
160,0.488372093023256,"dump"
161,0.432558139534884,"dump"
162,0.553488372093023,"dump"
163,0.544186046511628,"dump"
164,0.506976744186047,"dump"
165,0.530232558139535,"dump"
166,0.530232558139535,"dump"
167,0.511627906976744,"dump"
168,0.502325581395349,"dump"
169,0.451162790697674,"dump"
170,0.53953488372093,"dump"
171,0.483720930232558,"dump"
172,0.53953488372093,"dump"
173,0.483720930232558,"dump"
174,0.525581395348837,"dump"
175,0.567441860465116,"dump"
176,0.548837209302326,"dump"
177,0.404651162790698,"dump"
178,0.493023255813954,"dump"
179,0.553488372093023,"dump"
180,0.497674418604651,"dump"
181,0.47906976744186,"dump"
182,0.469767441860465,"dump"
183,0.493023255813954,"dump"
184,0.511627906976744,"dump"
185,0.516279069767442,"dump"
186,0.544186046511628,"dump"
187,0.474418604651163,"dump"
188,0.483720930232558,"dump"
189,0.558139534883721,"dump"
190,0.516279069767442,"dump"
191,0.52093023255814,"dump"
192,0.511627906976744,"dump"
193,0.558139534883721,"dump"
194,0.530232558139535,"dump"
195,0.525581395348837,"dump"
196,0.451162790697674,"dump"
197,0.497674418604651,"dump"
198,0.581395348837209,"dump"
199,0.53953488372093,"dump"
200,0.558139534883721,"dump"
201,0.53953488372093,"dump"
202,0.534883720930233,"dump"
203,0.530232558139535,"dump"
204,0.548837209302326,"dump"
205,0.516279069767442,"dump"
206,0.548837209302326,"dump"
207,0.441860465116279,"dump"
208,0.511627906976744,"dump"
209,0.493023255813954,"dump"
210,0.525581395348837,"dump"
211,0.548837209302326,"dump"
212,0.530232558139535,"dump"
213,0.52093023255814,"dump"
214,0.530232558139535,"dump"
215,0.53953488372093,"dump"
216,0.53953488372093,"dump"
217,0.516279069767442,"dump"
218,0.530232558139535,"dump"
219,0.493023255813954,"dump"
220,0.483720930232558,"dump"
221,0.534883720930233,"dump"
222,0.488372093023256,"dump"
223,0.516279069767442,"dump"
224,0.534883720930233,"dump"
225,0.576744186046512,"dump"
226,0.562790697674419,"dump"
227,0.506976744186047,"dump"
228,0.497674418604651,"dump"
229,0.544186046511628,"dump"
230,0.469767441860465,"dump"
231,0.53953488372093,"dump"
232,0.497674418604651,"dump"
233,0.506976744186047,"dump"
234,0.544186046511628,"dump"
235,0.46046511627907,"dump"
236,0.497674418604651,"dump"
237,0.493023255813954,"dump"
238,0.562790697674419,"dump"
239,0.525581395348837,"dump"
240,0.497674418604651,"dump"
241,0.558139534883721,"dump"
242,0.530232558139535,"dump"
243,0.558139534883721,"dump"
244,0.530232558139535,"dump"
245,0.534883720930233,"dump"
246,0.465116279069767,"dump"
247,0.558139534883721,"dump"
248,0.455813953488372,"dump"
249,0.506976744186047,"dump"
250,0.497674418604651,"dump"
251,0.581395348837209,"dump"
252,0.502325581395349,"dump"
253,0.558139534883721,"dump"
254,0.47906976744186,"dump"
255,0.493023255813954,"dump"
256,0.469767441860465,"dump"
257,0.525581395348837,"dump"
258,0.47906976744186,"dump"
259,0.474418604651163,"dump"
260,0.525581395348837,"dump"
261,0.474418604651163,"dump"
262,0.497674418604651,"dump"
263,0.483720930232558,"dump"
264,0.47906976744186,"dump"
265,0.576744186046512,"dump"
266,0.446511627906977,"dump"
267,0.493023255813954,"dump"
268,0.548837209302326,"dump"
269,0.572093023255814,"dump"
270,0.525581395348837,"dump"
271,0.553488372093023,"dump"
272,0.516279069767442,"dump"
273,0.567441860465116,"dump"
274,0.502325581395349,"dump"
275,0.567441860465116,"dump"
276,0.525581395348837,"dump"
277,0.46046511627907,"dump"
278,0.497674418604651,"dump"
279,0.581395348837209,"dump"
280,0.534883720930233,"dump"
281,0.506976744186047,"dump"
282,0.534883720930233,"dump"
283,0.502325581395349,"dump"
284,0.534883720930233,"dump"
285,0.586046511627907,"dump"
286,0.534883720930233,"dump"
287,0.506976744186047,"dump"
288,0.474418604651163,"dump"
289,0.562790697674419,"dump"
290,0.502325581395349,"dump"
291,0.534883720930233,"dump"
292,0.525581395348837,"dump"
293,0.47906976744186,"dump"
294,0.534883720930233,"dump"
295,0.502325581395349,"dump"
296,0.502325581395349,"dump"
297,0.516279069767442,"dump"
298,0.534883720930233,"dump"
299,0.516279069767442,"dump"
300,0.516279069767442,"dump"
301,0.502325581395349,"dump"
302,0.562790697674419,"dump"
303,0.488372093023256,"dump"
304,0.47906976744186,"dump"
305,0.572093023255814,"dump"
306,0.530232558139535,"dump"
307,0.47906976744186,"dump"
308,0.516279069767442,"dump"
309,0.46046511627907,"dump"
310,0.493023255813954,"dump"
311,0.562790697674419,"dump"
312,0.544186046511628,"dump"
313,0.544186046511628,"dump"
314,0.502325581395349,"dump"
315,0.506976744186047,"dump"
316,0.502325581395349,"dump"
317,0.525581395348837,"dump"
318,0.562790697674419,"dump"
319,0.493023255813954,"dump"
320,0.530232558139535,"dump"
321,0.53953488372093,"dump"
322,0.544186046511628,"dump"
323,0.502325581395349,"dump"
324,0.502325581395349,"dump"
325,0.47906976744186,"dump"
326,0.52093023255814,"dump"
327,0.53953488372093,"dump"
328,0.493023255813954,"dump"
329,0.497674418604651,"dump"
330,0.544186046511628,"dump"
331,0.534883720930233,"dump"
332,0.530232558139535,"dump"
333,0.502325581395349,"dump"
334,0.530232558139535,"dump"
335,0.483720930232558,"dump"
336,0.558139534883721,"dump"
337,0.506976744186047,"dump"
338,0.483720930232558,"dump"
339,0.52093023255814,"dump"
340,0.502325581395349,"dump"
341,0.506976744186047,"dump"
342,0.493023255813954,"dump"
343,0.506976744186047,"dump"
344,0.493023255813954,"dump"
345,0.516279069767442,"dump"
346,0.581395348837209,"dump"
347,0.548837209302326,"dump"
348,0.590697674418605,"dump"
349,0.506976744186047,"dump"
350,0.572093023255814,"dump"
351,0.465116279069767,"dump"
352,0.53953488372093,"dump"
353,0.474418604651163,"dump"
354,0.511627906976744,"dump"
355,0.525581395348837,"dump"
356,0.525581395348837,"dump"
357,0.544186046511628,"dump"
358,0.576744186046512,"dump"
359,0.506976744186047,"dump"
360,0.493023255813954,"dump"
361,0.548837209302326,"dump"
362,0.506976744186047,"dump"
363,0.530232558139535,"dump"
364,0.502325581395349,"dump"
365,0.553488372093023,"dump"
366,0.530232558139535,"dump"
367,0.544186046511628,"dump"
368,0.455813953488372,"dump"
369,0.488372093023256,"dump"
370,0.576744186046512,"dump"
371,0.483720930232558,"dump"
372,0.502325581395349,"dump"
373,0.558139534883721,"dump"
374,0.483720930232558,"dump"
375,0.53953488372093,"dump"
376,0.530232558139535,"dump"
377,0.502325581395349,"dump"
378,0.497674418604651,"dump"
379,0.493023255813954,"dump"
380,0.502325581395349,"dump"
381,0.53953488372093,"dump"
382,0.455813953488372,"dump"
383,0.52093023255814,"dump"
384,0.544186046511628,"dump"
385,0.544186046511628,"dump"
386,0.465116279069767,"dump"
387,0.488372093023256,"dump"
388,0.548837209302326,"dump"
389,0.53953488372093,"dump"
390,0.446511627906977,"dump"
391,0.446511627906977,"dump"
392,0.488372093023256,"dump"
393,0.562790697674419,"dump"
394,0.488372093023256,"dump"
395,0.572093023255814,"dump"
396,0.511627906976744,"dump"
397,0.488372093023256,"dump"
398,0.516279069767442,"dump"
399,0.516279069767442,"dump"
400,0.516279069767442,"dump"
401,0.511627906976744,"dump"
402,0.525581395348837,"dump"
403,0.465116279069767,"dump"
404,0.52093023255814,"dump"
405,0.562790697674419,"dump"
406,0.493023255813954,"dump"
407,0.548837209302326,"dump"
408,0.469767441860465,"dump"
409,0.525581395348837,"dump"
410,0.52093023255814,"dump"
411,0.469767441860465,"dump"
412,0.465116279069767,"dump"
413,0.544186046511628,"dump"
414,0.562790697674419,"dump"
415,0.53953488372093,"dump"
416,0.497674418604651,"dump"
417,0.506976744186047,"dump"
418,0.544186046511628,"dump"
419,0.506976744186047,"dump"
420,0.497674418604651,"dump"
421,0.488372093023256,"dump"
422,0.530232558139535,"dump"
423,0.534883720930233,"dump"
424,0.474418604651163,"dump"
425,0.534883720930233,"dump"
426,0.52093023255814,"dump"
427,0.451162790697674,"dump"
428,0.548837209302326,"dump"
429,0.534883720930233,"dump"
430,0.525581395348837,"dump"
431,0.483720930232558,"dump"
432,0.451162790697674,"dump"
433,0.506976744186047,"dump"
434,0.451162790697674,"dump"
435,0.530232558139535,"dump"
436,0.511627906976744,"dump"
437,0.516279069767442,"dump"
438,0.511627906976744,"dump"
439,0.511627906976744,"dump"
440,0.530232558139535,"dump"
441,0.516279069767442,"dump"
442,0.488372093023256,"dump"
443,0.544186046511628,"dump"
444,0.530232558139535,"dump"
445,0.553488372093023,"dump"
446,0.506976744186047,"dump"
447,0.497674418604651,"dump"
448,0.511627906976744,"dump"
449,0.530232558139535,"dump"
450,0.530232558139535,"dump"
451,0.558139534883721,"dump"
452,0.488372093023256,"dump"
453,0.562790697674419,"dump"
454,0.511627906976744,"dump"
455,0.506976744186047,"dump"
456,0.525581395348837,"dump"
457,0.553488372093023,"dump"
458,0.502325581395349,"dump"
459,0.553488372093023,"dump"
460,0.497674418604651,"dump"
461,0.493023255813954,"dump"
462,0.483720930232558,"dump"
463,0.52093023255814,"dump"
464,0.516279069767442,"dump"
465,0.544186046511628,"dump"
466,0.530232558139535,"dump"
467,0.511627906976744,"dump"
468,0.47906976744186,"dump"
469,0.451162790697674,"dump"
470,0.516279069767442,"dump"
471,0.497674418604651,"dump"
472,0.511627906976744,"dump"
473,0.441860465116279,"dump"
474,0.483720930232558,"dump"
475,0.511627906976744,"dump"
476,0.46046511627907,"dump"
477,0.534883720930233,"dump"
478,0.516279069767442,"dump"
479,0.52093023255814,"dump"
480,0.506976744186047,"dump"
481,0.562790697674419,"dump"
482,0.469767441860465,"dump"
483,0.544186046511628,"dump"
484,0.52093023255814,"dump"
485,0.516279069767442,"dump"
486,0.525581395348837,"dump"
487,0.497674418604651,"dump"
488,0.544186046511628,"dump"
489,0.502325581395349,"dump"
490,0.506976744186047,"dump"
491,0.488372093023256,"dump"
492,0.502325581395349,"dump"
493,0.474418604651163,"dump"
494,0.451162790697674,"dump"
495,0.418604651162791,"dump"
496,0.488372093023256,"dump"
497,0.455813953488372,"dump"
498,0.469767441860465,"dump"
499,0.469767441860465,"dump"
500,0.548837209302326,"dump"
501,0.455813953488372,"dump"
502,0.53953488372093,"dump"
503,0.553488372093023,"dump"
504,0.52093023255814,"dump"
505,0.53953488372093,"dump"
506,0.516279069767442,"dump"
507,0.534883720930233,"dump"
508,0.516279069767442,"dump"
509,0.544186046511628,"dump"
510,0.525581395348837,"dump"
511,0.534883720930233,"dump"
512,0.548837209302326,"dump"
513,0.548837209302326,"dump"
514,0.469767441860465,"dump"
515,0.525581395348837,"dump"
516,0.493023255813954,"dump"
517,0.553488372093023,"dump"
518,0.567441860465116,"dump"
519,0.483720930232558,"dump"
520,0.548837209302326,"dump"
521,0.474418604651163,"dump"
522,0.493023255813954,"dump"
523,0.567441860465116,"dump"
524,0.544186046511628,"dump"
525,0.511627906976744,"dump"
526,0.497674418604651,"dump"
527,0.525581395348837,"dump"
528,0.493023255813954,"dump"
529,0.469767441860465,"dump"
530,0.548837209302326,"dump"
531,0.530232558139535,"dump"
532,0.525581395348837,"dump"
533,0.53953488372093,"dump"
534,0.497674418604651,"dump"
535,0.474418604651163,"dump"
536,0.493023255813954,"dump"
537,0.465116279069767,"dump"
538,0.455813953488372,"dump"
539,0.465116279069767,"dump"
540,0.502325581395349,"dump"
541,0.488372093023256,"dump"
542,0.530232558139535,"dump"
543,0.530232558139535,"dump"
544,0.488372093023256,"dump"
545,0.502325581395349,"dump"
546,0.548837209302326,"dump"
547,0.516279069767442,"dump"
548,0.427906976744186,"dump"
549,0.53953488372093,"dump"
550,0.511627906976744,"dump"
551,0.511627906976744,"dump"
552,0.493023255813954,"dump"
553,0.530232558139535,"dump"
554,0.53953488372093,"dump"
555,0.469767441860465,"dump"
556,0.488372093023256,"dump"
557,0.483720930232558,"dump"
558,0.525581395348837,"dump"
559,0.46046511627907,"dump"
560,0.446511627906977,"dump"
561,0.525581395348837,"dump"
562,0.516279069767442,"dump"
563,0.483720930232558,"dump"
564,0.52093023255814,"dump"
565,0.474418604651163,"dump"
566,0.483720930232558,"dump"
567,0.47906976744186,"dump"
568,0.493023255813954,"dump"
569,0.506976744186047,"dump"
570,0.511627906976744,"dump"
571,0.446511627906977,"dump"
572,0.502325581395349,"dump"
573,0.465116279069767,"dump"
574,0.572093023255814,"dump"
575,0.581395348837209,"dump"
576,0.562790697674419,"dump"
577,0.446511627906977,"dump"
578,0.502325581395349,"dump"
579,0.534883720930233,"dump"
580,0.502325581395349,"dump"
581,0.474418604651163,"dump"
582,0.469767441860465,"dump"
583,0.493023255813954,"dump"
584,0.516279069767442,"dump"
585,0.530232558139535,"dump"
586,0.47906976744186,"dump"
587,0.534883720930233,"dump"
588,0.497674418604651,"dump"
589,0.53953488372093,"dump"
590,0.530232558139535,"dump"
591,0.544186046511628,"dump"
592,0.488372093023256,"dump"
593,0.465116279069767,"dump"
594,0.53953488372093,"dump"
595,0.502325581395349,"dump"
596,0.567441860465116,"dump"
597,0.572093023255814,"dump"
598,0.525581395348837,"dump"
599,0.469767441860465,"dump"
600,0.474418604651163,"dump"
601,0.530232558139535,"dump"
602,0.553488372093023,"dump"
603,0.451162790697674,"dump"
604,0.553488372093023,"dump"
605,0.511627906976744,"dump"
606,0.581395348837209,"dump"
607,0.502325581395349,"dump"
608,0.516279069767442,"dump"
609,0.474418604651163,"dump"
610,0.516279069767442,"dump"
611,0.525581395348837,"dump"
612,0.502325581395349,"dump"
613,0.493023255813954,"dump"
614,0.488372093023256,"dump"
615,0.516279069767442,"dump"
616,0.497674418604651,"dump"
617,0.516279069767442,"dump"
618,0.553488372093023,"dump"
619,0.474418604651163,"dump"
620,0.511627906976744,"dump"
621,0.530232558139535,"dump"
622,0.474418604651163,"dump"
623,0.497674418604651,"dump"
624,0.511627906976744,"dump"
625,0.558139534883721,"dump"
626,0.511627906976744,"dump"
627,0.544186046511628,"dump"
628,0.52093023255814,"dump"
629,0.47906976744186,"dump"
630,0.548837209302326,"dump"
631,0.47906976744186,"dump"
632,0.488372093023256,"dump"
633,0.553488372093023,"dump"
634,0.548837209302326,"dump"
635,0.511627906976744,"dump"
636,0.502325581395349,"dump"
637,0.544186046511628,"dump"
638,0.469767441860465,"dump"
639,0.53953488372093,"dump"
640,0.497674418604651,"dump"
641,0.46046511627907,"dump"
642,0.506976744186047,"dump"
643,0.53953488372093,"dump"
644,0.497674418604651,"dump"
645,0.53953488372093,"dump"
646,0.474418604651163,"dump"
647,0.511627906976744,"dump"
648,0.53953488372093,"dump"
649,0.493023255813954,"dump"
650,0.53953488372093,"dump"
651,0.483720930232558,"dump"
652,0.497674418604651,"dump"
653,0.497674418604651,"dump"
654,0.548837209302326,"dump"
655,0.562790697674419,"dump"
656,0.534883720930233,"dump"
657,0.47906976744186,"dump"
658,0.525581395348837,"dump"
659,0.544186046511628,"dump"
660,0.474418604651163,"dump"
661,0.544186046511628,"dump"
662,0.534883720930233,"dump"
663,0.497674418604651,"dump"
664,0.52093023255814,"dump"
665,0.52093023255814,"dump"
666,0.53953488372093,"dump"
667,0.558139534883721,"dump"
668,0.474418604651163,"dump"
669,0.502325581395349,"dump"
670,0.525581395348837,"dump"
671,0.553488372093023,"dump"
672,0.441860465116279,"dump"
673,0.534883720930233,"dump"
674,0.544186046511628,"dump"
675,0.53953488372093,"dump"
676,0.483720930232558,"dump"
677,0.46046511627907,"dump"
678,0.47906976744186,"dump"
679,0.47906976744186,"dump"
680,0.511627906976744,"dump"
681,0.46046511627907,"dump"
682,0.474418604651163,"dump"
683,0.53953488372093,"dump"
684,0.506976744186047,"dump"
685,0.562790697674419,"dump"
686,0.544186046511628,"dump"
687,0.572093023255814,"dump"
688,0.52093023255814,"dump"
689,0.502325581395349,"dump"
690,0.469767441860465,"dump"
691,0.53953488372093,"dump"
692,0.511627906976744,"dump"
693,0.506976744186047,"dump"
694,0.52093023255814,"dump"
695,0.474418604651163,"dump"
696,0.493023255813954,"dump"
697,0.525581395348837,"dump"
698,0.516279069767442,"dump"
699,0.52093023255814,"dump"
700,0.53953488372093,"dump"
701,0.525581395348837,"dump"
702,0.548837209302326,"dump"
703,0.530232558139535,"dump"
704,0.488372093023256,"dump"
705,0.502325581395349,"dump"
706,0.548837209302326,"dump"
707,0.502325581395349,"dump"
708,0.497674418604651,"dump"
709,0.488372093023256,"dump"
710,0.516279069767442,"dump"
711,0.506976744186047,"dump"
712,0.465116279069767,"dump"
713,0.562790697674419,"dump"
714,0.46046511627907,"dump"
715,0.52093023255814,"dump"
716,0.493023255813954,"dump"
717,0.534883720930233,"dump"
718,0.516279069767442,"dump"
719,0.446511627906977,"dump"
720,0.516279069767442,"dump"
721,0.534883720930233,"dump"
722,0.511627906976744,"dump"
723,0.53953488372093,"dump"
724,0.506976744186047,"dump"
725,0.516279069767442,"dump"
726,0.451162790697674,"dump"
727,0.516279069767442,"dump"
728,0.497674418604651,"dump"
729,0.52093023255814,"dump"
730,0.502325581395349,"dump"
731,0.52093023255814,"dump"
732,0.511627906976744,"dump"
733,0.506976744186047,"dump"
734,0.586046511627907,"dump"
735,0.516279069767442,"dump"
736,0.474418604651163,"dump"
737,0.544186046511628,"dump"
738,0.506976744186047,"dump"
739,0.516279069767442,"dump"
740,0.562790697674419,"dump"
741,0.516279069767442,"dump"
742,0.525581395348837,"dump"
743,0.553488372093023,"dump"
744,0.441860465116279,"dump"
745,0.502325581395349,"dump"
746,0.506976744186047,"dump"
747,0.548837209302326,"dump"
748,0.516279069767442,"dump"
749,0.52093023255814,"dump"
750,0.502325581395349,"dump"
751,0.576744186046512,"dump"
752,0.474418604651163,"dump"
753,0.474418604651163,"dump"
754,0.53953488372093,"dump"
755,0.525581395348837,"dump"
756,0.534883720930233,"dump"
757,0.516279069767442,"dump"
758,0.572093023255814,"dump"
759,0.483720930232558,"dump"
760,0.502325581395349,"dump"
761,0.497674418604651,"dump"
762,0.525581395348837,"dump"
763,0.567441860465116,"dump"
764,0.502325581395349,"dump"
765,0.502325581395349,"dump"
766,0.506976744186047,"dump"
767,0.553488372093023,"dump"
768,0.530232558139535,"dump"
769,0.493023255813954,"dump"
770,0.511627906976744,"dump"
771,0.511627906976744,"dump"
772,0.502325581395349,"dump"
773,0.525581395348837,"dump"
774,0.474418604651163,"dump"
775,0.493023255813954,"dump"
776,0.581395348837209,"dump"
777,0.488372093023256,"dump"
778,0.502325581395349,"dump"
779,0.497674418604651,"dump"
780,0.506976744186047,"dump"
781,0.530232558139535,"dump"
782,0.47906976744186,"dump"
783,0.53953488372093,"dump"
784,0.544186046511628,"dump"
785,0.516279069767442,"dump"
786,0.432558139534884,"dump"
787,0.47906976744186,"dump"
788,0.465116279069767,"dump"
789,0.511627906976744,"dump"
790,0.506976744186047,"dump"
791,0.525581395348837,"dump"
792,0.497674418604651,"dump"
793,0.497674418604651,"dump"
794,0.488372093023256,"dump"
795,0.474418604651163,"dump"
796,0.441860465116279,"dump"
797,0.52093023255814,"dump"
798,0.558139534883721,"dump"
799,0.525581395348837,"dump"
800,0.567441860465116,"dump"
801,0.488372093023256,"dump"
802,0.46046511627907,"dump"
803,0.534883720930233,"dump"
804,0.511627906976744,"dump"
805,0.441860465116279,"dump"
806,0.488372093023256,"dump"
807,0.497674418604651,"dump"
808,0.451162790697674,"dump"
809,0.525581395348837,"dump"
810,0.548837209302326,"dump"
811,0.502325581395349,"dump"
812,0.548837209302326,"dump"
813,0.548837209302326,"dump"
814,0.474418604651163,"dump"
815,0.534883720930233,"dump"
816,0.525581395348837,"dump"
817,0.497674418604651,"dump"
818,0.516279069767442,"dump"
819,0.548837209302326,"dump"
820,0.493023255813954,"dump"
821,0.506976744186047,"dump"
822,0.474418604651163,"dump"
823,0.493023255813954,"dump"
824,0.506976744186047,"dump"
825,0.53953488372093,"dump"
826,0.432558139534884,"dump"
827,0.53953488372093,"dump"
828,0.562790697674419,"dump"
829,0.483720930232558,"dump"
830,0.516279069767442,"dump"
831,0.590697674418605,"dump"
832,0.506976744186047,"dump"
833,0.474418604651163,"dump"
834,0.506976744186047,"dump"
835,0.432558139534884,"dump"
836,0.553488372093023,"dump"
837,0.544186046511628,"dump"
838,0.474418604651163,"dump"
839,0.581395348837209,"dump"
840,0.530232558139535,"dump"
841,0.497674418604651,"dump"
842,0.558139534883721,"dump"
843,0.548837209302326,"dump"
844,0.544186046511628,"dump"
845,0.506976744186047,"dump"
846,0.488372093023256,"dump"
847,0.581395348837209,"dump"
848,0.516279069767442,"dump"
849,0.502325581395349,"dump"
850,0.572093023255814,"dump"
851,0.558139534883721,"dump"
852,0.516279069767442,"dump"
853,0.53953488372093,"dump"
854,0.534883720930233,"dump"
855,0.506976744186047,"dump"
856,0.511627906976744,"dump"
857,0.506976744186047,"dump"
858,0.502325581395349,"dump"
859,0.46046511627907,"dump"
860,0.493023255813954,"dump"
861,0.530232558139535,"dump"
862,0.483720930232558,"dump"
863,0.544186046511628,"dump"
864,0.506976744186047,"dump"
865,0.493023255813954,"dump"
866,0.553488372093023,"dump"
867,0.446511627906977,"dump"
868,0.558139534883721,"dump"
869,0.451162790697674,"dump"
870,0.469767441860465,"dump"
871,0.516279069767442,"dump"
872,0.497674418604651,"dump"
873,0.502325581395349,"dump"
874,0.511627906976744,"dump"
875,0.576744186046512,"dump"
876,0.6,"dump"
877,0.497674418604651,"dump"
878,0.52093023255814,"dump"
879,0.534883720930233,"dump"
880,0.581395348837209,"dump"
881,0.562790697674419,"dump"
882,0.52093023255814,"dump"
883,0.558139534883721,"dump"
884,0.46046511627907,"dump"
885,0.553488372093023,"dump"
886,0.525581395348837,"dump"
887,0.516279069767442,"dump"
888,0.465116279069767,"dump"
889,0.558139534883721,"dump"
890,0.506976744186047,"dump"
891,0.432558139534884,"dump"
892,0.493023255813954,"dump"
893,0.46046511627907,"dump"
894,0.516279069767442,"dump"
895,0.52093023255814,"dump"
896,0.465116279069767,"dump"
897,0.465116279069767,"dump"
898,0.516279069767442,"dump"
899,0.506976744186047,"dump"
900,0.572093023255814,"dump"
901,0.52093023255814,"dump"
902,0.506976744186047,"dump"
903,0.427906976744186,"dump"
904,0.502325581395349,"dump"
905,0.497674418604651,"dump"
906,0.53953488372093,"dump"
907,0.488372093023256,"dump"
908,0.525581395348837,"dump"
909,0.525581395348837,"dump"
910,0.525581395348837,"dump"
911,0.488372093023256,"dump"
912,0.497674418604651,"dump"
913,0.488372093023256,"dump"
914,0.52093023255814,"dump"
915,0.511627906976744,"dump"
916,0.483720930232558,"dump"
917,0.502325581395349,"dump"
918,0.52093023255814,"dump"
919,0.390697674418605,"dump"
920,0.553488372093023,"dump"
921,0.511627906976744,"dump"
922,0.558139534883721,"dump"
923,0.544186046511628,"dump"
924,0.511627906976744,"dump"
925,0.516279069767442,"dump"
926,0.553488372093023,"dump"
927,0.534883720930233,"dump"
928,0.47906976744186,"dump"
929,0.506976744186047,"dump"
930,0.511627906976744,"dump"
931,0.534883720930233,"dump"
932,0.46046511627907,"dump"
933,0.502325581395349,"dump"
934,0.530232558139535,"dump"
935,0.516279069767442,"dump"
936,0.474418604651163,"dump"
937,0.544186046511628,"dump"
938,0.506976744186047,"dump"
939,0.469767441860465,"dump"
940,0.525581395348837,"dump"
941,0.493023255813954,"dump"
942,0.469767441860465,"dump"
943,0.506976744186047,"dump"
944,0.52093023255814,"dump"
945,0.497674418604651,"dump"
946,0.497674418604651,"dump"
947,0.572093023255814,"dump"
948,0.488372093023256,"dump"
949,0.544186046511628,"dump"
950,0.52093023255814,"dump"
951,0.506976744186047,"dump"
952,0.553488372093023,"dump"
953,0.483720930232558,"dump"
954,0.432558139534884,"dump"
955,0.469767441860465,"dump"
956,0.493023255813954,"dump"
957,0.46046511627907,"dump"
958,0.52093023255814,"dump"
959,0.497674418604651,"dump"
960,0.525581395348837,"dump"
961,0.562790697674419,"dump"
962,0.530232558139535,"dump"
963,0.474418604651163,"dump"
964,0.451162790697674,"dump"
965,0.567441860465116,"dump"
966,0.548837209302326,"dump"
967,0.567441860465116,"dump"
968,0.469767441860465,"dump"
969,0.502325581395349,"dump"
970,0.47906976744186,"dump"
971,0.553488372093023,"dump"
972,0.493023255813954,"dump"
973,0.474418604651163,"dump"
974,0.567441860465116,"dump"
975,0.455813953488372,"dump"
976,0.47906976744186,"dump"
977,0.506976744186047,"dump"
978,0.506976744186047,"dump"
979,0.497674418604651,"dump"
980,0.511627906976744,"dump"
981,0.497674418604651,"dump"
982,0.502325581395349,"dump"
983,0.497674418604651,"dump"
984,0.511627906976744,"dump"
985,0.516279069767442,"dump"
986,0.562790697674419,"dump"
987,0.465116279069767,"dump"
988,0.488372093023256,"dump"
989,0.516279069767442,"dump"
990,0.497674418604651,"dump"
991,0.553488372093023,"dump"
992,0.558139534883721,"dump"
993,0.562790697674419,"dump"
994,0.558139534883721,"dump"
995,0.562790697674419,"dump"
996,0.548837209302326,"dump"
997,0.506976744186047,"dump"
998,0.544186046511628,"dump"
999,0.534883720930233,"dump"
1000,0.497674418604651,"dump"
1,0.534883720930233,"wt"
2,0.576744186046512,"wt"
3,0.52093023255814,"wt"
4,0.530232558139535,"wt"
5,0.558139534883721,"wt"
6,0.52093023255814,"wt"
7,0.576744186046512,"wt"
8,0.553488372093023,"wt"
9,0.53953488372093,"wt"
10,0.525581395348837,"wt"
11,0.534883720930233,"wt"
12,0.52093023255814,"wt"
13,0.586046511627907,"wt"
14,0.530232558139535,"wt"
15,0.562790697674419,"wt"
16,0.553488372093023,"wt"
17,0.548837209302326,"wt"
18,0.530232558139535,"wt"
19,0.572093023255814,"wt"
20,0.562790697674419,"wt"
21,0.502325581395349,"wt"
22,0.558139534883721,"wt"
23,0.488372093023256,"wt"
24,0.525581395348837,"wt"
25,0.548837209302326,"wt"
26,0.553488372093023,"wt"
27,0.465116279069767,"wt"
28,0.544186046511628,"wt"
29,0.53953488372093,"wt"
30,0.530232558139535,"wt"
31,0.581395348837209,"wt"
32,0.502325581395349,"wt"
33,0.558139534883721,"wt"
34,0.558139534883721,"wt"
35,0.534883720930233,"wt"
36,0.53953488372093,"wt"
37,0.534883720930233,"wt"
38,0.506976744186047,"wt"
39,0.497674418604651,"wt"
40,0.52093023255814,"wt"
41,0.511627906976744,"wt"
42,0.53953488372093,"wt"
43,0.53953488372093,"wt"
44,0.544186046511628,"wt"
45,0.497674418604651,"wt"
46,0.562790697674419,"wt"
47,0.474418604651163,"wt"
48,0.497674418604651,"wt"
49,0.465116279069767,"wt"
50,0.590697674418605,"wt"
51,0.548837209302326,"wt"
52,0.502325581395349,"wt"
53,0.544186046511628,"wt"
54,0.567441860465116,"wt"
55,0.586046511627907,"wt"
56,0.432558139534884,"wt"
57,0.516279069767442,"wt"
58,0.506976744186047,"wt"
59,0.562790697674419,"wt"
60,0.530232558139535,"wt"
61,0.497674418604651,"wt"
62,0.581395348837209,"wt"
63,0.558139534883721,"wt"
64,0.525581395348837,"wt"
65,0.576744186046512,"wt"
66,0.52093023255814,"wt"
67,0.576744186046512,"wt"
68,0.562790697674419,"wt"
69,0.544186046511628,"wt"
70,0.534883720930233,"wt"
71,0.576744186046512,"wt"
72,0.53953488372093,"wt"
73,0.446511627906977,"wt"
74,0.544186046511628,"wt"
75,0.497674418604651,"wt"
76,0.613953488372093,"wt"
77,0.558139534883721,"wt"
78,0.530232558139535,"wt"
79,0.581395348837209,"wt"
80,0.534883720930233,"wt"
81,0.530232558139535,"wt"
82,0.497674418604651,"wt"
83,0.590697674418605,"wt"
84,0.562790697674419,"wt"
85,0.530232558139535,"wt"
86,0.502325581395349,"wt"
87,0.516279069767442,"wt"
88,0.558139534883721,"wt"
89,0.511627906976744,"wt"
90,0.576744186046512,"wt"
91,0.530232558139535,"wt"
92,0.53953488372093,"wt"
93,0.516279069767442,"wt"
94,0.576744186046512,"wt"
95,0.534883720930233,"wt"
96,0.530232558139535,"wt"
97,0.502325581395349,"wt"
98,0.525581395348837,"wt"
99,0.511627906976744,"wt"
100,0.572093023255814,"wt"
101,0.553488372093023,"wt"
102,0.567441860465116,"wt"
103,0.511627906976744,"wt"
104,0.586046511627907,"wt"
105,0.534883720930233,"wt"
106,0.506976744186047,"wt"
107,0.6,"wt"
108,0.52093023255814,"wt"
109,0.562790697674419,"wt"
110,0.530232558139535,"wt"
111,0.544186046511628,"wt"
112,0.548837209302326,"wt"
113,0.567441860465116,"wt"
114,0.53953488372093,"wt"
115,0.525581395348837,"wt"
116,0.548837209302326,"wt"
117,0.581395348837209,"wt"
118,0.506976744186047,"wt"
119,0.530232558139535,"wt"
120,0.53953488372093,"wt"
121,0.544186046511628,"wt"
122,0.506976744186047,"wt"
123,0.525581395348837,"wt"
124,0.530232558139535,"wt"
125,0.502325581395349,"wt"
126,0.558139534883721,"wt"
127,0.604651162790698,"wt"
128,0.502325581395349,"wt"
129,0.567441860465116,"wt"
130,0.562790697674419,"wt"
131,0.525581395348837,"wt"
132,0.553488372093023,"wt"
133,0.544186046511628,"wt"
134,0.576744186046512,"wt"
135,0.572093023255814,"wt"
136,0.502325581395349,"wt"
137,0.497674418604651,"wt"
138,0.553488372093023,"wt"
139,0.562790697674419,"wt"
140,0.525581395348837,"wt"
141,0.534883720930233,"wt"
142,0.53953488372093,"wt"
143,0.548837209302326,"wt"
144,0.525581395348837,"wt"
145,0.572093023255814,"wt"
146,0.497674418604651,"wt"
147,0.534883720930233,"wt"
148,0.530232558139535,"wt"
149,0.572093023255814,"wt"
150,0.516279069767442,"wt"
151,0.590697674418605,"wt"
152,0.53953488372093,"wt"
153,0.525581395348837,"wt"
154,0.553488372093023,"wt"
155,0.497674418604651,"wt"
156,0.586046511627907,"wt"
157,0.590697674418605,"wt"
158,0.525581395348837,"wt"
159,0.474418604651163,"wt"
160,0.548837209302326,"wt"
161,0.53953488372093,"wt"
162,0.558139534883721,"wt"
163,0.562790697674419,"wt"
164,0.544186046511628,"wt"
165,0.544186046511628,"wt"
166,0.581395348837209,"wt"
167,0.493023255813954,"wt"
168,0.53953488372093,"wt"
169,0.534883720930233,"wt"
170,0.567441860465116,"wt"
171,0.52093023255814,"wt"
172,0.609302325581395,"wt"
173,0.525581395348837,"wt"
174,0.572093023255814,"wt"
175,0.562790697674419,"wt"
176,0.516279069767442,"wt"
177,0.548837209302326,"wt"
178,0.530232558139535,"wt"
179,0.525581395348837,"wt"
180,0.572093023255814,"wt"
181,0.525581395348837,"wt"
182,0.506976744186047,"wt"
183,0.544186046511628,"wt"
184,0.544186046511628,"wt"
185,0.572093023255814,"wt"
186,0.562790697674419,"wt"
187,0.586046511627907,"wt"
188,0.553488372093023,"wt"
189,0.562790697674419,"wt"
190,0.502325581395349,"wt"
191,0.534883720930233,"wt"
192,0.525581395348837,"wt"
193,0.604651162790698,"wt"
194,0.553488372093023,"wt"
195,0.558139534883721,"wt"
196,0.497674418604651,"wt"
197,0.525581395348837,"wt"
198,0.548837209302326,"wt"
199,0.572093023255814,"wt"
200,0.544186046511628,"wt"
201,0.562790697674419,"wt"
202,0.52093023255814,"wt"
203,0.530232558139535,"wt"
204,0.53953488372093,"wt"
205,0.53953488372093,"wt"
206,0.553488372093023,"wt"
207,0.502325581395349,"wt"
208,0.544186046511628,"wt"
209,0.497674418604651,"wt"
210,0.548837209302326,"wt"
211,0.506976744186047,"wt"
212,0.558139534883721,"wt"
213,0.465116279069767,"wt"
214,0.53953488372093,"wt"
215,0.595348837209302,"wt"
216,0.530232558139535,"wt"
217,0.544186046511628,"wt"
218,0.455813953488372,"wt"
219,0.53953488372093,"wt"
220,0.548837209302326,"wt"
221,0.52093023255814,"wt"
222,0.534883720930233,"wt"
223,0.488372093023256,"wt"
224,0.534883720930233,"wt"
225,0.506976744186047,"wt"
226,0.488372093023256,"wt"
227,0.502325581395349,"wt"
228,0.525581395348837,"wt"
229,0.506976744186047,"wt"
230,0.47906976744186,"wt"
231,0.53953488372093,"wt"
232,0.516279069767442,"wt"
233,0.53953488372093,"wt"
234,0.534883720930233,"wt"
235,0.525581395348837,"wt"
236,0.586046511627907,"wt"
237,0.516279069767442,"wt"
238,0.562790697674419,"wt"
239,0.576744186046512,"wt"
240,0.474418604651163,"wt"
241,0.590697674418605,"wt"
242,0.562790697674419,"wt"
243,0.516279069767442,"wt"
244,0.511627906976744,"wt"
245,0.534883720930233,"wt"
246,0.502325581395349,"wt"
247,0.52093023255814,"wt"
248,0.516279069767442,"wt"
249,0.595348837209302,"wt"
250,0.581395348837209,"wt"
251,0.530232558139535,"wt"
252,0.6,"wt"
253,0.502325581395349,"wt"
254,0.488372093023256,"wt"
255,0.553488372093023,"wt"
256,0.497674418604651,"wt"
257,0.544186046511628,"wt"
258,0.497674418604651,"wt"
259,0.558139534883721,"wt"
260,0.553488372093023,"wt"
261,0.553488372093023,"wt"
262,0.530232558139535,"wt"
263,0.53953488372093,"wt"
264,0.530232558139535,"wt"
265,0.581395348837209,"wt"
266,0.534883720930233,"wt"
267,0.576744186046512,"wt"
268,0.558139534883721,"wt"
269,0.483720930232558,"wt"
270,0.511627906976744,"wt"
271,0.553488372093023,"wt"
272,0.488372093023256,"wt"
273,0.553488372093023,"wt"
274,0.530232558139535,"wt"
275,0.548837209302326,"wt"
276,0.53953488372093,"wt"
277,0.465116279069767,"wt"
278,0.506976744186047,"wt"
279,0.53953488372093,"wt"
280,0.530232558139535,"wt"
281,0.558139534883721,"wt"
282,0.52093023255814,"wt"
283,0.562790697674419,"wt"
284,0.488372093023256,"wt"
285,0.548837209302326,"wt"
286,0.516279069767442,"wt"
287,0.516279069767442,"wt"
288,0.52093023255814,"wt"
289,0.483720930232558,"wt"
290,0.53953488372093,"wt"
291,0.534883720930233,"wt"
292,0.581395348837209,"wt"
293,0.465116279069767,"wt"
294,0.530232558139535,"wt"
295,0.562790697674419,"wt"
296,0.530232558139535,"wt"
297,0.534883720930233,"wt"
298,0.586046511627907,"wt"
299,0.544186046511628,"wt"
300,0.525581395348837,"wt"
301,0.562790697674419,"wt"
302,0.609302325581395,"wt"
303,0.483720930232558,"wt"
304,0.483720930232558,"wt"
305,0.6,"wt"
306,0.544186046511628,"wt"
307,0.534883720930233,"wt"
308,0.567441860465116,"wt"
309,0.506976744186047,"wt"
310,0.590697674418605,"wt"
311,0.581395348837209,"wt"
312,0.544186046511628,"wt"
313,0.572093023255814,"wt"
314,0.586046511627907,"wt"
315,0.558139534883721,"wt"
316,0.506976744186047,"wt"
317,0.553488372093023,"wt"
318,0.572093023255814,"wt"
319,0.488372093023256,"wt"
320,0.53953488372093,"wt"
321,0.47906976744186,"wt"
322,0.502325581395349,"wt"
323,0.469767441860465,"wt"
324,0.497674418604651,"wt"
325,0.609302325581395,"wt"
326,0.548837209302326,"wt"
327,0.572093023255814,"wt"
328,0.567441860465116,"wt"
329,0.609302325581395,"wt"
330,0.534883720930233,"wt"
331,0.52093023255814,"wt"
332,0.52093023255814,"wt"
333,0.572093023255814,"wt"
334,0.516279069767442,"wt"
335,0.488372093023256,"wt"
336,0.544186046511628,"wt"
337,0.544186046511628,"wt"
338,0.534883720930233,"wt"
339,0.548837209302326,"wt"
340,0.525581395348837,"wt"
341,0.52093023255814,"wt"
342,0.590697674418605,"wt"
343,0.548837209302326,"wt"
344,0.493023255813954,"wt"
345,0.53953488372093,"wt"
346,0.613953488372093,"wt"
347,0.502325581395349,"wt"
348,0.534883720930233,"wt"
349,0.576744186046512,"wt"
350,0.516279069767442,"wt"
351,0.53953488372093,"wt"
352,0.534883720930233,"wt"
353,0.553488372093023,"wt"
354,0.534883720930233,"wt"
355,0.548837209302326,"wt"
356,0.544186046511628,"wt"
357,0.52093023255814,"wt"
358,0.53953488372093,"wt"
359,0.548837209302326,"wt"
360,0.553488372093023,"wt"
361,0.586046511627907,"wt"
362,0.627906976744186,"wt"
363,0.558139534883721,"wt"
364,0.530232558139535,"wt"
365,0.581395348837209,"wt"
366,0.502325581395349,"wt"
367,0.534883720930233,"wt"
368,0.511627906976744,"wt"
369,0.534883720930233,"wt"
370,0.567441860465116,"wt"
371,0.516279069767442,"wt"
372,0.493023255813954,"wt"
373,0.465116279069767,"wt"
374,0.53953488372093,"wt"
375,0.516279069767442,"wt"
376,0.553488372093023,"wt"
377,0.553488372093023,"wt"
378,0.502325581395349,"wt"
379,0.52093023255814,"wt"
380,0.465116279069767,"wt"
381,0.53953488372093,"wt"
382,0.530232558139535,"wt"
383,0.506976744186047,"wt"
384,0.516279069767442,"wt"
385,0.6,"wt"
386,0.52093023255814,"wt"
387,0.525581395348837,"wt"
388,0.525581395348837,"wt"
389,0.572093023255814,"wt"
390,0.530232558139535,"wt"
391,0.553488372093023,"wt"
392,0.548837209302326,"wt"
393,0.544186046511628,"wt"
394,0.52093023255814,"wt"
395,0.609302325581395,"wt"
396,0.558139534883721,"wt"
397,0.562790697674419,"wt"
398,0.562790697674419,"wt"
399,0.502325581395349,"wt"
400,0.534883720930233,"wt"
401,0.576744186046512,"wt"
402,0.47906976744186,"wt"
403,0.534883720930233,"wt"
404,0.595348837209302,"wt"
405,0.52093023255814,"wt"
406,0.52093023255814,"wt"
407,0.544186046511628,"wt"
408,0.590697674418605,"wt"
409,0.506976744186047,"wt"
410,0.548837209302326,"wt"
411,0.506976744186047,"wt"
412,0.581395348837209,"wt"
413,0.469767441860465,"wt"
414,0.53953488372093,"wt"
415,0.497674418604651,"wt"
416,0.511627906976744,"wt"
417,0.558139534883721,"wt"
418,0.52093023255814,"wt"
419,0.562790697674419,"wt"
420,0.53953488372093,"wt"
421,0.553488372093023,"wt"
422,0.548837209302326,"wt"
423,0.53953488372093,"wt"
424,0.534883720930233,"wt"
425,0.530232558139535,"wt"
426,0.497674418604651,"wt"
427,0.474418604651163,"wt"
428,0.530232558139535,"wt"
429,0.586046511627907,"wt"
430,0.544186046511628,"wt"
431,0.511627906976744,"wt"
432,0.562790697674419,"wt"
433,0.493023255813954,"wt"
434,0.562790697674419,"wt"
435,0.53953488372093,"wt"
436,0.562790697674419,"wt"
437,0.525581395348837,"wt"
438,0.483720930232558,"wt"
439,0.544186046511628,"wt"
440,0.483720930232558,"wt"
441,0.553488372093023,"wt"
442,0.576744186046512,"wt"
443,0.562790697674419,"wt"
444,0.511627906976744,"wt"
445,0.562790697674419,"wt"
446,0.553488372093023,"wt"
447,0.525581395348837,"wt"
448,0.562790697674419,"wt"
449,0.558139534883721,"wt"
450,0.544186046511628,"wt"
451,0.558139534883721,"wt"
452,0.544186046511628,"wt"
453,0.567441860465116,"wt"
454,0.483720930232558,"wt"
455,0.52093023255814,"wt"
456,0.511627906976744,"wt"
457,0.544186046511628,"wt"
458,0.6,"wt"
459,0.553488372093023,"wt"
460,0.52093023255814,"wt"
461,0.497674418604651,"wt"
462,0.576744186046512,"wt"
463,0.548837209302326,"wt"
464,0.548837209302326,"wt"
465,0.548837209302326,"wt"
466,0.52093023255814,"wt"
467,0.609302325581395,"wt"
468,0.581395348837209,"wt"
469,0.567441860465116,"wt"
470,0.502325581395349,"wt"
471,0.502325581395349,"wt"
472,0.553488372093023,"wt"
473,0.525581395348837,"wt"
474,0.469767441860465,"wt"
475,0.604651162790698,"wt"
476,0.562790697674419,"wt"
477,0.530232558139535,"wt"
478,0.497674418604651,"wt"
479,0.586046511627907,"wt"
480,0.530232558139535,"wt"
481,0.567441860465116,"wt"
482,0.516279069767442,"wt"
483,0.493023255813954,"wt"
484,0.590697674418605,"wt"
485,0.548837209302326,"wt"
486,0.53953488372093,"wt"
487,0.53953488372093,"wt"
488,0.544186046511628,"wt"
489,0.53953488372093,"wt"
490,0.497674418604651,"wt"
491,0.544186046511628,"wt"
492,0.548837209302326,"wt"
493,0.483720930232558,"wt"
494,0.562790697674419,"wt"
495,0.544186046511628,"wt"
496,0.544186046511628,"wt"
497,0.525581395348837,"wt"
498,0.530232558139535,"wt"
499,0.572093023255814,"wt"
500,0.553488372093023,"wt"
501,0.53953488372093,"wt"
502,0.544186046511628,"wt"
503,0.595348837209302,"wt"
504,0.52093023255814,"wt"
505,0.576744186046512,"wt"
506,0.53953488372093,"wt"
507,0.465116279069767,"wt"
508,0.553488372093023,"wt"
509,0.558139534883721,"wt"
510,0.567441860465116,"wt"
511,0.576744186046512,"wt"
512,0.576744186046512,"wt"
513,0.544186046511628,"wt"
514,0.544186046511628,"wt"
515,0.604651162790698,"wt"
516,0.525581395348837,"wt"
517,0.623255813953488,"wt"
518,0.553488372093023,"wt"
519,0.562790697674419,"wt"
520,0.548837209302326,"wt"
521,0.525581395348837,"wt"
522,0.586046511627907,"wt"
523,0.534883720930233,"wt"
524,0.483720930232558,"wt"
525,0.502325581395349,"wt"
526,0.516279069767442,"wt"
527,0.572093023255814,"wt"
528,0.544186046511628,"wt"
529,0.502325581395349,"wt"
530,0.534883720930233,"wt"
531,0.562790697674419,"wt"
532,0.544186046511628,"wt"
533,0.534883720930233,"wt"
534,0.595348837209302,"wt"
535,0.530232558139535,"wt"
536,0.530232558139535,"wt"
537,0.53953488372093,"wt"
538,0.581395348837209,"wt"
539,0.506976744186047,"wt"
540,0.586046511627907,"wt"
541,0.544186046511628,"wt"
542,0.572093023255814,"wt"
543,0.581395348837209,"wt"
544,0.609302325581395,"wt"
545,0.530232558139535,"wt"
546,0.590697674418605,"wt"
547,0.53953488372093,"wt"
548,0.488372093023256,"wt"
549,0.534883720930233,"wt"
550,0.572093023255814,"wt"
551,0.558139534883721,"wt"
552,0.586046511627907,"wt"
553,0.544186046511628,"wt"
554,0.604651162790698,"wt"
555,0.553488372093023,"wt"
556,0.493023255813954,"wt"
557,0.562790697674419,"wt"
558,0.586046511627907,"wt"
559,0.567441860465116,"wt"
560,0.548837209302326,"wt"
561,0.497674418604651,"wt"
562,0.553488372093023,"wt"
563,0.488372093023256,"wt"
564,0.567441860465116,"wt"
565,0.525581395348837,"wt"
566,0.534883720930233,"wt"
567,0.544186046511628,"wt"
568,0.558139534883721,"wt"
569,0.516279069767442,"wt"
570,0.525581395348837,"wt"
571,0.567441860465116,"wt"
572,0.525581395348837,"wt"
573,0.544186046511628,"wt"
574,0.530232558139535,"wt"
575,0.548837209302326,"wt"
576,0.567441860465116,"wt"
577,0.474418604651163,"wt"
578,0.530232558139535,"wt"
579,0.562790697674419,"wt"
580,0.52093023255814,"wt"
581,0.506976744186047,"wt"
582,0.576744186046512,"wt"
583,0.558139534883721,"wt"
584,0.609302325581395,"wt"
585,0.52093023255814,"wt"
586,0.548837209302326,"wt"
587,0.572093023255814,"wt"
588,0.544186046511628,"wt"
589,0.502325581395349,"wt"
590,0.530232558139535,"wt"
591,0.562790697674419,"wt"
592,0.562790697674419,"wt"
593,0.544186046511628,"wt"
594,0.548837209302326,"wt"
595,0.511627906976744,"wt"
596,0.53953488372093,"wt"
597,0.581395348837209,"wt"
598,0.530232558139535,"wt"
599,0.544186046511628,"wt"
600,0.595348837209302,"wt"
601,0.576744186046512,"wt"
602,0.497674418604651,"wt"
603,0.562790697674419,"wt"
604,0.53953488372093,"wt"
605,0.567441860465116,"wt"
606,0.525581395348837,"wt"
607,0.548837209302326,"wt"
608,0.488372093023256,"wt"
609,0.567441860465116,"wt"
610,0.530232558139535,"wt"
611,0.52093023255814,"wt"
612,0.567441860465116,"wt"
613,0.506976744186047,"wt"
614,0.474418604651163,"wt"
615,0.441860465116279,"wt"
616,0.53953488372093,"wt"
617,0.567441860465116,"wt"
618,0.548837209302326,"wt"
619,0.581395348837209,"wt"
620,0.581395348837209,"wt"
621,0.511627906976744,"wt"
622,0.52093023255814,"wt"
623,0.53953488372093,"wt"
624,0.516279069767442,"wt"
625,0.525581395348837,"wt"
626,0.567441860465116,"wt"
627,0.572093023255814,"wt"
628,0.511627906976744,"wt"
629,0.465116279069767,"wt"
630,0.465116279069767,"wt"
631,0.488372093023256,"wt"
632,0.567441860465116,"wt"
633,0.553488372093023,"wt"
634,0.586046511627907,"wt"
635,0.651162790697674,"wt"
636,0.576744186046512,"wt"
637,0.567441860465116,"wt"
638,0.53953488372093,"wt"
639,0.548837209302326,"wt"
640,0.534883720930233,"wt"
641,0.506976744186047,"wt"
642,0.493023255813954,"wt"
643,0.590697674418605,"wt"
644,0.534883720930233,"wt"
645,0.525581395348837,"wt"
646,0.525581395348837,"wt"
647,0.488372093023256,"wt"
648,0.567441860465116,"wt"
649,0.544186046511628,"wt"
650,0.544186046511628,"wt"
651,0.534883720930233,"wt"
652,0.47906976744186,"wt"
653,0.534883720930233,"wt"
654,0.530232558139535,"wt"
655,0.586046511627907,"wt"
656,0.553488372093023,"wt"
657,0.558139534883721,"wt"
658,0.488372093023256,"wt"
659,0.530232558139535,"wt"
660,0.530232558139535,"wt"
661,0.52093023255814,"wt"
662,0.562790697674419,"wt"
663,0.567441860465116,"wt"
664,0.497674418604651,"wt"
665,0.52093023255814,"wt"
666,0.52093023255814,"wt"
667,0.567441860465116,"wt"
668,0.576744186046512,"wt"
669,0.558139534883721,"wt"
670,0.53953488372093,"wt"
671,0.502325581395349,"wt"
672,0.548837209302326,"wt"
673,0.511627906976744,"wt"
674,0.488372093023256,"wt"
675,0.53953488372093,"wt"
676,0.525581395348837,"wt"
677,0.576744186046512,"wt"
678,0.534883720930233,"wt"
679,0.586046511627907,"wt"
680,0.548837209302326,"wt"
681,0.53953488372093,"wt"
682,0.493023255813954,"wt"
683,0.576744186046512,"wt"
684,0.586046511627907,"wt"
685,0.493023255813954,"wt"
686,0.558139534883721,"wt"
687,0.511627906976744,"wt"
688,0.511627906976744,"wt"
689,0.544186046511628,"wt"
690,0.581395348837209,"wt"
691,0.525581395348837,"wt"
692,0.544186046511628,"wt"
693,0.544186046511628,"wt"
694,0.511627906976744,"wt"
695,0.530232558139535,"wt"
696,0.506976744186047,"wt"
697,0.576744186046512,"wt"
698,0.516279069767442,"wt"
699,0.493023255813954,"wt"
700,0.516279069767442,"wt"
701,0.502325581395349,"wt"
702,0.52093023255814,"wt"
703,0.562790697674419,"wt"
704,0.506976744186047,"wt"
705,0.530232558139535,"wt"
706,0.53953488372093,"wt"
707,0.52093023255814,"wt"
708,0.576744186046512,"wt"
709,0.567441860465116,"wt"
710,0.53953488372093,"wt"
711,0.572093023255814,"wt"
712,0.544186046511628,"wt"
713,0.497674418604651,"wt"
714,0.53953488372093,"wt"
715,0.53953488372093,"wt"
716,0.548837209302326,"wt"
717,0.623255813953488,"wt"
718,0.488372093023256,"wt"
719,0.511627906976744,"wt"
720,0.6,"wt"
721,0.572093023255814,"wt"
722,0.544186046511628,"wt"
723,0.572093023255814,"wt"
724,0.544186046511628,"wt"
725,0.567441860465116,"wt"
726,0.548837209302326,"wt"
727,0.506976744186047,"wt"
728,0.53953488372093,"wt"
729,0.516279069767442,"wt"
730,0.544186046511628,"wt"
731,0.497674418604651,"wt"
732,0.516279069767442,"wt"
733,0.506976744186047,"wt"
734,0.562790697674419,"wt"
735,0.530232558139535,"wt"
736,0.567441860465116,"wt"
737,0.553488372093023,"wt"
738,0.562790697674419,"wt"
739,0.502325581395349,"wt"
740,0.562790697674419,"wt"
741,0.506976744186047,"wt"
742,0.53953488372093,"wt"
743,0.586046511627907,"wt"
744,0.558139534883721,"wt"
745,0.613953488372093,"wt"
746,0.53953488372093,"wt"
747,0.53953488372093,"wt"
748,0.586046511627907,"wt"
749,0.572093023255814,"wt"
750,0.488372093023256,"wt"
751,0.525581395348837,"wt"
752,0.590697674418605,"wt"
753,0.516279069767442,"wt"
754,0.548837209302326,"wt"
755,0.53953488372093,"wt"
756,0.469767441860465,"wt"
757,0.553488372093023,"wt"
758,0.553488372093023,"wt"
759,0.53953488372093,"wt"
760,0.525581395348837,"wt"
761,0.562790697674419,"wt"
762,0.576744186046512,"wt"
763,0.493023255813954,"wt"
764,0.525581395348837,"wt"
765,0.483720930232558,"wt"
766,0.6,"wt"
767,0.534883720930233,"wt"
768,0.506976744186047,"wt"
769,0.530232558139535,"wt"
770,0.530232558139535,"wt"
771,0.534883720930233,"wt"
772,0.525581395348837,"wt"
773,0.544186046511628,"wt"
774,0.581395348837209,"wt"
775,0.516279069767442,"wt"
776,0.52093023255814,"wt"
777,0.548837209302326,"wt"
778,0.493023255813954,"wt"
779,0.511627906976744,"wt"
780,0.558139534883721,"wt"
781,0.544186046511628,"wt"
782,0.525581395348837,"wt"
783,0.511627906976744,"wt"
784,0.562790697674419,"wt"
785,0.52093023255814,"wt"
786,0.53953488372093,"wt"
787,0.52093023255814,"wt"
788,0.53953488372093,"wt"
789,0.502325581395349,"wt"
790,0.548837209302326,"wt"
791,0.525581395348837,"wt"
792,0.525581395348837,"wt"
793,0.572093023255814,"wt"
794,0.525581395348837,"wt"
795,0.576744186046512,"wt"
796,0.567441860465116,"wt"
797,0.632558139534884,"wt"
798,0.502325581395349,"wt"
799,0.548837209302326,"wt"
800,0.53953488372093,"wt"
801,0.530232558139535,"wt"
802,0.465116279069767,"wt"
803,0.623255813953488,"wt"
804,0.465116279069767,"wt"
805,0.558139534883721,"wt"
806,0.553488372093023,"wt"
807,0.548837209302326,"wt"
808,0.511627906976744,"wt"
809,0.576744186046512,"wt"
810,0.595348837209302,"wt"
811,0.544186046511628,"wt"
812,0.534883720930233,"wt"
813,0.581395348837209,"wt"
814,0.572093023255814,"wt"
815,0.516279069767442,"wt"
816,0.53953488372093,"wt"
817,0.544186046511628,"wt"
818,0.548837209302326,"wt"
819,0.567441860465116,"wt"
820,0.493023255813954,"wt"
821,0.590697674418605,"wt"
822,0.534883720930233,"wt"
823,0.525581395348837,"wt"
824,0.572093023255814,"wt"
825,0.483720930232558,"wt"
826,0.525581395348837,"wt"
827,0.530232558139535,"wt"
828,0.572093023255814,"wt"
829,0.525581395348837,"wt"
830,0.558139534883721,"wt"
831,0.525581395348837,"wt"
832,0.544186046511628,"wt"
833,0.530232558139535,"wt"
834,0.525581395348837,"wt"
835,0.567441860465116,"wt"
836,0.576744186046512,"wt"
837,0.553488372093023,"wt"
838,0.558139534883721,"wt"
839,0.544186046511628,"wt"
840,0.544186046511628,"wt"
841,0.511627906976744,"wt"
842,0.53953488372093,"wt"
843,0.558139534883721,"wt"
844,0.553488372093023,"wt"
845,0.558139534883721,"wt"
846,0.609302325581395,"wt"
847,0.474418604651163,"wt"
848,0.451162790697674,"wt"
849,0.572093023255814,"wt"
850,0.562790697674419,"wt"
851,0.562790697674419,"wt"
852,0.553488372093023,"wt"
853,0.52093023255814,"wt"
854,0.534883720930233,"wt"
855,0.544186046511628,"wt"
856,0.506976744186047,"wt"
857,0.530232558139535,"wt"
858,0.562790697674419,"wt"
859,0.544186046511628,"wt"
860,0.516279069767442,"wt"
861,0.53953488372093,"wt"
862,0.534883720930233,"wt"
863,0.525581395348837,"wt"
864,0.558139534883721,"wt"
865,0.530232558139535,"wt"
866,0.567441860465116,"wt"
867,0.525581395348837,"wt"
868,0.534883720930233,"wt"
869,0.586046511627907,"wt"
870,0.53953488372093,"wt"
871,0.46046511627907,"wt"
872,0.558139534883721,"wt"
873,0.544186046511628,"wt"
874,0.465116279069767,"wt"
875,0.576744186046512,"wt"
876,0.502325581395349,"wt"
877,0.544186046511628,"wt"
878,0.516279069767442,"wt"
879,0.525581395348837,"wt"
880,0.567441860465116,"wt"
881,0.502325581395349,"wt"
882,0.53953488372093,"wt"
883,0.511627906976744,"wt"
884,0.493023255813954,"wt"
885,0.567441860465116,"wt"
886,0.53953488372093,"wt"
887,0.534883720930233,"wt"
888,0.595348837209302,"wt"
889,0.6,"wt"
890,0.581395348837209,"wt"
891,0.558139534883721,"wt"
892,0.590697674418605,"wt"
893,0.52093023255814,"wt"
894,0.567441860465116,"wt"
895,0.530232558139535,"wt"
896,0.553488372093023,"wt"
897,0.558139534883721,"wt"
898,0.530232558139535,"wt"
899,0.548837209302326,"wt"
900,0.506976744186047,"wt"
901,0.544186046511628,"wt"
902,0.553488372093023,"wt"
903,0.511627906976744,"wt"
904,0.544186046511628,"wt"
905,0.52093023255814,"wt"
906,0.553488372093023,"wt"
907,0.567441860465116,"wt"
908,0.567441860465116,"wt"
909,0.511627906976744,"wt"
910,0.613953488372093,"wt"
911,0.506976744186047,"wt"
912,0.52093023255814,"wt"
913,0.590697674418605,"wt"
914,0.572093023255814,"wt"
915,0.469767441860465,"wt"
916,0.562790697674419,"wt"
917,0.516279069767442,"wt"
918,0.576744186046512,"wt"
919,0.548837209302326,"wt"
920,0.586046511627907,"wt"
921,0.530232558139535,"wt"
922,0.525581395348837,"wt"
923,0.562790697674419,"wt"
924,0.534883720930233,"wt"
925,0.53953488372093,"wt"
926,0.6,"wt"
927,0.52093023255814,"wt"
928,0.572093023255814,"wt"
929,0.53953488372093,"wt"
930,0.553488372093023,"wt"
931,0.595348837209302,"wt"
932,0.506976744186047,"wt"
933,0.525581395348837,"wt"
934,0.497674418604651,"wt"
935,0.506976744186047,"wt"
936,0.548837209302326,"wt"
937,0.502325581395349,"wt"
938,0.53953488372093,"wt"
939,0.576744186046512,"wt"
940,0.595348837209302,"wt"
941,0.534883720930233,"wt"
942,0.590697674418605,"wt"
943,0.544186046511628,"wt"
944,0.558139534883721,"wt"
945,0.548837209302326,"wt"
946,0.483720930232558,"wt"
947,0.548837209302326,"wt"
948,0.52093023255814,"wt"
949,0.572093023255814,"wt"
950,0.488372093023256,"wt"
951,0.534883720930233,"wt"
952,0.553488372093023,"wt"
953,0.497674418604651,"wt"
954,0.52093023255814,"wt"
955,0.558139534883721,"wt"
956,0.553488372093023,"wt"
957,0.581395348837209,"wt"
958,0.576744186046512,"wt"
959,0.548837209302326,"wt"
960,0.572093023255814,"wt"
961,0.493023255813954,"wt"
962,0.506976744186047,"wt"
963,0.483720930232558,"wt"
964,0.497674418604651,"wt"
965,0.586046511627907,"wt"
966,0.544186046511628,"wt"
967,0.52093023255814,"wt"
968,0.516279069767442,"wt"
969,0.562790697674419,"wt"
970,0.53953488372093,"wt"
971,0.511627906976744,"wt"
972,0.590697674418605,"wt"
973,0.506976744186047,"wt"
974,0.576744186046512,"wt"
975,0.553488372093023,"wt"
976,0.558139534883721,"wt"
977,0.567441860465116,"wt"
978,0.567441860465116,"wt"
979,0.497674418604651,"wt"
980,0.572093023255814,"wt"
981,0.548837209302326,"wt"
982,0.502325581395349,"wt"
983,0.53953488372093,"wt"
984,0.548837209302326,"wt"
985,0.548837209302326,"wt"
986,0.590697674418605,"wt"
987,0.595348837209302,"wt"
988,0.632558139534884,"wt"
989,0.534883720930233,"wt"
990,0.516279069767442,"wt"
991,0.586046511627907,"wt"
992,0.534883720930233,"wt"
993,0.506976744186047,"wt"
994,0.562790697674419,"wt"
995,0.572093023255814,"wt"
996,0.53953488372093,"wt"
997,0.530232558139535,"wt"
998,0.469767441860465,"wt"
999,0.469767441860465,"wt"
1000,0.511627906976744,"wt"
