"X","mitoType","freq","placeholder"
0,"DUMP+",74.5762711864407,"X"
1,"DUMP-",25.4237288135593,"X"
2,"DUMP+",68.135593220339,"X"
3,"DUMP-",31.864406779661,"X"
4,"DUMP+",69.8305084745763,"X"
5,"DUMP-",30.1694915254237,"X"
6,"DUMP+",72.5423728813559,"X"
7,"DUMP-",27.4576271186441,"X"
8,"DUMP+",64.0677966101695,"X"
9,"DUMP-",35.9322033898305,"X"
10,"DUMP+",72.2033898305085,"X"
11,"DUMP-",27.7966101694915,"X"
12,"DUMP+",68.4745762711864,"X"
13,"DUMP-",31.5254237288136,"X"
14,"DUMP+",66.4406779661017,"X"
15,"DUMP-",33.5593220338983,"X"
16,"DUMP+",68.4745762711864,"X"
17,"DUMP-",31.5254237288136,"X"
18,"DUMP+",73.2203389830509,"X"
19,"DUMP-",26.7796610169492,"X"
20,"DUMP+",69.4915254237288,"X"
21,"DUMP-",30.5084745762712,"X"
22,"DUMP+",70.5084745762712,"X"
23,"DUMP-",29.4915254237288,"X"
24,"DUMP+",73.2203389830509,"X"
25,"DUMP-",26.7796610169492,"X"
26,"DUMP+",70.1694915254237,"X"
27,"DUMP-",29.8305084745763,"X"
28,"DUMP+",71.1864406779661,"X"
29,"DUMP-",28.8135593220339,"X"
30,"DUMP+",70.8474576271186,"X"
31,"DUMP-",29.1525423728814,"X"
32,"DUMP+",70.8474576271186,"X"
33,"DUMP-",29.1525423728814,"X"
34,"DUMP+",73.2203389830509,"X"
35,"DUMP-",26.7796610169492,"X"
36,"DUMP+",77.2881355932203,"X"
37,"DUMP-",22.7118644067797,"X"
38,"DUMP+",72.5423728813559,"X"
39,"DUMP-",27.4576271186441,"X"
40,"DUMP+",75.2542372881356,"X"
41,"DUMP-",24.7457627118644,"X"
42,"DUMP+",72.2033898305085,"X"
43,"DUMP-",27.7966101694915,"X"
44,"DUMP+",64.4067796610169,"X"
45,"DUMP-",35.5932203389831,"X"
46,"DUMP+",74.9152542372881,"X"
47,"DUMP-",25.0847457627119,"X"
48,"DUMP+",71.5254237288136,"X"
49,"DUMP-",28.4745762711864,"X"
50,"DUMP+",73.5593220338983,"X"
51,"DUMP-",26.4406779661017,"X"
52,"DUMP+",67.1186440677966,"X"
53,"DUMP-",32.8813559322034,"X"
54,"DUMP+",71.864406779661,"X"
55,"DUMP-",28.135593220339,"X"
56,"DUMP+",76.6101694915254,"X"
57,"DUMP-",23.3898305084746,"X"
58,"DUMP+",74.9152542372881,"X"
59,"DUMP-",25.0847457627119,"X"
60,"DUMP+",71.864406779661,"X"
61,"DUMP-",28.135593220339,"X"
62,"DUMP+",76.6101694915254,"X"
63,"DUMP-",23.3898305084746,"X"
64,"DUMP+",74.2372881355932,"X"
65,"DUMP-",25.7627118644068,"X"
66,"DUMP+",72.5423728813559,"X"
67,"DUMP-",27.4576271186441,"X"
68,"DUMP+",70.5084745762712,"X"
69,"DUMP-",29.4915254237288,"X"
70,"DUMP+",73.2203389830509,"X"
71,"DUMP-",26.7796610169492,"X"
72,"DUMP+",67.4576271186441,"X"
73,"DUMP-",32.5423728813559,"X"
74,"DUMP+",68.135593220339,"X"
75,"DUMP-",31.864406779661,"X"
76,"DUMP+",72.2033898305085,"X"
77,"DUMP-",27.7966101694915,"X"
78,"DUMP+",72.8813559322034,"X"
79,"DUMP-",27.1186440677966,"X"
80,"DUMP+",70.8474576271186,"X"
81,"DUMP-",29.1525423728814,"X"
82,"DUMP+",70.8474576271186,"X"
83,"DUMP-",29.1525423728814,"X"
84,"DUMP+",71.5254237288136,"X"
85,"DUMP-",28.4745762711864,"X"
86,"DUMP+",67.7966101694915,"X"
87,"DUMP-",32.2033898305085,"X"
88,"DUMP+",75.9322033898305,"X"
89,"DUMP-",24.0677966101695,"X"
90,"DUMP+",71.864406779661,"X"
91,"DUMP-",28.135593220339,"X"
92,"DUMP+",70.8474576271186,"X"
93,"DUMP-",29.1525423728814,"X"
94,"DUMP+",69.1525423728814,"X"
95,"DUMP-",30.8474576271186,"X"
96,"DUMP+",73.5593220338983,"X"
97,"DUMP-",26.4406779661017,"X"
98,"DUMP+",69.8305084745763,"X"
99,"DUMP-",30.1694915254237,"X"
100,"DUMP+",71.5254237288136,"X"
101,"DUMP-",28.4745762711864,"X"
102,"DUMP+",66.7796610169491,"X"
103,"DUMP-",33.2203389830508,"X"
104,"DUMP+",71.864406779661,"X"
105,"DUMP-",28.135593220339,"X"
106,"DUMP+",74.9152542372881,"X"
107,"DUMP-",25.0847457627119,"X"
108,"DUMP+",71.5254237288136,"X"
109,"DUMP-",28.4745762711864,"X"
110,"DUMP+",67.7966101694915,"X"
111,"DUMP-",32.2033898305085,"X"
112,"DUMP+",71.5254237288136,"X"
113,"DUMP-",28.4745762711864,"X"
114,"DUMP+",66.7796610169491,"X"
115,"DUMP-",33.2203389830508,"X"
116,"DUMP+",70.1694915254237,"X"
117,"DUMP-",29.8305084745763,"X"
118,"DUMP+",72.2033898305085,"X"
119,"DUMP-",27.7966101694915,"X"
120,"DUMP+",70.8474576271186,"X"
121,"DUMP-",29.1525423728814,"X"
122,"DUMP+",72.5423728813559,"X"
123,"DUMP-",27.4576271186441,"X"
124,"DUMP+",64.7457627118644,"X"
125,"DUMP-",35.2542372881356,"X"
126,"DUMP+",73.5593220338983,"X"
127,"DUMP-",26.4406779661017,"X"
128,"DUMP+",76.6101694915254,"X"
129,"DUMP-",23.3898305084746,"X"
130,"DUMP+",72.8813559322034,"X"
131,"DUMP-",27.1186440677966,"X"
132,"DUMP+",74.2372881355932,"X"
133,"DUMP-",25.7627118644068,"X"
134,"DUMP+",68.135593220339,"X"
135,"DUMP-",31.864406779661,"X"
136,"DUMP+",71.5254237288136,"X"
137,"DUMP-",28.4745762711864,"X"
138,"DUMP+",78.6440677966102,"X"
139,"DUMP-",21.3559322033898,"X"
140,"DUMP+",67.1186440677966,"X"
141,"DUMP-",32.8813559322034,"X"
142,"DUMP+",67.1186440677966,"X"
143,"DUMP-",32.8813559322034,"X"
144,"DUMP+",70.5084745762712,"X"
145,"DUMP-",29.4915254237288,"X"
146,"DUMP+",73.5593220338983,"X"
147,"DUMP-",26.4406779661017,"X"
148,"DUMP+",70.1694915254237,"X"
149,"DUMP-",29.8305084745763,"X"
150,"DUMP+",70.1694915254237,"X"
151,"DUMP-",29.8305084745763,"X"
152,"DUMP+",70.5084745762712,"X"
153,"DUMP-",29.4915254237288,"X"
154,"DUMP+",72.8813559322034,"X"
155,"DUMP-",27.1186440677966,"X"
156,"DUMP+",72.2033898305085,"X"
157,"DUMP-",27.7966101694915,"X"
158,"DUMP+",70.5084745762712,"X"
159,"DUMP-",29.4915254237288,"X"
160,"DUMP+",72.5423728813559,"X"
161,"DUMP-",27.4576271186441,"X"
162,"DUMP+",71.5254237288136,"X"
163,"DUMP-",28.4745762711864,"X"
164,"DUMP+",67.7966101694915,"X"
165,"DUMP-",32.2033898305085,"X"
166,"DUMP+",71.5254237288136,"X"
167,"DUMP-",28.4745762711864,"X"
168,"DUMP+",65.4237288135593,"X"
169,"DUMP-",34.5762711864407,"X"
170,"DUMP+",69.1525423728814,"X"
171,"DUMP-",30.8474576271186,"X"
172,"DUMP+",70.1694915254237,"X"
173,"DUMP-",29.8305084745763,"X"
174,"DUMP+",68.4745762711864,"X"
175,"DUMP-",31.5254237288136,"X"
176,"DUMP+",71.864406779661,"X"
177,"DUMP-",28.135593220339,"X"
178,"DUMP+",66.7796610169491,"X"
179,"DUMP-",33.2203389830508,"X"
180,"DUMP+",66.7796610169491,"X"
181,"DUMP-",33.2203389830508,"X"
182,"DUMP+",67.1186440677966,"X"
183,"DUMP-",32.8813559322034,"X"
184,"DUMP+",71.1864406779661,"X"
185,"DUMP-",28.8135593220339,"X"
186,"DUMP+",76.271186440678,"X"
187,"DUMP-",23.728813559322,"X"
188,"DUMP+",68.135593220339,"X"
189,"DUMP-",31.864406779661,"X"
190,"DUMP+",66.7796610169491,"X"
191,"DUMP-",33.2203389830508,"X"
192,"DUMP+",68.4745762711864,"X"
193,"DUMP-",31.5254237288136,"X"
194,"DUMP+",69.8305084745763,"X"
195,"DUMP-",30.1694915254237,"X"
196,"DUMP+",77.2881355932203,"X"
197,"DUMP-",22.7118644067797,"X"
198,"DUMP+",70.5084745762712,"X"
199,"DUMP-",29.4915254237288,"X"
200,"DUMP+",74.9152542372881,"X"
201,"DUMP-",25.0847457627119,"X"
202,"DUMP+",72.5423728813559,"X"
203,"DUMP-",27.4576271186441,"X"
204,"DUMP+",70.8474576271186,"X"
205,"DUMP-",29.1525423728814,"X"
206,"DUMP+",75.593220338983,"X"
207,"DUMP-",24.406779661017,"X"
208,"DUMP+",70.8474576271186,"X"
209,"DUMP-",29.1525423728814,"X"
210,"DUMP+",68.8135593220339,"X"
211,"DUMP-",31.1864406779661,"X"
212,"DUMP+",71.864406779661,"X"
213,"DUMP-",28.135593220339,"X"
214,"DUMP+",66.4406779661017,"X"
215,"DUMP-",33.5593220338983,"X"
216,"DUMP+",70.8474576271186,"X"
217,"DUMP-",29.1525423728814,"X"
218,"DUMP+",71.1864406779661,"X"
219,"DUMP-",28.8135593220339,"X"
220,"DUMP+",73.2203389830509,"X"
221,"DUMP-",26.7796610169492,"X"
222,"DUMP+",71.864406779661,"X"
223,"DUMP-",28.135593220339,"X"
224,"DUMP+",72.8813559322034,"X"
225,"DUMP-",27.1186440677966,"X"
226,"DUMP+",69.8305084745763,"X"
227,"DUMP-",30.1694915254237,"X"
228,"DUMP+",70.5084745762712,"X"
229,"DUMP-",29.4915254237288,"X"
230,"DUMP+",68.4745762711864,"X"
231,"DUMP-",31.5254237288136,"X"
232,"DUMP+",74.5762711864407,"X"
233,"DUMP-",25.4237288135593,"X"
234,"DUMP+",70.5084745762712,"X"
235,"DUMP-",29.4915254237288,"X"
236,"DUMP+",71.1864406779661,"X"
237,"DUMP-",28.8135593220339,"X"
238,"DUMP+",72.5423728813559,"X"
239,"DUMP-",27.4576271186441,"X"
240,"DUMP+",68.135593220339,"X"
241,"DUMP-",31.864406779661,"X"
242,"DUMP+",72.2033898305085,"X"
243,"DUMP-",27.7966101694915,"X"
244,"DUMP+",73.8983050847458,"X"
245,"DUMP-",26.1016949152542,"X"
246,"DUMP+",71.5254237288136,"X"
247,"DUMP-",28.4745762711864,"X"
248,"DUMP+",71.864406779661,"X"
249,"DUMP-",28.135593220339,"X"
250,"DUMP+",74.2372881355932,"X"
251,"DUMP-",25.7627118644068,"X"
252,"DUMP+",69.1525423728814,"X"
253,"DUMP-",30.8474576271186,"X"
254,"DUMP+",71.1864406779661,"X"
255,"DUMP-",28.8135593220339,"X"
256,"DUMP+",73.2203389830509,"X"
257,"DUMP-",26.7796610169492,"X"
258,"DUMP+",71.864406779661,"X"
259,"DUMP-",28.135593220339,"X"
260,"DUMP+",74.5762711864407,"X"
261,"DUMP-",25.4237288135593,"X"
262,"DUMP+",67.4576271186441,"X"
263,"DUMP-",32.5423728813559,"X"
264,"DUMP+",65.7627118644068,"X"
265,"DUMP-",34.2372881355932,"X"
266,"DUMP+",80.3389830508475,"X"
267,"DUMP-",19.6610169491525,"X"
268,"DUMP+",68.8135593220339,"X"
269,"DUMP-",31.1864406779661,"X"
270,"DUMP+",68.135593220339,"X"
271,"DUMP-",31.864406779661,"X"
272,"DUMP+",72.2033898305085,"X"
273,"DUMP-",27.7966101694915,"X"
274,"DUMP+",73.2203389830509,"X"
275,"DUMP-",26.7796610169492,"X"
276,"DUMP+",72.5423728813559,"X"
277,"DUMP-",27.4576271186441,"X"
278,"DUMP+",71.1864406779661,"X"
279,"DUMP-",28.8135593220339,"X"
280,"DUMP+",71.1864406779661,"X"
281,"DUMP-",28.8135593220339,"X"
282,"DUMP+",71.1864406779661,"X"
283,"DUMP-",28.8135593220339,"X"
284,"DUMP+",65.4237288135593,"X"
285,"DUMP-",34.5762711864407,"X"
286,"DUMP+",65.7627118644068,"X"
287,"DUMP-",34.2372881355932,"X"
288,"DUMP+",69.8305084745763,"X"
289,"DUMP-",30.1694915254237,"X"
290,"DUMP+",71.5254237288136,"X"
291,"DUMP-",28.4745762711864,"X"
292,"DUMP+",69.4915254237288,"X"
293,"DUMP-",30.5084745762712,"X"
294,"DUMP+",71.5254237288136,"X"
295,"DUMP-",28.4745762711864,"X"
296,"DUMP+",70.8474576271186,"X"
297,"DUMP-",29.1525423728814,"X"
298,"DUMP+",68.4745762711864,"X"
299,"DUMP-",31.5254237288136,"X"
300,"DUMP+",66.4406779661017,"X"
301,"DUMP-",33.5593220338983,"X"
302,"DUMP+",72.8813559322034,"X"
303,"DUMP-",27.1186440677966,"X"
304,"DUMP+",68.135593220339,"X"
305,"DUMP-",31.864406779661,"X"
306,"DUMP+",75.593220338983,"X"
307,"DUMP-",24.406779661017,"X"
308,"DUMP+",66.7796610169491,"X"
309,"DUMP-",33.2203389830508,"X"
310,"DUMP+",72.5423728813559,"X"
311,"DUMP-",27.4576271186441,"X"
312,"DUMP+",68.4745762711864,"X"
313,"DUMP-",31.5254237288136,"X"
314,"DUMP+",69.1525423728814,"X"
315,"DUMP-",30.8474576271186,"X"
316,"DUMP+",71.5254237288136,"X"
317,"DUMP-",28.4745762711864,"X"
318,"DUMP+",69.1525423728814,"X"
319,"DUMP-",30.8474576271186,"X"
320,"DUMP+",72.8813559322034,"X"
321,"DUMP-",27.1186440677966,"X"
322,"DUMP+",69.1525423728814,"X"
323,"DUMP-",30.8474576271186,"X"
324,"DUMP+",70.1694915254237,"X"
325,"DUMP-",29.8305084745763,"X"
326,"DUMP+",71.5254237288136,"X"
327,"DUMP-",28.4745762711864,"X"
328,"DUMP+",74.5762711864407,"X"
329,"DUMP-",25.4237288135593,"X"
330,"DUMP+",68.8135593220339,"X"
331,"DUMP-",31.1864406779661,"X"
332,"DUMP+",72.2033898305085,"X"
333,"DUMP-",27.7966101694915,"X"
334,"DUMP+",73.2203389830509,"X"
335,"DUMP-",26.7796610169492,"X"
336,"DUMP+",68.8135593220339,"X"
337,"DUMP-",31.1864406779661,"X"
338,"DUMP+",72.5423728813559,"X"
339,"DUMP-",27.4576271186441,"X"
340,"DUMP+",72.5423728813559,"X"
341,"DUMP-",27.4576271186441,"X"
342,"DUMP+",70.5084745762712,"X"
343,"DUMP-",29.4915254237288,"X"
344,"DUMP+",69.8305084745763,"X"
345,"DUMP-",30.1694915254237,"X"
346,"DUMP+",72.2033898305085,"X"
347,"DUMP-",27.7966101694915,"X"
348,"DUMP+",72.2033898305085,"X"
349,"DUMP-",27.7966101694915,"X"
350,"DUMP+",69.8305084745763,"X"
351,"DUMP-",30.1694915254237,"X"
352,"DUMP+",64.7457627118644,"X"
353,"DUMP-",35.2542372881356,"X"
354,"DUMP+",69.4915254237288,"X"
355,"DUMP-",30.5084745762712,"X"
356,"DUMP+",70.8474576271186,"X"
357,"DUMP-",29.1525423728814,"X"
358,"DUMP+",67.4576271186441,"X"
359,"DUMP-",32.5423728813559,"X"
360,"DUMP+",70.8474576271186,"X"
361,"DUMP-",29.1525423728814,"X"
362,"DUMP+",69.4915254237288,"X"
363,"DUMP-",30.5084745762712,"X"
364,"DUMP+",73.8983050847458,"X"
365,"DUMP-",26.1016949152542,"X"
366,"DUMP+",67.4576271186441,"X"
367,"DUMP-",32.5423728813559,"X"
368,"DUMP+",71.1864406779661,"X"
369,"DUMP-",28.8135593220339,"X"
370,"DUMP+",74.5762711864407,"X"
371,"DUMP-",25.4237288135593,"X"
372,"DUMP+",69.1525423728814,"X"
373,"DUMP-",30.8474576271186,"X"
374,"DUMP+",73.8983050847458,"X"
375,"DUMP-",26.1016949152542,"X"
376,"DUMP+",71.1864406779661,"X"
377,"DUMP-",28.8135593220339,"X"
378,"DUMP+",71.1864406779661,"X"
379,"DUMP-",28.8135593220339,"X"
380,"DUMP+",75.593220338983,"X"
381,"DUMP-",24.406779661017,"X"
382,"DUMP+",66.7796610169491,"X"
383,"DUMP-",33.2203389830508,"X"
384,"DUMP+",68.4745762711864,"X"
385,"DUMP-",31.5254237288136,"X"
386,"DUMP+",68.4745762711864,"X"
387,"DUMP-",31.5254237288136,"X"
388,"DUMP+",75.593220338983,"X"
389,"DUMP-",24.406779661017,"X"
390,"DUMP+",70.8474576271186,"X"
391,"DUMP-",29.1525423728814,"X"
392,"DUMP+",67.1186440677966,"X"
393,"DUMP-",32.8813559322034,"X"
394,"DUMP+",73.8983050847458,"X"
395,"DUMP-",26.1016949152542,"X"
396,"DUMP+",73.2203389830509,"X"
397,"DUMP-",26.7796610169492,"X"
398,"DUMP+",70.5084745762712,"X"
399,"DUMP-",29.4915254237288,"X"
400,"DUMP+",68.4745762711864,"X"
401,"DUMP-",31.5254237288136,"X"
402,"DUMP+",72.2033898305085,"X"
403,"DUMP-",27.7966101694915,"X"
404,"DUMP+",70.8474576271186,"X"
405,"DUMP-",29.1525423728814,"X"
406,"DUMP+",68.135593220339,"X"
407,"DUMP-",31.864406779661,"X"
408,"DUMP+",69.4915254237288,"X"
409,"DUMP-",30.5084745762712,"X"
410,"DUMP+",71.864406779661,"X"
411,"DUMP-",28.135593220339,"X"
412,"DUMP+",70.1694915254237,"X"
413,"DUMP-",29.8305084745763,"X"
414,"DUMP+",74.5762711864407,"X"
415,"DUMP-",25.4237288135593,"X"
416,"DUMP+",72.5423728813559,"X"
417,"DUMP-",27.4576271186441,"X"
418,"DUMP+",67.4576271186441,"X"
419,"DUMP-",32.5423728813559,"X"
420,"DUMP+",72.2033898305085,"X"
421,"DUMP-",27.7966101694915,"X"
422,"DUMP+",70.8474576271186,"X"
423,"DUMP-",29.1525423728814,"X"
424,"DUMP+",72.2033898305085,"X"
425,"DUMP-",27.7966101694915,"X"
426,"DUMP+",68.8135593220339,"X"
427,"DUMP-",31.1864406779661,"X"
428,"DUMP+",70.8474576271186,"X"
429,"DUMP-",29.1525423728814,"X"
430,"DUMP+",72.5423728813559,"X"
431,"DUMP-",27.4576271186441,"X"
432,"DUMP+",71.864406779661,"X"
433,"DUMP-",28.135593220339,"X"
434,"DUMP+",71.864406779661,"X"
435,"DUMP-",28.135593220339,"X"
436,"DUMP+",69.8305084745763,"X"
437,"DUMP-",30.1694915254237,"X"
438,"DUMP+",69.8305084745763,"X"
439,"DUMP-",30.1694915254237,"X"
440,"DUMP+",68.8135593220339,"X"
441,"DUMP-",31.1864406779661,"X"
442,"DUMP+",70.8474576271186,"X"
443,"DUMP-",29.1525423728814,"X"
444,"DUMP+",68.135593220339,"X"
445,"DUMP-",31.864406779661,"X"
446,"DUMP+",71.864406779661,"X"
447,"DUMP-",28.135593220339,"X"
448,"DUMP+",66.1016949152542,"X"
449,"DUMP-",33.8983050847458,"X"
450,"DUMP+",71.864406779661,"X"
451,"DUMP-",28.135593220339,"X"
452,"DUMP+",72.8813559322034,"X"
453,"DUMP-",27.1186440677966,"X"
454,"DUMP+",69.4915254237288,"X"
455,"DUMP-",30.5084745762712,"X"
456,"DUMP+",71.1864406779661,"X"
457,"DUMP-",28.8135593220339,"X"
458,"DUMP+",67.7966101694915,"X"
459,"DUMP-",32.2033898305085,"X"
460,"DUMP+",71.5254237288136,"X"
461,"DUMP-",28.4745762711864,"X"
462,"DUMP+",72.5423728813559,"X"
463,"DUMP-",27.4576271186441,"X"
464,"DUMP+",74.9152542372881,"X"
465,"DUMP-",25.0847457627119,"X"
466,"DUMP+",66.7796610169491,"X"
467,"DUMP-",33.2203389830508,"X"
468,"DUMP+",68.135593220339,"X"
469,"DUMP-",31.864406779661,"X"
470,"DUMP+",74.2372881355932,"X"
471,"DUMP-",25.7627118644068,"X"
472,"DUMP+",72.5423728813559,"X"
473,"DUMP-",27.4576271186441,"X"
474,"DUMP+",70.5084745762712,"X"
475,"DUMP-",29.4915254237288,"X"
476,"DUMP+",74.5762711864407,"X"
477,"DUMP-",25.4237288135593,"X"
478,"DUMP+",66.1016949152542,"X"
479,"DUMP-",33.8983050847458,"X"
480,"DUMP+",67.7966101694915,"X"
481,"DUMP-",32.2033898305085,"X"
482,"DUMP+",67.4576271186441,"X"
483,"DUMP-",32.5423728813559,"X"
484,"DUMP+",68.8135593220339,"X"
485,"DUMP-",31.1864406779661,"X"
486,"DUMP+",75.2542372881356,"X"
487,"DUMP-",24.7457627118644,"X"
488,"DUMP+",70.5084745762712,"X"
489,"DUMP-",29.4915254237288,"X"
490,"DUMP+",75.2542372881356,"X"
491,"DUMP-",24.7457627118644,"X"
492,"DUMP+",69.4915254237288,"X"
493,"DUMP-",30.5084745762712,"X"
494,"DUMP+",72.2033898305085,"X"
495,"DUMP-",27.7966101694915,"X"
496,"DUMP+",72.8813559322034,"X"
497,"DUMP-",27.1186440677966,"X"
498,"DUMP+",72.2033898305085,"X"
499,"DUMP-",27.7966101694915,"X"
500,"DUMP+",68.135593220339,"X"
501,"DUMP-",31.864406779661,"X"
502,"DUMP+",68.4745762711864,"X"
503,"DUMP-",31.5254237288136,"X"
504,"DUMP+",71.5254237288136,"X"
505,"DUMP-",28.4745762711864,"X"
506,"DUMP+",73.8983050847458,"X"
507,"DUMP-",26.1016949152542,"X"
508,"DUMP+",67.4576271186441,"X"
509,"DUMP-",32.5423728813559,"X"
510,"DUMP+",72.5423728813559,"X"
511,"DUMP-",27.4576271186441,"X"
512,"DUMP+",74.2372881355932,"X"
513,"DUMP-",25.7627118644068,"X"
514,"DUMP+",71.1864406779661,"X"
515,"DUMP-",28.8135593220339,"X"
516,"DUMP+",70.8474576271186,"X"
517,"DUMP-",29.1525423728814,"X"
518,"DUMP+",72.2033898305085,"X"
519,"DUMP-",27.7966101694915,"X"
520,"DUMP+",68.8135593220339,"X"
521,"DUMP-",31.1864406779661,"X"
522,"DUMP+",68.8135593220339,"X"
523,"DUMP-",31.1864406779661,"X"
524,"DUMP+",66.4406779661017,"X"
525,"DUMP-",33.5593220338983,"X"
526,"DUMP+",74.9152542372881,"X"
527,"DUMP-",25.0847457627119,"X"
528,"DUMP+",68.4745762711864,"X"
529,"DUMP-",31.5254237288136,"X"
530,"DUMP+",73.2203389830509,"X"
531,"DUMP-",26.7796610169492,"X"
532,"DUMP+",71.864406779661,"X"
533,"DUMP-",28.135593220339,"X"
534,"DUMP+",71.864406779661,"X"
535,"DUMP-",28.135593220339,"X"
536,"DUMP+",73.2203389830509,"X"
537,"DUMP-",26.7796610169492,"X"
538,"DUMP+",70.1694915254237,"X"
539,"DUMP-",29.8305084745763,"X"
540,"DUMP+",70.1694915254237,"X"
541,"DUMP-",29.8305084745763,"X"
542,"DUMP+",70.1694915254237,"X"
543,"DUMP-",29.8305084745763,"X"
544,"DUMP+",70.8474576271186,"X"
545,"DUMP-",29.1525423728814,"X"
546,"DUMP+",70.5084745762712,"X"
547,"DUMP-",29.4915254237288,"X"
548,"DUMP+",70.5084745762712,"X"
549,"DUMP-",29.4915254237288,"X"
550,"DUMP+",71.864406779661,"X"
551,"DUMP-",28.135593220339,"X"
552,"DUMP+",72.8813559322034,"X"
553,"DUMP-",27.1186440677966,"X"
554,"DUMP+",68.135593220339,"X"
555,"DUMP-",31.864406779661,"X"
556,"DUMP+",73.2203389830509,"X"
557,"DUMP-",26.7796610169492,"X"
558,"DUMP+",73.2203389830509,"X"
559,"DUMP-",26.7796610169492,"X"
560,"DUMP+",70.5084745762712,"X"
561,"DUMP-",29.4915254237288,"X"
562,"DUMP+",69.4915254237288,"X"
563,"DUMP-",30.5084745762712,"X"
564,"DUMP+",70.5084745762712,"X"
565,"DUMP-",29.4915254237288,"X"
566,"DUMP+",72.2033898305085,"X"
567,"DUMP-",27.7966101694915,"X"
568,"DUMP+",72.2033898305085,"X"
569,"DUMP-",27.7966101694915,"X"
570,"DUMP+",72.8813559322034,"X"
571,"DUMP-",27.1186440677966,"X"
572,"DUMP+",72.2033898305085,"X"
573,"DUMP-",27.7966101694915,"X"
574,"DUMP+",68.4745762711864,"X"
575,"DUMP-",31.5254237288136,"X"
576,"DUMP+",72.8813559322034,"X"
577,"DUMP-",27.1186440677966,"X"
578,"DUMP+",65.4237288135593,"X"
579,"DUMP-",34.5762711864407,"X"
580,"DUMP+",69.1525423728814,"X"
581,"DUMP-",30.8474576271186,"X"
582,"DUMP+",67.7966101694915,"X"
583,"DUMP-",32.2033898305085,"X"
584,"DUMP+",72.5423728813559,"X"
585,"DUMP-",27.4576271186441,"X"
586,"DUMP+",69.4915254237288,"X"
587,"DUMP-",30.5084745762712,"X"
588,"DUMP+",70.8474576271186,"X"
589,"DUMP-",29.1525423728814,"X"
590,"DUMP+",70.1694915254237,"X"
591,"DUMP-",29.8305084745763,"X"
592,"DUMP+",73.2203389830509,"X"
593,"DUMP-",26.7796610169492,"X"
594,"DUMP+",70.5084745762712,"X"
595,"DUMP-",29.4915254237288,"X"
596,"DUMP+",70.1694915254237,"X"
597,"DUMP-",29.8305084745763,"X"
598,"DUMP+",75.2542372881356,"X"
599,"DUMP-",24.7457627118644,"X"
600,"DUMP+",77.2881355932203,"X"
601,"DUMP-",22.7118644067797,"X"
602,"DUMP+",73.2203389830509,"X"
603,"DUMP-",26.7796610169492,"X"
604,"DUMP+",73.8983050847458,"X"
605,"DUMP-",26.1016949152542,"X"
606,"DUMP+",68.8135593220339,"X"
607,"DUMP-",31.1864406779661,"X"
608,"DUMP+",71.1864406779661,"X"
609,"DUMP-",28.8135593220339,"X"
610,"DUMP+",70.5084745762712,"X"
611,"DUMP-",29.4915254237288,"X"
612,"DUMP+",69.1525423728814,"X"
613,"DUMP-",30.8474576271186,"X"
614,"DUMP+",71.864406779661,"X"
615,"DUMP-",28.135593220339,"X"
616,"DUMP+",74.9152542372881,"X"
617,"DUMP-",25.0847457627119,"X"
618,"DUMP+",73.2203389830509,"X"
619,"DUMP-",26.7796610169492,"X"
620,"DUMP+",66.4406779661017,"X"
621,"DUMP-",33.5593220338983,"X"
622,"DUMP+",70.8474576271186,"X"
623,"DUMP-",29.1525423728814,"X"
624,"DUMP+",70.5084745762712,"X"
625,"DUMP-",29.4915254237288,"X"
626,"DUMP+",71.864406779661,"X"
627,"DUMP-",28.135593220339,"X"
628,"DUMP+",71.864406779661,"X"
629,"DUMP-",28.135593220339,"X"
630,"DUMP+",70.8474576271186,"X"
631,"DUMP-",29.1525423728814,"X"
632,"DUMP+",71.1864406779661,"X"
633,"DUMP-",28.8135593220339,"X"
634,"DUMP+",72.5423728813559,"X"
635,"DUMP-",27.4576271186441,"X"
636,"DUMP+",68.135593220339,"X"
637,"DUMP-",31.864406779661,"X"
638,"DUMP+",73.2203389830509,"X"
639,"DUMP-",26.7796610169492,"X"
640,"DUMP+",68.135593220339,"X"
641,"DUMP-",31.864406779661,"X"
642,"DUMP+",71.5254237288136,"X"
643,"DUMP-",28.4745762711864,"X"
644,"DUMP+",67.4576271186441,"X"
645,"DUMP-",32.5423728813559,"X"
646,"DUMP+",74.9152542372881,"X"
647,"DUMP-",25.0847457627119,"X"
648,"DUMP+",70.8474576271186,"X"
649,"DUMP-",29.1525423728814,"X"
650,"DUMP+",71.5254237288136,"X"
651,"DUMP-",28.4745762711864,"X"
652,"DUMP+",71.1864406779661,"X"
653,"DUMP-",28.8135593220339,"X"
654,"DUMP+",72.2033898305085,"X"
655,"DUMP-",27.7966101694915,"X"
656,"DUMP+",73.5593220338983,"X"
657,"DUMP-",26.4406779661017,"X"
658,"DUMP+",72.5423728813559,"X"
659,"DUMP-",27.4576271186441,"X"
660,"DUMP+",72.5423728813559,"X"
661,"DUMP-",27.4576271186441,"X"
662,"DUMP+",67.1186440677966,"X"
663,"DUMP-",32.8813559322034,"X"
664,"DUMP+",70.8474576271186,"X"
665,"DUMP-",29.1525423728814,"X"
666,"DUMP+",70.1694915254237,"X"
667,"DUMP-",29.8305084745763,"X"
668,"DUMP+",71.5254237288136,"X"
669,"DUMP-",28.4745762711864,"X"
670,"DUMP+",69.8305084745763,"X"
671,"DUMP-",30.1694915254237,"X"
672,"DUMP+",71.864406779661,"X"
673,"DUMP-",28.135593220339,"X"
674,"DUMP+",72.8813559322034,"X"
675,"DUMP-",27.1186440677966,"X"
676,"DUMP+",68.135593220339,"X"
677,"DUMP-",31.864406779661,"X"
678,"DUMP+",72.8813559322034,"X"
679,"DUMP-",27.1186440677966,"X"
680,"DUMP+",71.1864406779661,"X"
681,"DUMP-",28.8135593220339,"X"
682,"DUMP+",73.2203389830509,"X"
683,"DUMP-",26.7796610169492,"X"
684,"DUMP+",67.7966101694915,"X"
685,"DUMP-",32.2033898305085,"X"
686,"DUMP+",67.1186440677966,"X"
687,"DUMP-",32.8813559322034,"X"
688,"DUMP+",70.8474576271186,"X"
689,"DUMP-",29.1525423728814,"X"
690,"DUMP+",72.2033898305085,"X"
691,"DUMP-",27.7966101694915,"X"
692,"DUMP+",69.8305084745763,"X"
693,"DUMP-",30.1694915254237,"X"
694,"DUMP+",68.4745762711864,"X"
695,"DUMP-",31.5254237288136,"X"
696,"DUMP+",73.2203389830509,"X"
697,"DUMP-",26.7796610169492,"X"
698,"DUMP+",70.8474576271186,"X"
699,"DUMP-",29.1525423728814,"X"
700,"DUMP+",71.1864406779661,"X"
701,"DUMP-",28.8135593220339,"X"
702,"DUMP+",70.8474576271186,"X"
703,"DUMP-",29.1525423728814,"X"
704,"DUMP+",72.2033898305085,"X"
705,"DUMP-",27.7966101694915,"X"
706,"DUMP+",67.7966101694915,"X"
707,"DUMP-",32.2033898305085,"X"
708,"DUMP+",71.1864406779661,"X"
709,"DUMP-",28.8135593220339,"X"
710,"DUMP+",72.2033898305085,"X"
711,"DUMP-",27.7966101694915,"X"
712,"DUMP+",66.7796610169491,"X"
713,"DUMP-",33.2203389830508,"X"
714,"DUMP+",70.8474576271186,"X"
715,"DUMP-",29.1525423728814,"X"
716,"DUMP+",67.1186440677966,"X"
717,"DUMP-",32.8813559322034,"X"
718,"DUMP+",74.9152542372881,"X"
719,"DUMP-",25.0847457627119,"X"
720,"DUMP+",67.4576271186441,"X"
721,"DUMP-",32.5423728813559,"X"
722,"DUMP+",72.8813559322034,"X"
723,"DUMP-",27.1186440677966,"X"
724,"DUMP+",72.5423728813559,"X"
725,"DUMP-",27.4576271186441,"X"
726,"DUMP+",71.1864406779661,"X"
727,"DUMP-",28.8135593220339,"X"
728,"DUMP+",68.8135593220339,"X"
729,"DUMP-",31.1864406779661,"X"
730,"DUMP+",70.1694915254237,"X"
731,"DUMP-",29.8305084745763,"X"
732,"DUMP+",66.4406779661017,"X"
733,"DUMP-",33.5593220338983,"X"
734,"DUMP+",70.5084745762712,"X"
735,"DUMP-",29.4915254237288,"X"
736,"DUMP+",72.8813559322034,"X"
737,"DUMP-",27.1186440677966,"X"
738,"DUMP+",71.864406779661,"X"
739,"DUMP-",28.135593220339,"X"
740,"DUMP+",66.1016949152542,"X"
741,"DUMP-",33.8983050847458,"X"
742,"DUMP+",73.2203389830509,"X"
743,"DUMP-",26.7796610169492,"X"
744,"DUMP+",68.8135593220339,"X"
745,"DUMP-",31.1864406779661,"X"
746,"DUMP+",65.4237288135593,"X"
747,"DUMP-",34.5762711864407,"X"
748,"DUMP+",73.2203389830509,"X"
749,"DUMP-",26.7796610169492,"X"
750,"DUMP+",68.8135593220339,"X"
751,"DUMP-",31.1864406779661,"X"
752,"DUMP+",72.5423728813559,"X"
753,"DUMP-",27.4576271186441,"X"
754,"DUMP+",72.5423728813559,"X"
755,"DUMP-",27.4576271186441,"X"
756,"DUMP+",75.2542372881356,"X"
757,"DUMP-",24.7457627118644,"X"
758,"DUMP+",67.7966101694915,"X"
759,"DUMP-",32.2033898305085,"X"
760,"DUMP+",73.2203389830509,"X"
761,"DUMP-",26.7796610169492,"X"
762,"DUMP+",72.2033898305085,"X"
763,"DUMP-",27.7966101694915,"X"
764,"DUMP+",70.8474576271186,"X"
765,"DUMP-",29.1525423728814,"X"
766,"DUMP+",70.1694915254237,"X"
767,"DUMP-",29.8305084745763,"X"
768,"DUMP+",72.5423728813559,"X"
769,"DUMP-",27.4576271186441,"X"
770,"DUMP+",72.2033898305085,"X"
771,"DUMP-",27.7966101694915,"X"
772,"DUMP+",69.8305084745763,"X"
773,"DUMP-",30.1694915254237,"X"
774,"DUMP+",70.5084745762712,"X"
775,"DUMP-",29.4915254237288,"X"
776,"DUMP+",67.4576271186441,"X"
777,"DUMP-",32.5423728813559,"X"
778,"DUMP+",70.5084745762712,"X"
779,"DUMP-",29.4915254237288,"X"
780,"DUMP+",71.864406779661,"X"
781,"DUMP-",28.135593220339,"X"
782,"DUMP+",68.4745762711864,"X"
783,"DUMP-",31.5254237288136,"X"
784,"DUMP+",69.4915254237288,"X"
785,"DUMP-",30.5084745762712,"X"
786,"DUMP+",72.5423728813559,"X"
787,"DUMP-",27.4576271186441,"X"
788,"DUMP+",66.7796610169491,"X"
789,"DUMP-",33.2203389830508,"X"
790,"DUMP+",71.1864406779661,"X"
791,"DUMP-",28.8135593220339,"X"
792,"DUMP+",73.8983050847458,"X"
793,"DUMP-",26.1016949152542,"X"
794,"DUMP+",72.5423728813559,"X"
795,"DUMP-",27.4576271186441,"X"
796,"DUMP+",75.593220338983,"X"
797,"DUMP-",24.406779661017,"X"
798,"DUMP+",68.4745762711864,"X"
799,"DUMP-",31.5254237288136,"X"
800,"DUMP+",69.8305084745763,"X"
801,"DUMP-",30.1694915254237,"X"
802,"DUMP+",72.2033898305085,"X"
803,"DUMP-",27.7966101694915,"X"
804,"DUMP+",70.5084745762712,"X"
805,"DUMP-",29.4915254237288,"X"
806,"DUMP+",72.8813559322034,"X"
807,"DUMP-",27.1186440677966,"X"
808,"DUMP+",70.1694915254237,"X"
809,"DUMP-",29.8305084745763,"X"
810,"DUMP+",71.5254237288136,"X"
811,"DUMP-",28.4745762711864,"X"
812,"DUMP+",71.1864406779661,"X"
813,"DUMP-",28.8135593220339,"X"
814,"DUMP+",70.8474576271186,"X"
815,"DUMP-",29.1525423728814,"X"
816,"DUMP+",69.4915254237288,"X"
817,"DUMP-",30.5084745762712,"X"
818,"DUMP+",70.8474576271186,"X"
819,"DUMP-",29.1525423728814,"X"
820,"DUMP+",71.1864406779661,"X"
821,"DUMP-",28.8135593220339,"X"
822,"DUMP+",70.1694915254237,"X"
823,"DUMP-",29.8305084745763,"X"
824,"DUMP+",68.4745762711864,"X"
825,"DUMP-",31.5254237288136,"X"
826,"DUMP+",72.2033898305085,"X"
827,"DUMP-",27.7966101694915,"X"
828,"DUMP+",67.4576271186441,"X"
829,"DUMP-",32.5423728813559,"X"
830,"DUMP+",67.1186440677966,"X"
831,"DUMP-",32.8813559322034,"X"
832,"DUMP+",67.4576271186441,"X"
833,"DUMP-",32.5423728813559,"X"
834,"DUMP+",68.135593220339,"X"
835,"DUMP-",31.864406779661,"X"
836,"DUMP+",70.8474576271186,"X"
837,"DUMP-",29.1525423728814,"X"
838,"DUMP+",72.5423728813559,"X"
839,"DUMP-",27.4576271186441,"X"
840,"DUMP+",72.8813559322034,"X"
841,"DUMP-",27.1186440677966,"X"
842,"DUMP+",72.8813559322034,"X"
843,"DUMP-",27.1186440677966,"X"
844,"DUMP+",69.8305084745763,"X"
845,"DUMP-",30.1694915254237,"X"
846,"DUMP+",68.8135593220339,"X"
847,"DUMP-",31.1864406779661,"X"
848,"DUMP+",68.135593220339,"X"
849,"DUMP-",31.864406779661,"X"
850,"DUMP+",69.4915254237288,"X"
851,"DUMP-",30.5084745762712,"X"
852,"DUMP+",73.2203389830509,"X"
853,"DUMP-",26.7796610169492,"X"
854,"DUMP+",67.7966101694915,"X"
855,"DUMP-",32.2033898305085,"X"
856,"DUMP+",69.1525423728814,"X"
857,"DUMP-",30.8474576271186,"X"
858,"DUMP+",68.4745762711864,"X"
859,"DUMP-",31.5254237288136,"X"
860,"DUMP+",70.5084745762712,"X"
861,"DUMP-",29.4915254237288,"X"
862,"DUMP+",73.2203389830509,"X"
863,"DUMP-",26.7796610169492,"X"
864,"DUMP+",71.5254237288136,"X"
865,"DUMP-",28.4745762711864,"X"
866,"DUMP+",69.1525423728814,"X"
867,"DUMP-",30.8474576271186,"X"
868,"DUMP+",70.5084745762712,"X"
869,"DUMP-",29.4915254237288,"X"
870,"DUMP+",76.271186440678,"X"
871,"DUMP-",23.728813559322,"X"
872,"DUMP+",66.7796610169491,"X"
873,"DUMP-",33.2203389830508,"X"
874,"DUMP+",67.7966101694915,"X"
875,"DUMP-",32.2033898305085,"X"
876,"DUMP+",66.4406779661017,"X"
877,"DUMP-",33.5593220338983,"X"
878,"DUMP+",65.4237288135593,"X"
879,"DUMP-",34.5762711864407,"X"
880,"DUMP+",68.4745762711864,"X"
881,"DUMP-",31.5254237288136,"X"
882,"DUMP+",74.5762711864407,"X"
883,"DUMP-",25.4237288135593,"X"
884,"DUMP+",75.593220338983,"X"
885,"DUMP-",24.406779661017,"X"
886,"DUMP+",73.2203389830509,"X"
887,"DUMP-",26.7796610169492,"X"
888,"DUMP+",72.8813559322034,"X"
889,"DUMP-",27.1186440677966,"X"
890,"DUMP+",69.1525423728814,"X"
891,"DUMP-",30.8474576271186,"X"
892,"DUMP+",66.1016949152542,"X"
893,"DUMP-",33.8983050847458,"X"
894,"DUMP+",70.8474576271186,"X"
895,"DUMP-",29.1525423728814,"X"
896,"DUMP+",71.5254237288136,"X"
897,"DUMP-",28.4745762711864,"X"
898,"DUMP+",70.1694915254237,"X"
899,"DUMP-",29.8305084745763,"X"
900,"DUMP+",69.8305084745763,"X"
901,"DUMP-",30.1694915254237,"X"
902,"DUMP+",70.5084745762712,"X"
903,"DUMP-",29.4915254237288,"X"
904,"DUMP+",71.5254237288136,"X"
905,"DUMP-",28.4745762711864,"X"
906,"DUMP+",69.1525423728814,"X"
907,"DUMP-",30.8474576271186,"X"
908,"DUMP+",70.5084745762712,"X"
909,"DUMP-",29.4915254237288,"X"
910,"DUMP+",69.4915254237288,"X"
911,"DUMP-",30.5084745762712,"X"
912,"DUMP+",74.9152542372881,"X"
913,"DUMP-",25.0847457627119,"X"
914,"DUMP+",68.135593220339,"X"
915,"DUMP-",31.864406779661,"X"
916,"DUMP+",67.7966101694915,"X"
917,"DUMP-",32.2033898305085,"X"
918,"DUMP+",65.4237288135593,"X"
919,"DUMP-",34.5762711864407,"X"
920,"DUMP+",66.4406779661017,"X"
921,"DUMP-",33.5593220338983,"X"
922,"DUMP+",72.5423728813559,"X"
923,"DUMP-",27.4576271186441,"X"
924,"DUMP+",69.4915254237288,"X"
925,"DUMP-",30.5084745762712,"X"
926,"DUMP+",71.5254237288136,"X"
927,"DUMP-",28.4745762711864,"X"
928,"DUMP+",68.8135593220339,"X"
929,"DUMP-",31.1864406779661,"X"
930,"DUMP+",73.5593220338983,"X"
931,"DUMP-",26.4406779661017,"X"
932,"DUMP+",72.2033898305085,"X"
933,"DUMP-",27.7966101694915,"X"
934,"DUMP+",66.4406779661017,"X"
935,"DUMP-",33.5593220338983,"X"
936,"DUMP+",71.5254237288136,"X"
937,"DUMP-",28.4745762711864,"X"
938,"DUMP+",76.6101694915254,"X"
939,"DUMP-",23.3898305084746,"X"
940,"DUMP+",72.5423728813559,"X"
941,"DUMP-",27.4576271186441,"X"
942,"DUMP+",69.1525423728814,"X"
943,"DUMP-",30.8474576271186,"X"
944,"DUMP+",72.5423728813559,"X"
945,"DUMP-",27.4576271186441,"X"
946,"DUMP+",73.8983050847458,"X"
947,"DUMP-",26.1016949152542,"X"
948,"DUMP+",71.864406779661,"X"
949,"DUMP-",28.135593220339,"X"
950,"DUMP+",68.8135593220339,"X"
951,"DUMP-",31.1864406779661,"X"
952,"DUMP+",68.135593220339,"X"
953,"DUMP-",31.864406779661,"X"
954,"DUMP+",69.4915254237288,"X"
955,"DUMP-",30.5084745762712,"X"
956,"DUMP+",73.5593220338983,"X"
957,"DUMP-",26.4406779661017,"X"
958,"DUMP+",73.2203389830509,"X"
959,"DUMP-",26.7796610169492,"X"
960,"DUMP+",68.8135593220339,"X"
961,"DUMP-",31.1864406779661,"X"
962,"DUMP+",68.8135593220339,"X"
963,"DUMP-",31.1864406779661,"X"
964,"DUMP+",71.1864406779661,"X"
965,"DUMP-",28.8135593220339,"X"
966,"DUMP+",73.8983050847458,"X"
967,"DUMP-",26.1016949152542,"X"
968,"DUMP+",69.8305084745763,"X"
969,"DUMP-",30.1694915254237,"X"
970,"DUMP+",70.1694915254237,"X"
971,"DUMP-",29.8305084745763,"X"
972,"DUMP+",71.5254237288136,"X"
973,"DUMP-",28.4745762711864,"X"
974,"DUMP+",71.5254237288136,"X"
975,"DUMP-",28.4745762711864,"X"
976,"DUMP+",66.1016949152542,"X"
977,"DUMP-",33.8983050847458,"X"
978,"DUMP+",70.1694915254237,"X"
979,"DUMP-",29.8305084745763,"X"
980,"DUMP+",73.2203389830509,"X"
981,"DUMP-",26.7796610169492,"X"
982,"DUMP+",68.135593220339,"X"
983,"DUMP-",31.864406779661,"X"
984,"DUMP+",69.4915254237288,"X"
985,"DUMP-",30.5084745762712,"X"
986,"DUMP+",70.5084745762712,"X"
987,"DUMP-",29.4915254237288,"X"
988,"DUMP+",69.4915254237288,"X"
989,"DUMP-",30.5084745762712,"X"
990,"DUMP+",67.1186440677966,"X"
991,"DUMP-",32.8813559322034,"X"
992,"DUMP+",68.4745762711864,"X"
993,"DUMP-",31.5254237288136,"X"
994,"DUMP+",71.864406779661,"X"
995,"DUMP-",28.135593220339,"X"
996,"DUMP+",68.4745762711864,"X"
997,"DUMP-",31.5254237288136,"X"
998,"DUMP+",72.8813559322034,"X"
999,"DUMP-",27.1186440677966,"X"
1000,"DUMP+",71.1864406779661,"X"
1001,"DUMP-",28.8135593220339,"X"
1002,"DUMP+",69.1525423728814,"X"
1003,"DUMP-",30.8474576271186,"X"
1004,"DUMP+",73.2203389830509,"X"
1005,"DUMP-",26.7796610169492,"X"
1006,"DUMP+",68.8135593220339,"X"
1007,"DUMP-",31.1864406779661,"X"
1008,"DUMP+",67.7966101694915,"X"
1009,"DUMP-",32.2033898305085,"X"
1010,"DUMP+",71.5254237288136,"X"
1011,"DUMP-",28.4745762711864,"X"
1012,"DUMP+",70.8474576271186,"X"
1013,"DUMP-",29.1525423728814,"X"
1014,"DUMP+",76.6101694915254,"X"
1015,"DUMP-",23.3898305084746,"X"
1016,"DUMP+",67.1186440677966,"X"
1017,"DUMP-",32.8813559322034,"X"
1018,"DUMP+",65.7627118644068,"X"
1019,"DUMP-",34.2372881355932,"X"
1020,"DUMP+",75.593220338983,"X"
1021,"DUMP-",24.406779661017,"X"
1022,"DUMP+",66.7796610169491,"X"
1023,"DUMP-",33.2203389830508,"X"
1024,"DUMP+",68.135593220339,"X"
1025,"DUMP-",31.864406779661,"X"
1026,"DUMP+",65.4237288135593,"X"
1027,"DUMP-",34.5762711864407,"X"
1028,"DUMP+",71.5254237288136,"X"
1029,"DUMP-",28.4745762711864,"X"
1030,"DUMP+",68.135593220339,"X"
1031,"DUMP-",31.864406779661,"X"
1032,"DUMP+",70.5084745762712,"X"
1033,"DUMP-",29.4915254237288,"X"
1034,"DUMP+",67.1186440677966,"X"
1035,"DUMP-",32.8813559322034,"X"
1036,"DUMP+",71.1864406779661,"X"
1037,"DUMP-",28.8135593220339,"X"
1038,"DUMP+",67.4576271186441,"X"
1039,"DUMP-",32.5423728813559,"X"
1040,"DUMP+",71.5254237288136,"X"
1041,"DUMP-",28.4745762711864,"X"
1042,"DUMP+",67.1186440677966,"X"
1043,"DUMP-",32.8813559322034,"X"
1044,"DUMP+",71.5254237288136,"X"
1045,"DUMP-",28.4745762711864,"X"
1046,"DUMP+",67.7966101694915,"X"
1047,"DUMP-",32.2033898305085,"X"
1048,"DUMP+",69.1525423728814,"X"
1049,"DUMP-",30.8474576271186,"X"
1050,"DUMP+",71.1864406779661,"X"
1051,"DUMP-",28.8135593220339,"X"
1052,"DUMP+",73.2203389830509,"X"
1053,"DUMP-",26.7796610169492,"X"
1054,"DUMP+",72.8813559322034,"X"
1055,"DUMP-",27.1186440677966,"X"
1056,"DUMP+",71.5254237288136,"X"
1057,"DUMP-",28.4745762711864,"X"
1058,"DUMP+",71.5254237288136,"X"
1059,"DUMP-",28.4745762711864,"X"
1060,"DUMP+",70.5084745762712,"X"
1061,"DUMP-",29.4915254237288,"X"
1062,"DUMP+",72.2033898305085,"X"
1063,"DUMP-",27.7966101694915,"X"
1064,"DUMP+",71.1864406779661,"X"
1065,"DUMP-",28.8135593220339,"X"
1066,"DUMP+",69.8305084745763,"X"
1067,"DUMP-",30.1694915254237,"X"
1068,"DUMP+",71.864406779661,"X"
1069,"DUMP-",28.135593220339,"X"
1070,"DUMP+",67.4576271186441,"X"
1071,"DUMP-",32.5423728813559,"X"
1072,"DUMP+",68.4745762711864,"X"
1073,"DUMP-",31.5254237288136,"X"
1074,"DUMP+",74.5762711864407,"X"
1075,"DUMP-",25.4237288135593,"X"
1076,"DUMP+",70.5084745762712,"X"
1077,"DUMP-",29.4915254237288,"X"
1078,"DUMP+",72.2033898305085,"X"
1079,"DUMP-",27.7966101694915,"X"
1080,"DUMP+",75.9322033898305,"X"
1081,"DUMP-",24.0677966101695,"X"
1082,"DUMP+",69.8305084745763,"X"
1083,"DUMP-",30.1694915254237,"X"
1084,"DUMP+",77.2881355932203,"X"
1085,"DUMP-",22.7118644067797,"X"
1086,"DUMP+",70.5084745762712,"X"
1087,"DUMP-",29.4915254237288,"X"
1088,"DUMP+",71.864406779661,"X"
1089,"DUMP-",28.135593220339,"X"
1090,"DUMP+",70.5084745762712,"X"
1091,"DUMP-",29.4915254237288,"X"
1092,"DUMP+",67.4576271186441,"X"
1093,"DUMP-",32.5423728813559,"X"
1094,"DUMP+",70.1694915254237,"X"
1095,"DUMP-",29.8305084745763,"X"
1096,"DUMP+",69.1525423728814,"X"
1097,"DUMP-",30.8474576271186,"X"
1098,"DUMP+",71.1864406779661,"X"
1099,"DUMP-",28.8135593220339,"X"
1100,"DUMP+",66.7796610169491,"X"
1101,"DUMP-",33.2203389830508,"X"
1102,"DUMP+",76.271186440678,"X"
1103,"DUMP-",23.728813559322,"X"
1104,"DUMP+",67.7966101694915,"X"
1105,"DUMP-",32.2033898305085,"X"
1106,"DUMP+",71.864406779661,"X"
1107,"DUMP-",28.135593220339,"X"
1108,"DUMP+",68.8135593220339,"X"
1109,"DUMP-",31.1864406779661,"X"
1110,"DUMP+",71.1864406779661,"X"
1111,"DUMP-",28.8135593220339,"X"
1112,"DUMP+",74.5762711864407,"X"
1113,"DUMP-",25.4237288135593,"X"
1114,"DUMP+",67.4576271186441,"X"
1115,"DUMP-",32.5423728813559,"X"
1116,"DUMP+",72.2033898305085,"X"
1117,"DUMP-",27.7966101694915,"X"
1118,"DUMP+",67.4576271186441,"X"
1119,"DUMP-",32.5423728813559,"X"
1120,"DUMP+",69.4915254237288,"X"
1121,"DUMP-",30.5084745762712,"X"
1122,"DUMP+",69.4915254237288,"X"
1123,"DUMP-",30.5084745762712,"X"
1124,"DUMP+",68.135593220339,"X"
1125,"DUMP-",31.864406779661,"X"
1126,"DUMP+",69.1525423728814,"X"
1127,"DUMP-",30.8474576271186,"X"
1128,"DUMP+",71.5254237288136,"X"
1129,"DUMP-",28.4745762711864,"X"
1130,"DUMP+",66.7796610169491,"X"
1131,"DUMP-",33.2203389830508,"X"
1132,"DUMP+",68.135593220339,"X"
1133,"DUMP-",31.864406779661,"X"
1134,"DUMP+",75.9322033898305,"X"
1135,"DUMP-",24.0677966101695,"X"
1136,"DUMP+",69.1525423728814,"X"
1137,"DUMP-",30.8474576271186,"X"
1138,"DUMP+",70.5084745762712,"X"
1139,"DUMP-",29.4915254237288,"X"
1140,"DUMP+",70.8474576271186,"X"
1141,"DUMP-",29.1525423728814,"X"
1142,"DUMP+",70.1694915254237,"X"
1143,"DUMP-",29.8305084745763,"X"
1144,"DUMP+",69.4915254237288,"X"
1145,"DUMP-",30.5084745762712,"X"
1146,"DUMP+",66.7796610169491,"X"
1147,"DUMP-",33.2203389830508,"X"
1148,"DUMP+",70.5084745762712,"X"
1149,"DUMP-",29.4915254237288,"X"
1150,"DUMP+",70.5084745762712,"X"
1151,"DUMP-",29.4915254237288,"X"
1152,"DUMP+",72.8813559322034,"X"
1153,"DUMP-",27.1186440677966,"X"
1154,"DUMP+",76.6101694915254,"X"
1155,"DUMP-",23.3898305084746,"X"
1156,"DUMP+",71.5254237288136,"X"
1157,"DUMP-",28.4745762711864,"X"
1158,"DUMP+",73.2203389830509,"X"
1159,"DUMP-",26.7796610169492,"X"
1160,"DUMP+",70.5084745762712,"X"
1161,"DUMP-",29.4915254237288,"X"
1162,"DUMP+",69.8305084745763,"X"
1163,"DUMP-",30.1694915254237,"X"
1164,"DUMP+",72.2033898305085,"X"
1165,"DUMP-",27.7966101694915,"X"
1166,"DUMP+",66.4406779661017,"X"
1167,"DUMP-",33.5593220338983,"X"
1168,"DUMP+",71.864406779661,"X"
1169,"DUMP-",28.135593220339,"X"
1170,"DUMP+",73.2203389830509,"X"
1171,"DUMP-",26.7796610169492,"X"
1172,"DUMP+",71.1864406779661,"X"
1173,"DUMP-",28.8135593220339,"X"
1174,"DUMP+",68.135593220339,"X"
1175,"DUMP-",31.864406779661,"X"
1176,"DUMP+",72.8813559322034,"X"
1177,"DUMP-",27.1186440677966,"X"
1178,"DUMP+",72.5423728813559,"X"
1179,"DUMP-",27.4576271186441,"X"
1180,"DUMP+",74.5762711864407,"X"
1181,"DUMP-",25.4237288135593,"X"
1182,"DUMP+",68.4745762711864,"X"
1183,"DUMP-",31.5254237288136,"X"
1184,"DUMP+",73.8983050847458,"X"
1185,"DUMP-",26.1016949152542,"X"
1186,"DUMP+",74.9152542372881,"X"
1187,"DUMP-",25.0847457627119,"X"
1188,"DUMP+",68.4745762711864,"X"
1189,"DUMP-",31.5254237288136,"X"
1190,"DUMP+",71.864406779661,"X"
1191,"DUMP-",28.135593220339,"X"
1192,"DUMP+",70.5084745762712,"X"
1193,"DUMP-",29.4915254237288,"X"
1194,"DUMP+",69.4915254237288,"X"
1195,"DUMP-",30.5084745762712,"X"
1196,"DUMP+",70.5084745762712,"X"
1197,"DUMP-",29.4915254237288,"X"
1198,"DUMP+",69.8305084745763,"X"
1199,"DUMP-",30.1694915254237,"X"
1200,"DUMP+",73.5593220338983,"X"
1201,"DUMP-",26.4406779661017,"X"
1202,"DUMP+",72.2033898305085,"X"
1203,"DUMP-",27.7966101694915,"X"
1204,"DUMP+",70.8474576271186,"X"
1205,"DUMP-",29.1525423728814,"X"
1206,"DUMP+",70.8474576271186,"X"
1207,"DUMP-",29.1525423728814,"X"
1208,"DUMP+",70.1694915254237,"X"
1209,"DUMP-",29.8305084745763,"X"
1210,"DUMP+",68.8135593220339,"X"
1211,"DUMP-",31.1864406779661,"X"
1212,"DUMP+",69.8305084745763,"X"
1213,"DUMP-",30.1694915254237,"X"
1214,"DUMP+",69.4915254237288,"X"
1215,"DUMP-",30.5084745762712,"X"
1216,"DUMP+",72.2033898305085,"X"
1217,"DUMP-",27.7966101694915,"X"
1218,"DUMP+",69.4915254237288,"X"
1219,"DUMP-",30.5084745762712,"X"
1220,"DUMP+",74.5762711864407,"X"
1221,"DUMP-",25.4237288135593,"X"
1222,"DUMP+",71.1864406779661,"X"
1223,"DUMP-",28.8135593220339,"X"
1224,"DUMP+",68.8135593220339,"X"
1225,"DUMP-",31.1864406779661,"X"
1226,"DUMP+",72.5423728813559,"X"
1227,"DUMP-",27.4576271186441,"X"
1228,"DUMP+",72.2033898305085,"X"
1229,"DUMP-",27.7966101694915,"X"
1230,"DUMP+",69.4915254237288,"X"
1231,"DUMP-",30.5084745762712,"X"
1232,"DUMP+",71.864406779661,"X"
1233,"DUMP-",28.135593220339,"X"
1234,"DUMP+",77.9661016949153,"X"
1235,"DUMP-",22.0338983050847,"X"
1236,"DUMP+",68.4745762711864,"X"
1237,"DUMP-",31.5254237288136,"X"
1238,"DUMP+",76.6101694915254,"X"
1239,"DUMP-",23.3898305084746,"X"
1240,"DUMP+",70.1694915254237,"X"
1241,"DUMP-",29.8305084745763,"X"
1242,"DUMP+",72.2033898305085,"X"
1243,"DUMP-",27.7966101694915,"X"
1244,"DUMP+",73.5593220338983,"X"
1245,"DUMP-",26.4406779661017,"X"
1246,"DUMP+",75.2542372881356,"X"
1247,"DUMP-",24.7457627118644,"X"
1248,"DUMP+",70.1694915254237,"X"
1249,"DUMP-",29.8305084745763,"X"
1250,"DUMP+",70.1694915254237,"X"
1251,"DUMP-",29.8305084745763,"X"
1252,"DUMP+",67.1186440677966,"X"
1253,"DUMP-",32.8813559322034,"X"
1254,"DUMP+",73.2203389830509,"X"
1255,"DUMP-",26.7796610169492,"X"
1256,"DUMP+",73.5593220338983,"X"
1257,"DUMP-",26.4406779661017,"X"
1258,"DUMP+",72.2033898305085,"X"
1259,"DUMP-",27.7966101694915,"X"
1260,"DUMP+",70.5084745762712,"X"
1261,"DUMP-",29.4915254237288,"X"
1262,"DUMP+",61.0169491525424,"X"
1263,"DUMP-",38.9830508474576,"X"
1264,"DUMP+",71.1864406779661,"X"
1265,"DUMP-",28.8135593220339,"X"
1266,"DUMP+",70.5084745762712,"X"
1267,"DUMP-",29.4915254237288,"X"
1268,"DUMP+",68.4745762711864,"X"
1269,"DUMP-",31.5254237288136,"X"
1270,"DUMP+",65.7627118644068,"X"
1271,"DUMP-",34.2372881355932,"X"
1272,"DUMP+",70.8474576271186,"X"
1273,"DUMP-",29.1525423728814,"X"
1274,"DUMP+",68.135593220339,"X"
1275,"DUMP-",31.864406779661,"X"
1276,"DUMP+",68.8135593220339,"X"
1277,"DUMP-",31.1864406779661,"X"
1278,"DUMP+",69.1525423728814,"X"
1279,"DUMP-",30.8474576271186,"X"
1280,"DUMP+",68.4745762711864,"X"
1281,"DUMP-",31.5254237288136,"X"
1282,"DUMP+",76.271186440678,"X"
1283,"DUMP-",23.728813559322,"X"
1284,"DUMP+",70.5084745762712,"X"
1285,"DUMP-",29.4915254237288,"X"
1286,"DUMP+",70.8474576271186,"X"
1287,"DUMP-",29.1525423728814,"X"
1288,"DUMP+",61.6949152542373,"X"
1289,"DUMP-",38.3050847457627,"X"
1290,"DUMP+",72.5423728813559,"X"
1291,"DUMP-",27.4576271186441,"X"
1292,"DUMP+",69.8305084745763,"X"
1293,"DUMP-",30.1694915254237,"X"
1294,"DUMP+",73.5593220338983,"X"
1295,"DUMP-",26.4406779661017,"X"
1296,"DUMP+",76.6101694915254,"X"
1297,"DUMP-",23.3898305084746,"X"
1298,"DUMP+",70.5084745762712,"X"
1299,"DUMP-",29.4915254237288,"X"
1300,"DUMP+",75.2542372881356,"X"
1301,"DUMP-",24.7457627118644,"X"
1302,"DUMP+",69.8305084745763,"X"
1303,"DUMP-",30.1694915254237,"X"
1304,"DUMP+",72.5423728813559,"X"
1305,"DUMP-",27.4576271186441,"X"
1306,"DUMP+",70.8474576271186,"X"
1307,"DUMP-",29.1525423728814,"X"
1308,"DUMP+",68.4745762711864,"X"
1309,"DUMP-",31.5254237288136,"X"
1310,"DUMP+",67.1186440677966,"X"
1311,"DUMP-",32.8813559322034,"X"
1312,"DUMP+",72.8813559322034,"X"
1313,"DUMP-",27.1186440677966,"X"
1314,"DUMP+",68.4745762711864,"X"
1315,"DUMP-",31.5254237288136,"X"
1316,"DUMP+",68.135593220339,"X"
1317,"DUMP-",31.864406779661,"X"
1318,"DUMP+",71.5254237288136,"X"
1319,"DUMP-",28.4745762711864,"X"
1320,"DUMP+",71.1864406779661,"X"
1321,"DUMP-",28.8135593220339,"X"
1322,"DUMP+",73.5593220338983,"X"
1323,"DUMP-",26.4406779661017,"X"
1324,"DUMP+",69.1525423728814,"X"
1325,"DUMP-",30.8474576271186,"X"
1326,"DUMP+",75.9322033898305,"X"
1327,"DUMP-",24.0677966101695,"X"
1328,"DUMP+",73.8983050847458,"X"
1329,"DUMP-",26.1016949152542,"X"
1330,"DUMP+",73.2203389830509,"X"
1331,"DUMP-",26.7796610169492,"X"
1332,"DUMP+",74.2372881355932,"X"
1333,"DUMP-",25.7627118644068,"X"
1334,"DUMP+",66.7796610169491,"X"
1335,"DUMP-",33.2203389830508,"X"
1336,"DUMP+",72.5423728813559,"X"
1337,"DUMP-",27.4576271186441,"X"
1338,"DUMP+",73.5593220338983,"X"
1339,"DUMP-",26.4406779661017,"X"
1340,"DUMP+",71.864406779661,"X"
1341,"DUMP-",28.135593220339,"X"
1342,"DUMP+",69.4915254237288,"X"
1343,"DUMP-",30.5084745762712,"X"
1344,"DUMP+",69.4915254237288,"X"
1345,"DUMP-",30.5084745762712,"X"
1346,"DUMP+",72.8813559322034,"X"
1347,"DUMP-",27.1186440677966,"X"
1348,"DUMP+",70.5084745762712,"X"
1349,"DUMP-",29.4915254237288,"X"
1350,"DUMP+",75.2542372881356,"X"
1351,"DUMP-",24.7457627118644,"X"
1352,"DUMP+",74.2372881355932,"X"
1353,"DUMP-",25.7627118644068,"X"
1354,"DUMP+",71.5254237288136,"X"
1355,"DUMP-",28.4745762711864,"X"
1356,"DUMP+",70.5084745762712,"X"
1357,"DUMP-",29.4915254237288,"X"
1358,"DUMP+",71.1864406779661,"X"
1359,"DUMP-",28.8135593220339,"X"
1360,"DUMP+",68.4745762711864,"X"
1361,"DUMP-",31.5254237288136,"X"
1362,"DUMP+",70.8474576271186,"X"
1363,"DUMP-",29.1525423728814,"X"
1364,"DUMP+",67.1186440677966,"X"
1365,"DUMP-",32.8813559322034,"X"
1366,"DUMP+",73.2203389830509,"X"
1367,"DUMP-",26.7796610169492,"X"
1368,"DUMP+",66.4406779661017,"X"
1369,"DUMP-",33.5593220338983,"X"
1370,"DUMP+",69.1525423728814,"X"
1371,"DUMP-",30.8474576271186,"X"
1372,"DUMP+",75.9322033898305,"X"
1373,"DUMP-",24.0677966101695,"X"
1374,"DUMP+",71.5254237288136,"X"
1375,"DUMP-",28.4745762711864,"X"
1376,"DUMP+",69.8305084745763,"X"
1377,"DUMP-",30.1694915254237,"X"
1378,"DUMP+",68.4745762711864,"X"
1379,"DUMP-",31.5254237288136,"X"
1380,"DUMP+",69.1525423728814,"X"
1381,"DUMP-",30.8474576271186,"X"
1382,"DUMP+",69.4915254237288,"X"
1383,"DUMP-",30.5084745762712,"X"
1384,"DUMP+",70.8474576271186,"X"
1385,"DUMP-",29.1525423728814,"X"
1386,"DUMP+",69.4915254237288,"X"
1387,"DUMP-",30.5084745762712,"X"
1388,"DUMP+",69.4915254237288,"X"
1389,"DUMP-",30.5084745762712,"X"
1390,"DUMP+",71.1864406779661,"X"
1391,"DUMP-",28.8135593220339,"X"
1392,"DUMP+",72.2033898305085,"X"
1393,"DUMP-",27.7966101694915,"X"
1394,"DUMP+",70.1694915254237,"X"
1395,"DUMP-",29.8305084745763,"X"
1396,"DUMP+",70.1694915254237,"X"
1397,"DUMP-",29.8305084745763,"X"
1398,"DUMP+",68.4745762711864,"X"
1399,"DUMP-",31.5254237288136,"X"
1400,"DUMP+",72.8813559322034,"X"
1401,"DUMP-",27.1186440677966,"X"
1402,"DUMP+",71.1864406779661,"X"
1403,"DUMP-",28.8135593220339,"X"
1404,"DUMP+",69.8305084745763,"X"
1405,"DUMP-",30.1694915254237,"X"
1406,"DUMP+",71.864406779661,"X"
1407,"DUMP-",28.135593220339,"X"
1408,"DUMP+",72.2033898305085,"X"
1409,"DUMP-",27.7966101694915,"X"
1410,"DUMP+",71.864406779661,"X"
1411,"DUMP-",28.135593220339,"X"
1412,"DUMP+",72.2033898305085,"X"
1413,"DUMP-",27.7966101694915,"X"
1414,"DUMP+",70.1694915254237,"X"
1415,"DUMP-",29.8305084745763,"X"
1416,"DUMP+",69.8305084745763,"X"
1417,"DUMP-",30.1694915254237,"X"
1418,"DUMP+",72.2033898305085,"X"
1419,"DUMP-",27.7966101694915,"X"
1420,"DUMP+",71.5254237288136,"X"
1421,"DUMP-",28.4745762711864,"X"
1422,"DUMP+",67.7966101694915,"X"
1423,"DUMP-",32.2033898305085,"X"
1424,"DUMP+",71.5254237288136,"X"
1425,"DUMP-",28.4745762711864,"X"
1426,"DUMP+",69.1525423728814,"X"
1427,"DUMP-",30.8474576271186,"X"
1428,"DUMP+",74.5762711864407,"X"
1429,"DUMP-",25.4237288135593,"X"
1430,"DUMP+",67.1186440677966,"X"
1431,"DUMP-",32.8813559322034,"X"
1432,"DUMP+",72.8813559322034,"X"
1433,"DUMP-",27.1186440677966,"X"
1434,"DUMP+",75.2542372881356,"X"
1435,"DUMP-",24.7457627118644,"X"
1436,"DUMP+",69.8305084745763,"X"
1437,"DUMP-",30.1694915254237,"X"
1438,"DUMP+",72.2033898305085,"X"
1439,"DUMP-",27.7966101694915,"X"
1440,"DUMP+",68.8135593220339,"X"
1441,"DUMP-",31.1864406779661,"X"
1442,"DUMP+",72.5423728813559,"X"
1443,"DUMP-",27.4576271186441,"X"
1444,"DUMP+",71.864406779661,"X"
1445,"DUMP-",28.135593220339,"X"
1446,"DUMP+",74.2372881355932,"X"
1447,"DUMP-",25.7627118644068,"X"
1448,"DUMP+",68.8135593220339,"X"
1449,"DUMP-",31.1864406779661,"X"
1450,"DUMP+",69.8305084745763,"X"
1451,"DUMP-",30.1694915254237,"X"
1452,"DUMP+",69.4915254237288,"X"
1453,"DUMP-",30.5084745762712,"X"
1454,"DUMP+",71.5254237288136,"X"
1455,"DUMP-",28.4745762711864,"X"
1456,"DUMP+",71.1864406779661,"X"
1457,"DUMP-",28.8135593220339,"X"
1458,"DUMP+",74.2372881355932,"X"
1459,"DUMP-",25.7627118644068,"X"
1460,"DUMP+",68.135593220339,"X"
1461,"DUMP-",31.864406779661,"X"
1462,"DUMP+",69.8305084745763,"X"
1463,"DUMP-",30.1694915254237,"X"
1464,"DUMP+",73.8983050847458,"X"
1465,"DUMP-",26.1016949152542,"X"
1466,"DUMP+",70.8474576271186,"X"
1467,"DUMP-",29.1525423728814,"X"
1468,"DUMP+",66.7796610169491,"X"
1469,"DUMP-",33.2203389830508,"X"
1470,"DUMP+",70.1694915254237,"X"
1471,"DUMP-",29.8305084745763,"X"
1472,"DUMP+",71.5254237288136,"X"
1473,"DUMP-",28.4745762711864,"X"
1474,"DUMP+",69.8305084745763,"X"
1475,"DUMP-",30.1694915254237,"X"
1476,"DUMP+",71.5254237288136,"X"
1477,"DUMP-",28.4745762711864,"X"
1478,"DUMP+",67.1186440677966,"X"
1479,"DUMP-",32.8813559322034,"X"
1480,"DUMP+",73.2203389830509,"X"
1481,"DUMP-",26.7796610169492,"X"
1482,"DUMP+",73.8983050847458,"X"
1483,"DUMP-",26.1016949152542,"X"
1484,"DUMP+",71.1864406779661,"X"
1485,"DUMP-",28.8135593220339,"X"
1486,"DUMP+",70.8474576271186,"X"
1487,"DUMP-",29.1525423728814,"X"
1488,"DUMP+",67.7966101694915,"X"
1489,"DUMP-",32.2033898305085,"X"
1490,"DUMP+",74.5762711864407,"X"
1491,"DUMP-",25.4237288135593,"X"
1492,"DUMP+",73.8983050847458,"X"
1493,"DUMP-",26.1016949152542,"X"
1494,"DUMP+",72.5423728813559,"X"
1495,"DUMP-",27.4576271186441,"X"
1496,"DUMP+",69.8305084745763,"X"
1497,"DUMP-",30.1694915254237,"X"
1498,"DUMP+",68.8135593220339,"X"
1499,"DUMP-",31.1864406779661,"X"
1500,"DUMP+",73.2203389830509,"X"
1501,"DUMP-",26.7796610169492,"X"
1502,"DUMP+",65.4237288135593,"X"
1503,"DUMP-",34.5762711864407,"X"
1504,"DUMP+",66.7796610169491,"X"
1505,"DUMP-",33.2203389830508,"X"
1506,"DUMP+",68.135593220339,"X"
1507,"DUMP-",31.864406779661,"X"
1508,"DUMP+",70.5084745762712,"X"
1509,"DUMP-",29.4915254237288,"X"
1510,"DUMP+",76.6101694915254,"X"
1511,"DUMP-",23.3898305084746,"X"
1512,"DUMP+",72.5423728813559,"X"
1513,"DUMP-",27.4576271186441,"X"
1514,"DUMP+",68.4745762711864,"X"
1515,"DUMP-",31.5254237288136,"X"
1516,"DUMP+",77.2881355932203,"X"
1517,"DUMP-",22.7118644067797,"X"
1518,"DUMP+",69.1525423728814,"X"
1519,"DUMP-",30.8474576271186,"X"
1520,"DUMP+",75.593220338983,"X"
1521,"DUMP-",24.406779661017,"X"
1522,"DUMP+",72.2033898305085,"X"
1523,"DUMP-",27.7966101694915,"X"
1524,"DUMP+",67.7966101694915,"X"
1525,"DUMP-",32.2033898305085,"X"
1526,"DUMP+",69.1525423728814,"X"
1527,"DUMP-",30.8474576271186,"X"
1528,"DUMP+",70.8474576271186,"X"
1529,"DUMP-",29.1525423728814,"X"
1530,"DUMP+",68.135593220339,"X"
1531,"DUMP-",31.864406779661,"X"
1532,"DUMP+",67.1186440677966,"X"
1533,"DUMP-",32.8813559322034,"X"
1534,"DUMP+",66.4406779661017,"X"
1535,"DUMP-",33.5593220338983,"X"
1536,"DUMP+",68.8135593220339,"X"
1537,"DUMP-",31.1864406779661,"X"
1538,"DUMP+",67.7966101694915,"X"
1539,"DUMP-",32.2033898305085,"X"
1540,"DUMP+",71.5254237288136,"X"
1541,"DUMP-",28.4745762711864,"X"
1542,"DUMP+",71.1864406779661,"X"
1543,"DUMP-",28.8135593220339,"X"
1544,"DUMP+",70.5084745762712,"X"
1545,"DUMP-",29.4915254237288,"X"
1546,"DUMP+",72.5423728813559,"X"
1547,"DUMP-",27.4576271186441,"X"
1548,"DUMP+",74.2372881355932,"X"
1549,"DUMP-",25.7627118644068,"X"
1550,"DUMP+",69.8305084745763,"X"
1551,"DUMP-",30.1694915254237,"X"
1552,"DUMP+",72.2033898305085,"X"
1553,"DUMP-",27.7966101694915,"X"
1554,"DUMP+",75.9322033898305,"X"
1555,"DUMP-",24.0677966101695,"X"
1556,"DUMP+",66.4406779661017,"X"
1557,"DUMP-",33.5593220338983,"X"
1558,"DUMP+",66.4406779661017,"X"
1559,"DUMP-",33.5593220338983,"X"
1560,"DUMP+",71.1864406779661,"X"
1561,"DUMP-",28.8135593220339,"X"
1562,"DUMP+",73.5593220338983,"X"
1563,"DUMP-",26.4406779661017,"X"
1564,"DUMP+",70.5084745762712,"X"
1565,"DUMP-",29.4915254237288,"X"
1566,"DUMP+",74.5762711864407,"X"
1567,"DUMP-",25.4237288135593,"X"
1568,"DUMP+",72.2033898305085,"X"
1569,"DUMP-",27.7966101694915,"X"
1570,"DUMP+",75.9322033898305,"X"
1571,"DUMP-",24.0677966101695,"X"
1572,"DUMP+",74.2372881355932,"X"
1573,"DUMP-",25.7627118644068,"X"
1574,"DUMP+",69.1525423728814,"X"
1575,"DUMP-",30.8474576271186,"X"
1576,"DUMP+",67.4576271186441,"X"
1577,"DUMP-",32.5423728813559,"X"
1578,"DUMP+",68.135593220339,"X"
1579,"DUMP-",31.864406779661,"X"
1580,"DUMP+",71.1864406779661,"X"
1581,"DUMP-",28.8135593220339,"X"
1582,"DUMP+",69.8305084745763,"X"
1583,"DUMP-",30.1694915254237,"X"
1584,"DUMP+",72.2033898305085,"X"
1585,"DUMP-",27.7966101694915,"X"
1586,"DUMP+",69.8305084745763,"X"
1587,"DUMP-",30.1694915254237,"X"
1588,"DUMP+",71.5254237288136,"X"
1589,"DUMP-",28.4745762711864,"X"
1590,"DUMP+",67.4576271186441,"X"
1591,"DUMP-",32.5423728813559,"X"
1592,"DUMP+",71.5254237288136,"X"
1593,"DUMP-",28.4745762711864,"X"
1594,"DUMP+",69.8305084745763,"X"
1595,"DUMP-",30.1694915254237,"X"
1596,"DUMP+",69.4915254237288,"X"
1597,"DUMP-",30.5084745762712,"X"
1598,"DUMP+",66.4406779661017,"X"
1599,"DUMP-",33.5593220338983,"X"
1600,"DUMP+",70.8474576271186,"X"
1601,"DUMP-",29.1525423728814,"X"
1602,"DUMP+",71.5254237288136,"X"
1603,"DUMP-",28.4745762711864,"X"
1604,"DUMP+",69.1525423728814,"X"
1605,"DUMP-",30.8474576271186,"X"
1606,"DUMP+",70.5084745762712,"X"
1607,"DUMP-",29.4915254237288,"X"
1608,"DUMP+",72.8813559322034,"X"
1609,"DUMP-",27.1186440677966,"X"
1610,"DUMP+",65.7627118644068,"X"
1611,"DUMP-",34.2372881355932,"X"
1612,"DUMP+",70.1694915254237,"X"
1613,"DUMP-",29.8305084745763,"X"
1614,"DUMP+",71.1864406779661,"X"
1615,"DUMP-",28.8135593220339,"X"
1616,"DUMP+",68.4745762711864,"X"
1617,"DUMP-",31.5254237288136,"X"
1618,"DUMP+",73.2203389830509,"X"
1619,"DUMP-",26.7796610169492,"X"
1620,"DUMP+",74.2372881355932,"X"
1621,"DUMP-",25.7627118644068,"X"
1622,"DUMP+",72.5423728813559,"X"
1623,"DUMP-",27.4576271186441,"X"
1624,"DUMP+",69.1525423728814,"X"
1625,"DUMP-",30.8474576271186,"X"
1626,"DUMP+",72.8813559322034,"X"
1627,"DUMP-",27.1186440677966,"X"
1628,"DUMP+",72.5423728813559,"X"
1629,"DUMP-",27.4576271186441,"X"
1630,"DUMP+",69.4915254237288,"X"
1631,"DUMP-",30.5084745762712,"X"
1632,"DUMP+",66.4406779661017,"X"
1633,"DUMP-",33.5593220338983,"X"
1634,"DUMP+",72.5423728813559,"X"
1635,"DUMP-",27.4576271186441,"X"
1636,"DUMP+",71.864406779661,"X"
1637,"DUMP-",28.135593220339,"X"
1638,"DUMP+",72.5423728813559,"X"
1639,"DUMP-",27.4576271186441,"X"
1640,"DUMP+",72.5423728813559,"X"
1641,"DUMP-",27.4576271186441,"X"
1642,"DUMP+",73.5593220338983,"X"
1643,"DUMP-",26.4406779661017,"X"
1644,"DUMP+",69.1525423728814,"X"
1645,"DUMP-",30.8474576271186,"X"
1646,"DUMP+",66.4406779661017,"X"
1647,"DUMP-",33.5593220338983,"X"
1648,"DUMP+",70.1694915254237,"X"
1649,"DUMP-",29.8305084745763,"X"
1650,"DUMP+",67.1186440677966,"X"
1651,"DUMP-",32.8813559322034,"X"
1652,"DUMP+",70.8474576271186,"X"
1653,"DUMP-",29.1525423728814,"X"
1654,"DUMP+",71.1864406779661,"X"
1655,"DUMP-",28.8135593220339,"X"
1656,"DUMP+",66.4406779661017,"X"
1657,"DUMP-",33.5593220338983,"X"
1658,"DUMP+",73.5593220338983,"X"
1659,"DUMP-",26.4406779661017,"X"
1660,"DUMP+",68.8135593220339,"X"
1661,"DUMP-",31.1864406779661,"X"
1662,"DUMP+",67.1186440677966,"X"
1663,"DUMP-",32.8813559322034,"X"
1664,"DUMP+",68.4745762711864,"X"
1665,"DUMP-",31.5254237288136,"X"
1666,"DUMP+",70.5084745762712,"X"
1667,"DUMP-",29.4915254237288,"X"
1668,"DUMP+",70.8474576271186,"X"
1669,"DUMP-",29.1525423728814,"X"
1670,"DUMP+",69.4915254237288,"X"
1671,"DUMP-",30.5084745762712,"X"
1672,"DUMP+",66.7796610169491,"X"
1673,"DUMP-",33.2203389830508,"X"
1674,"DUMP+",73.2203389830509,"X"
1675,"DUMP-",26.7796610169492,"X"
1676,"DUMP+",68.8135593220339,"X"
1677,"DUMP-",31.1864406779661,"X"
1678,"DUMP+",68.4745762711864,"X"
1679,"DUMP-",31.5254237288136,"X"
1680,"DUMP+",70.5084745762712,"X"
1681,"DUMP-",29.4915254237288,"X"
1682,"DUMP+",66.1016949152542,"X"
1683,"DUMP-",33.8983050847458,"X"
1684,"DUMP+",71.5254237288136,"X"
1685,"DUMP-",28.4745762711864,"X"
1686,"DUMP+",77.2881355932203,"X"
1687,"DUMP-",22.7118644067797,"X"
1688,"DUMP+",70.5084745762712,"X"
1689,"DUMP-",29.4915254237288,"X"
1690,"DUMP+",68.135593220339,"X"
1691,"DUMP-",31.864406779661,"X"
1692,"DUMP+",71.5254237288136,"X"
1693,"DUMP-",28.4745762711864,"X"
1694,"DUMP+",69.8305084745763,"X"
1695,"DUMP-",30.1694915254237,"X"
1696,"DUMP+",72.2033898305085,"X"
1697,"DUMP-",27.7966101694915,"X"
1698,"DUMP+",72.8813559322034,"X"
1699,"DUMP-",27.1186440677966,"X"
1700,"DUMP+",68.135593220339,"X"
1701,"DUMP-",31.864406779661,"X"
1702,"DUMP+",75.2542372881356,"X"
1703,"DUMP-",24.7457627118644,"X"
1704,"DUMP+",71.5254237288136,"X"
1705,"DUMP-",28.4745762711864,"X"
1706,"DUMP+",75.9322033898305,"X"
1707,"DUMP-",24.0677966101695,"X"
1708,"DUMP+",70.5084745762712,"X"
1709,"DUMP-",29.4915254237288,"X"
1710,"DUMP+",70.8474576271186,"X"
1711,"DUMP-",29.1525423728814,"X"
1712,"DUMP+",67.4576271186441,"X"
1713,"DUMP-",32.5423728813559,"X"
1714,"DUMP+",74.5762711864407,"X"
1715,"DUMP-",25.4237288135593,"X"
1716,"DUMP+",67.7966101694915,"X"
1717,"DUMP-",32.2033898305085,"X"
1718,"DUMP+",66.7796610169491,"X"
1719,"DUMP-",33.2203389830508,"X"
1720,"DUMP+",72.8813559322034,"X"
1721,"DUMP-",27.1186440677966,"X"
1722,"DUMP+",74.5762711864407,"X"
1723,"DUMP-",25.4237288135593,"X"
1724,"DUMP+",68.8135593220339,"X"
1725,"DUMP-",31.1864406779661,"X"
1726,"DUMP+",69.8305084745763,"X"
1727,"DUMP-",30.1694915254237,"X"
1728,"DUMP+",73.8983050847458,"X"
1729,"DUMP-",26.1016949152542,"X"
1730,"DUMP+",71.5254237288136,"X"
1731,"DUMP-",28.4745762711864,"X"
1732,"DUMP+",71.864406779661,"X"
1733,"DUMP-",28.135593220339,"X"
1734,"DUMP+",67.4576271186441,"X"
1735,"DUMP-",32.5423728813559,"X"
1736,"DUMP+",66.1016949152542,"X"
1737,"DUMP-",33.8983050847458,"X"
1738,"DUMP+",75.2542372881356,"X"
1739,"DUMP-",24.7457627118644,"X"
1740,"DUMP+",74.9152542372881,"X"
1741,"DUMP-",25.0847457627119,"X"
1742,"DUMP+",71.1864406779661,"X"
1743,"DUMP-",28.8135593220339,"X"
1744,"DUMP+",72.2033898305085,"X"
1745,"DUMP-",27.7966101694915,"X"
1746,"DUMP+",70.5084745762712,"X"
1747,"DUMP-",29.4915254237288,"X"
1748,"DUMP+",67.1186440677966,"X"
1749,"DUMP-",32.8813559322034,"X"
1750,"DUMP+",66.4406779661017,"X"
1751,"DUMP-",33.5593220338983,"X"
1752,"DUMP+",69.4915254237288,"X"
1753,"DUMP-",30.5084745762712,"X"
1754,"DUMP+",72.2033898305085,"X"
1755,"DUMP-",27.7966101694915,"X"
1756,"DUMP+",70.8474576271186,"X"
1757,"DUMP-",29.1525423728814,"X"
1758,"DUMP+",76.6101694915254,"X"
1759,"DUMP-",23.3898305084746,"X"
1760,"DUMP+",73.2203389830509,"X"
1761,"DUMP-",26.7796610169492,"X"
1762,"DUMP+",74.5762711864407,"X"
1763,"DUMP-",25.4237288135593,"X"
1764,"DUMP+",67.4576271186441,"X"
1765,"DUMP-",32.5423728813559,"X"
1766,"DUMP+",67.7966101694915,"X"
1767,"DUMP-",32.2033898305085,"X"
1768,"DUMP+",73.5593220338983,"X"
1769,"DUMP-",26.4406779661017,"X"
1770,"DUMP+",68.8135593220339,"X"
1771,"DUMP-",31.1864406779661,"X"
1772,"DUMP+",67.4576271186441,"X"
1773,"DUMP-",32.5423728813559,"X"
1774,"DUMP+",71.5254237288136,"X"
1775,"DUMP-",28.4745762711864,"X"
1776,"DUMP+",69.8305084745763,"X"
1777,"DUMP-",30.1694915254237,"X"
1778,"DUMP+",70.1694915254237,"X"
1779,"DUMP-",29.8305084745763,"X"
1780,"DUMP+",71.5254237288136,"X"
1781,"DUMP-",28.4745762711864,"X"
1782,"DUMP+",75.2542372881356,"X"
1783,"DUMP-",24.7457627118644,"X"
1784,"DUMP+",70.5084745762712,"X"
1785,"DUMP-",29.4915254237288,"X"
1786,"DUMP+",69.1525423728814,"X"
1787,"DUMP-",30.8474576271186,"X"
1788,"DUMP+",71.5254237288136,"X"
1789,"DUMP-",28.4745762711864,"X"
1790,"DUMP+",75.593220338983,"X"
1791,"DUMP-",24.406779661017,"X"
1792,"DUMP+",74.2372881355932,"X"
1793,"DUMP-",25.7627118644068,"X"
1794,"DUMP+",66.7796610169491,"X"
1795,"DUMP-",33.2203389830508,"X"
1796,"DUMP+",70.1694915254237,"X"
1797,"DUMP-",29.8305084745763,"X"
1798,"DUMP+",74.2372881355932,"X"
1799,"DUMP-",25.7627118644068,"X"
1800,"DUMP+",68.8135593220339,"X"
1801,"DUMP-",31.1864406779661,"X"
1802,"DUMP+",71.864406779661,"X"
1803,"DUMP-",28.135593220339,"X"
1804,"DUMP+",66.4406779661017,"X"
1805,"DUMP-",33.5593220338983,"X"
1806,"DUMP+",69.4915254237288,"X"
1807,"DUMP-",30.5084745762712,"X"
1808,"DUMP+",72.5423728813559,"X"
1809,"DUMP-",27.4576271186441,"X"
1810,"DUMP+",67.7966101694915,"X"
1811,"DUMP-",32.2033898305085,"X"
1812,"DUMP+",70.8474576271186,"X"
1813,"DUMP-",29.1525423728814,"X"
1814,"DUMP+",75.2542372881356,"X"
1815,"DUMP-",24.7457627118644,"X"
1816,"DUMP+",69.1525423728814,"X"
1817,"DUMP-",30.8474576271186,"X"
1818,"DUMP+",70.8474576271186,"X"
1819,"DUMP-",29.1525423728814,"X"
1820,"DUMP+",68.8135593220339,"X"
1821,"DUMP-",31.1864406779661,"X"
1822,"DUMP+",71.864406779661,"X"
1823,"DUMP-",28.135593220339,"X"
1824,"DUMP+",68.8135593220339,"X"
1825,"DUMP-",31.1864406779661,"X"
1826,"DUMP+",70.1694915254237,"X"
1827,"DUMP-",29.8305084745763,"X"
1828,"DUMP+",71.1864406779661,"X"
1829,"DUMP-",28.8135593220339,"X"
1830,"DUMP+",71.1864406779661,"X"
1831,"DUMP-",28.8135593220339,"X"
1832,"DUMP+",70.5084745762712,"X"
1833,"DUMP-",29.4915254237288,"X"
1834,"DUMP+",70.5084745762712,"X"
1835,"DUMP-",29.4915254237288,"X"
1836,"DUMP+",66.7796610169491,"X"
1837,"DUMP-",33.2203389830508,"X"
1838,"DUMP+",73.5593220338983,"X"
1839,"DUMP-",26.4406779661017,"X"
1840,"DUMP+",70.5084745762712,"X"
1841,"DUMP-",29.4915254237288,"X"
1842,"DUMP+",69.8305084745763,"X"
1843,"DUMP-",30.1694915254237,"X"
1844,"DUMP+",71.5254237288136,"X"
1845,"DUMP-",28.4745762711864,"X"
1846,"DUMP+",70.1694915254237,"X"
1847,"DUMP-",29.8305084745763,"X"
1848,"DUMP+",68.4745762711864,"X"
1849,"DUMP-",31.5254237288136,"X"
1850,"DUMP+",69.1525423728814,"X"
1851,"DUMP-",30.8474576271186,"X"
1852,"DUMP+",68.4745762711864,"X"
1853,"DUMP-",31.5254237288136,"X"
1854,"DUMP+",69.8305084745763,"X"
1855,"DUMP-",30.1694915254237,"X"
1856,"DUMP+",71.864406779661,"X"
1857,"DUMP-",28.135593220339,"X"
1858,"DUMP+",70.8474576271186,"X"
1859,"DUMP-",29.1525423728814,"X"
1860,"DUMP+",72.5423728813559,"X"
1861,"DUMP-",27.4576271186441,"X"
1862,"DUMP+",68.4745762711864,"X"
1863,"DUMP-",31.5254237288136,"X"
1864,"DUMP+",67.4576271186441,"X"
1865,"DUMP-",32.5423728813559,"X"
1866,"DUMP+",75.2542372881356,"X"
1867,"DUMP-",24.7457627118644,"X"
1868,"DUMP+",71.5254237288136,"X"
1869,"DUMP-",28.4745762711864,"X"
1870,"DUMP+",69.1525423728814,"X"
1871,"DUMP-",30.8474576271186,"X"
1872,"DUMP+",69.8305084745763,"X"
1873,"DUMP-",30.1694915254237,"X"
1874,"DUMP+",70.8474576271186,"X"
1875,"DUMP-",29.1525423728814,"X"
1876,"DUMP+",67.4576271186441,"X"
1877,"DUMP-",32.5423728813559,"X"
1878,"DUMP+",71.1864406779661,"X"
1879,"DUMP-",28.8135593220339,"X"
1880,"DUMP+",70.5084745762712,"X"
1881,"DUMP-",29.4915254237288,"X"
1882,"DUMP+",72.5423728813559,"X"
1883,"DUMP-",27.4576271186441,"X"
1884,"DUMP+",71.864406779661,"X"
1885,"DUMP-",28.135593220339,"X"
1886,"DUMP+",71.5254237288136,"X"
1887,"DUMP-",28.4745762711864,"X"
1888,"DUMP+",71.1864406779661,"X"
1889,"DUMP-",28.8135593220339,"X"
1890,"DUMP+",73.2203389830509,"X"
1891,"DUMP-",26.7796610169492,"X"
1892,"DUMP+",70.8474576271186,"X"
1893,"DUMP-",29.1525423728814,"X"
1894,"DUMP+",70.5084745762712,"X"
1895,"DUMP-",29.4915254237288,"X"
1896,"DUMP+",71.1864406779661,"X"
1897,"DUMP-",28.8135593220339,"X"
1898,"DUMP+",72.5423728813559,"X"
1899,"DUMP-",27.4576271186441,"X"
1900,"DUMP+",72.2033898305085,"X"
1901,"DUMP-",27.7966101694915,"X"
1902,"DUMP+",69.8305084745763,"X"
1903,"DUMP-",30.1694915254237,"X"
1904,"DUMP+",70.1694915254237,"X"
1905,"DUMP-",29.8305084745763,"X"
1906,"DUMP+",70.8474576271186,"X"
1907,"DUMP-",29.1525423728814,"X"
1908,"DUMP+",68.4745762711864,"X"
1909,"DUMP-",31.5254237288136,"X"
1910,"DUMP+",74.9152542372881,"X"
1911,"DUMP-",25.0847457627119,"X"
1912,"DUMP+",68.135593220339,"X"
1913,"DUMP-",31.864406779661,"X"
1914,"DUMP+",67.7966101694915,"X"
1915,"DUMP-",32.2033898305085,"X"
1916,"DUMP+",68.4745762711864,"X"
1917,"DUMP-",31.5254237288136,"X"
1918,"DUMP+",71.5254237288136,"X"
1919,"DUMP-",28.4745762711864,"X"
1920,"DUMP+",75.2542372881356,"X"
1921,"DUMP-",24.7457627118644,"X"
1922,"DUMP+",73.8983050847458,"X"
1923,"DUMP-",26.1016949152542,"X"
1924,"DUMP+",69.4915254237288,"X"
1925,"DUMP-",30.5084745762712,"X"
1926,"DUMP+",68.4745762711864,"X"
1927,"DUMP-",31.5254237288136,"X"
1928,"DUMP+",70.8474576271186,"X"
1929,"DUMP-",29.1525423728814,"X"
1930,"DUMP+",69.4915254237288,"X"
1931,"DUMP-",30.5084745762712,"X"
1932,"DUMP+",69.4915254237288,"X"
1933,"DUMP-",30.5084745762712,"X"
1934,"DUMP+",70.1694915254237,"X"
1935,"DUMP-",29.8305084745763,"X"
1936,"DUMP+",70.5084745762712,"X"
1937,"DUMP-",29.4915254237288,"X"
1938,"DUMP+",70.1694915254237,"X"
1939,"DUMP-",29.8305084745763,"X"
1940,"DUMP+",69.1525423728814,"X"
1941,"DUMP-",30.8474576271186,"X"
1942,"DUMP+",70.5084745762712,"X"
1943,"DUMP-",29.4915254237288,"X"
1944,"DUMP+",73.2203389830509,"X"
1945,"DUMP-",26.7796610169492,"X"
1946,"DUMP+",71.864406779661,"X"
1947,"DUMP-",28.135593220339,"X"
1948,"DUMP+",71.864406779661,"X"
1949,"DUMP-",28.135593220339,"X"
1950,"DUMP+",70.5084745762712,"X"
1951,"DUMP-",29.4915254237288,"X"
1952,"DUMP+",71.864406779661,"X"
1953,"DUMP-",28.135593220339,"X"
1954,"DUMP+",66.7796610169491,"X"
1955,"DUMP-",33.2203389830508,"X"
1956,"DUMP+",76.271186440678,"X"
1957,"DUMP-",23.728813559322,"X"
1958,"DUMP+",74.2372881355932,"X"
1959,"DUMP-",25.7627118644068,"X"
1960,"DUMP+",70.8474576271186,"X"
1961,"DUMP-",29.1525423728814,"X"
1962,"DUMP+",73.8983050847458,"X"
1963,"DUMP-",26.1016949152542,"X"
1964,"DUMP+",70.8474576271186,"X"
1965,"DUMP-",29.1525423728814,"X"
1966,"DUMP+",73.2203389830509,"X"
1967,"DUMP-",26.7796610169492,"X"
1968,"DUMP+",73.5593220338983,"X"
1969,"DUMP-",26.4406779661017,"X"
1970,"DUMP+",72.8813559322034,"X"
1971,"DUMP-",27.1186440677966,"X"
1972,"DUMP+",78.3050847457627,"X"
1973,"DUMP-",21.6949152542373,"X"
1974,"DUMP+",70.5084745762712,"X"
1975,"DUMP-",29.4915254237288,"X"
1976,"DUMP+",75.593220338983,"X"
1977,"DUMP-",24.406779661017,"X"
1978,"DUMP+",61.3559322033898,"X"
1979,"DUMP-",38.6440677966102,"X"
1980,"DUMP+",73.8983050847458,"X"
1981,"DUMP-",26.1016949152542,"X"
1982,"DUMP+",73.2203389830509,"X"
1983,"DUMP-",26.7796610169492,"X"
1984,"DUMP+",73.5593220338983,"X"
1985,"DUMP-",26.4406779661017,"X"
1986,"DUMP+",68.135593220339,"X"
1987,"DUMP-",31.864406779661,"X"
1988,"DUMP+",72.2033898305085,"X"
1989,"DUMP-",27.7966101694915,"X"
1990,"DUMP+",72.5423728813559,"X"
1991,"DUMP-",27.4576271186441,"X"
1992,"DUMP+",72.5423728813559,"X"
1993,"DUMP-",27.4576271186441,"X"
1994,"DUMP+",69.8305084745763,"X"
1995,"DUMP-",30.1694915254237,"X"
1996,"DUMP+",70.5084745762712,"X"
1997,"DUMP-",29.4915254237288,"X"
1998,"DUMP+",70.5084745762712,"X"
1999,"DUMP-",29.4915254237288,"X"
