"timestamp","mNID","mMID","mHasAgg","mAggList","c1ID","c1MID","c1HasAgg","c1AggList","c2ID","c2MID","c2HasAgg","c2AggList","fpos2c1","fpos2c2","m_fpos2periph","m_agg2fpos","m_agg2periph","m_c1_agg2fpos","m_c2_agg2fpos","m_len","m_c1_len","m_c2_len","fileID","negneg","posneg","pospos","Type","fisRatio","fisRatio2"
18,17,18,TRUE,"[20]",19,20,TRUE,"[21]",18,19,FALSE,"[]",0.226274169979695,0,9.60702842869347,1.13941125496954,10.6995767686529,0.993137084989847,NA,13.5522958807466,3.7315546194178,11.664537628647,"20210329_Tom70GFPMTSFlcMch_000y001",FALSE,TRUE,FALSE,"DUMP+/-",0.708885676141553,0.10602685991917
24,28,29,FALSE,"[]",30,31,FALSE,"[]",31,32,FALSE,"[]",0,0.113137084989848,4.35832564966829,NA,NA,NA,NA,11.8445441273395,7.43307489398888,4.85438820397441,"20210329_Tom70GFPMTSFlcMch_000y001",TRUE,FALSE,FALSE,"DUMP-/-",0.367960607247723,NA
20,66,67,TRUE,"[141,140]",69,70,TRUE,"[148,149]",68,69,FALSE,"[]",0.113137084989848,0.113137084989848,2.77271911209377,3.9283896882737,5.72770905848358,3.9146638582534,NA,9.37022955228872,7.86395538230903,3.21792067415716,"20210329_Tom70GFPMTSFlcMch_000y005",FALSE,TRUE,FALSE,"DUMP+/-",0.295907277043872,0.586229802455719
28,88,89,TRUE,"[194,192,195,193]",91,92,TRUE,"[201]",92,93,TRUE,"[199,202,200]",1.01587400793602,0,2.1973319291267,0.852051479688595,0.16,0.193137084989848,2.84401107461753,10.7213247479082,1.45841753442795,8.69017510400154,"20210329_Tom70GFPMTSFlcMch_000y005",FALSE,FALSE,TRUE,"DUMP+/+",0.204949666276587,0.27941762824099
31,97,98,TRUE,"[220,221]",100,101,TRUE,"[227,228]",99,100,FALSE,"[]",0.53103672189407,0.5,8.05190390262043,0.752640224719052,6.38662345318233,0.24,NA,10.1091439469875,7.53298300922922,2.12351421434673,"20210329_Tom70GFPMTSFlcMch_000y005",FALSE,TRUE,FALSE,"DUMP+/-",0.796497106465667,0.0854831566329467
35,107,108,TRUE,"[245,243,246,244]",110,111,TRUE,"[252]",111,112,TRUE,"[250,253,251]",0.512640224719052,0.08,1.79782878939749,0.386274169979695,0.113137084989848,0.193137084989848,2.66459981964799,10.4823184684498,1.4915546194178,8.51880425410307,"20210329_Tom70GFPMTSFlcMch_000y005",FALSE,FALSE,TRUE,"DUMP+/+",0.171510605674564,0.176857124945174
6,21,22,TRUE,"[39,36,35]",26,27,TRUE,"[46,43,42]",24,25,FALSE,"[]",0.113137084989848,0.512640224719052,5.92233672428582,0.466274169979695,1.20568542494924,0.386274169979695,NA,7.49389134370362,6.72702842869346,1.25899978076594,"20210329_Tom70GFPMTSFlcMch_000y011",FALSE,TRUE,FALSE,"DUMP+/-",0.79028857674348,0.0729852197444405
13,56,57,TRUE,"[88,85,84]",61,62,TRUE,"[95,92,91]",58,59,FALSE,"[]",0.178885438199983,0.5,5.89488506424521,0.419411254969543,1.30509667991878,0.32,NA,7.67280573840236,6.47446709134913,1.33899978076594,"20210329_Tom70GFPMTSFlcMch_000y011",FALSE,TRUE,FALSE,"DUMP+/-",0.768282850527719,0.066422485383407
35,138,139,TRUE,"[228,229,225,226]",140,141,TRUE,"[232]",142,143,TRUE,"[234,235,231]",0.5,0.54881690936049,5.4567301867113,0.965685424949238,4.25104476176206,1.28568542494924,0.912640224719052,8.8398394255469,2.56469170440765,5.93506883376453,"20210329_Tom70GFPMTSFlcMch_000y011",FALSE,FALSE,TRUE,"DUMP+/+",0.617288383196362,0.150361714865656
23,64,65,TRUE,"[45,44]",66,67,TRUE,"[46]",67,68,TRUE,"[47]",1.01271911209377,0.08,6.30193174877468,1.07313708498985,4.55665129933658,1.45891439469875,0.946274169979695,9.70594282339221,6.46143488850389,3.43714815960738,"20210329_Tom70GFPMTSFlcMch_001y003",FALSE,FALSE,TRUE,"DUMP+/+",0.649285892513858,0.14550875512874
38,108,109,TRUE,"[75,74]",110,111,TRUE,"[76]",111,112,TRUE,"[77]",0.288444102037119,0.512640224719052,5.85556569403533,1.05941125496954,4.57606255430612,0.965685424949238,0.96,10.2985830481113,5.72252049380514,3.93037712935689,"20210329_Tom70GFPMTSFlcMch_001y003",FALSE,FALSE,TRUE,"DUMP+/+",0.5685797421529,0.153205319812672
32,125,126,TRUE,"[101,100,99]",129,130,TRUE,"[104,103,102]",127,128,FALSE,"[]",0.524976189936267,0.16,6.8922169933719,0.386274169979695,0.706274169979695,0.08,NA,9.25140704234964,6.58594282339221,2.27832564966829,"20210329_Tom70GFPMTSFlcMch_001y004",FALSE,TRUE,FALSE,"DUMP+/-",0.74499121720856,0.0530706380361701
8,18,19,FALSE,"[]",20,21,FALSE,"[]",21,22,FALSE,"[]",0.506359556046887,0.178885438199983,5.64066237395411,NA,NA,NA,NA,13.0666905834135,8.01298300922921,5.70075425871377,"20210329_Tom70GFPMTSFlcMch_001y005",TRUE,FALSE,FALSE,"DUMP-/-",0.431682554809571,NA
12,27,28,FALSE,"[]",29,30,FALSE,"[]",30,31,FALSE,"[]",0.16,0.08,4.22528044943811,NA,NA,NA,NA,13.1779308718384,8.76579400608265,5.54075425871377,"20210329_Tom70GFPMTSFlcMch_001y005",TRUE,FALSE,FALSE,"DUMP-/-",0.320633071347159,NA
14,32,33,FALSE,"[]",34,35,FALSE,"[]",35,36,FALSE,"[]",0.16,0.08,3.95264022471905,NA,NA,NA,NA,12.4514070423496,5.98083964478096,5.73389134370361,"20210329_Tom70GFPMTSFlcMch_001y005",TRUE,FALSE,FALSE,"DUMP-/-",0.317445266328164,NA
21,53,54,TRUE,"[37,36]",56,57,TRUE,"[39,38]",55,56,FALSE,"[]",0.506359556046887,0.178885438199983,7.8674334042046,1.36518856467844,9.18575905387289,0.998822509939086,NA,12.9030909829996,4.59673668540377,7.94065587526163,"20210329_Tom70GFPMTSFlcMch_001y005",FALSE,TRUE,FALSE,"DUMP+/-",0.609732459809072,0.147865749218323
39,97,98,TRUE,"[72]",99,100,TRUE,"[73]",98,99,FALSE,"[]",0.16,0,5.61506883376453,5.42342232958707,10.3057590538729,5.48919963929597,NA,12.8447588346388,8.60083314608849,5.94125111898456,"20210329_Tom70GFPMTSFlcMch_001y005",FALSE,TRUE,FALSE,"DUMP+/-",0.437148638293014,0.491319171191905
22,65,66,TRUE,"[136,134,135]",69,70,TRUE,"[142,140,141]",67,68,FALSE,"[]",0.512249938994628,0,5.07646752981726,1.28568542494924,1.25254833995939,0.706274169979695,NA,6.98507842408276,6.14143488850389,1.15832564966829,"20210329_Tom70GFPMTSFlcMch_001y006",FALSE,TRUE,FALSE,"DUMP+/-",0.726758845300132,0.20208338813766
31,96,97,TRUE,"[188,190,189]",100,101,TRUE,"[194,196,195]",98,99,FALSE,"[]",0.329848450049413,0,5.48301735407594,1.55078210486802,1.20568542494924,1.33823376490863,NA,9.32485721809095,6.89889613886273,1.52535933681283,"20210329_Tom70GFPMTSFlcMch_001y006",FALSE,TRUE,FALSE,"DUMP+/-",0.588000140467401,0.220475734902577
39,123,124,TRUE,"[236,238,237]",126,127,TRUE,"[242,243]",127,128,TRUE,"[244]",0.16,0.554616984954482,5.62879466378484,0.946274169979695,1.59195959492893,0.866274169979695,1.27195959492893,9.65004578276939,5.48252049380514,4.14761717372392,"20210329_Tom70GFPMTSFlcMch_001y006",FALSE,FALSE,TRUE,"DUMP+/+",0.583292016483001,0.143918519167488
28,31,28,TRUE,"[55,54]",33,30,TRUE,"[57,56]",32,29,FALSE,"[]",0.16,0.178885438199983,5.98811403399471,0.16,3.12988026908609,0.08,NA,10.2570794699139,6.0144735900416,1.85841753442795,"20210329_Tom70GFPMTSFlcMch_001y007",FALSE,TRUE,FALSE,"DUMP+/-",0.583803026149797,0.0260242407859245
5,14,15,TRUE,"[8]",18,19,TRUE,"[10]",16,17,FALSE,"[]",0.524976189936267,0,7.58342232958707,6.44401107461753,0.786274169979695,5.93137084989848,NA,10.0206558752616,7.70978838432643,2.58978838432643,"20210329_Tom70GFPMTSFlcMch_002y002",FALSE,TRUE,FALSE,"DUMP+/-",0.756779039614417,0.459386324563551
11,37,38,TRUE,"[20]",41,42,TRUE,"[22]",39,40,FALSE,"[]",1,0.16,7.33773690463784,6.25087398962768,0.833137084989847,5.96450793488833,NA,10.0812446202921,8.00988026908609,2.58978838432643,"20210329_Tom70GFPMTSFlcMch_002y002",FALSE,TRUE,FALSE,"DUMP+/-",0.727860217762004,0.460008314187993
16,56,57,TRUE,"[30]",60,61,TRUE,"[32]",58,59,FALSE,"[]",0.524976189936267,0.506359556046887,7.43714815960738,6.35028524459722,0.866274169979695,5.83764501987817,NA,9.83379945894396,7.51037063066441,2.14342232958707,"20210329_Tom70GFPMTSFlcMch_002y002",FALSE,TRUE,FALSE,"DUMP+/-",0.756284301978845,0.460585016690681
24,84,85,TRUE,"[46]",88,89,TRUE,"[48]",86,87,FALSE,"[]",0.506359556046887,0.08,7.70978838432643,6.25655941457692,1.2657773097089,5.85705627484772,NA,9.92702842869347,7.48165609449569,2.17037712935688,"20210329_Tom70GFPMTSFlcMch_002y002",FALSE,TRUE,FALSE,"DUMP+/-",0.776646147405175,0.44797390876004
37,136,137,TRUE,"[72]",140,141,TRUE,"[74]",139,140,FALSE,"[]",0.24,0.512640224719052,6.54391918985787,0.433137084989848,6.97705627484771,0.226274169979695,NA,8.95429631921475,2.23096587438734,7.66242860904548,"20210329_Tom70GFPMTSFlcMch_002y002",FALSE,TRUE,FALSE,"DUMP+/-",0.730813338823228,0.0620802051649356
5,10,11,TRUE,"[4]",11,12,TRUE,"[5]",13,14,FALSE,"[]",0,0.524976189936267,4.76870277902517,0.64,5.08919963929597,0.64,NA,9.15113138807065,4.44870277902517,4.68870277902518,"20210329_Tom70GFPMTSFlcMch_003y002",FALSE,TRUE,FALSE,"DUMP+/-",0.521105268496267,0.118327818360052
7,15,16,TRUE,"[6]",16,17,TRUE,"[7]",18,19,FALSE,"[]",0.178885438199983,0.113137084989848,4.20919963929597,0.96,5.16919963929597,0.786274169979695,NA,9.1842684730605,4.96134300374422,4.48183986401502,"20210329_Tom70GFPMTSFlcMch_003y002",FALSE,TRUE,FALSE,"DUMP+/-",0.458305378554916,0.185715404122165
14,13,14,TRUE,"[41,40,39]",15,16,TRUE,"[44,43,42]",14,15,FALSE,"[]",0.113137084989848,0.54881690936049,3.78410295937719,0.386274169979695,1.43195959492893,0.386274169979695,NA,10.9764118375088,8.37934906396857,1.79782878939749,"20210329_Tom70GFPMTSFlcMch_003y003",FALSE,TRUE,FALSE,"DUMP+/-",0.344748631464984,0.0926233187067335
23,28,29,TRUE,"[68,67,66]",30,31,TRUE,"[71,70,69]",29,30,FALSE,"[]",0.512640224719052,0.178885438199983,4.23046901411655,0.818914394698747,1.36568542494924,0.339411254969543,NA,11.0444457438874,8.48680072400918,1.84469170440765,"20210329_Tom70GFPMTSFlcMch_003y003",FALSE,TRUE,FALSE,"DUMP+/-",0.383040408927531,0.162181068141721
3,7,8,TRUE,"[9,8]",10,11,TRUE,"[13,12]",9,10,FALSE,"[]",0.16,0.08,5.12124462029209,1.84568542494924,2.12577081101643,1.76568542494924,NA,9.44308448430711,5.00066237395411,4.24183986401502,"20210329_Tom70GFPMTSFlcMch_003y004",FALSE,TRUE,FALSE,"DUMP+/-",0.542327523258187,0.264920906764366
23,46,46,FALSE,"[]",48,48,FALSE,"[]",49,49,FALSE,"[]",0.25298221281347,0.16,2.15146273465814,NA,NA,NA,NA,7.82729108558751,5.44210901960154,2.01087398962768,"20210329_Tom70GFPMTSFlcMch_003y007",TRUE,FALSE,FALSE,"DUMP-/-",0.274866835937615,NA
9,26,26,FALSE,"[]",28,28,FALSE,"[]",29,29,FALSE,"[]",0.506359556046887,0.08,1.29891439469875,NA,NA,NA,NA,3.43791417546469,2.67799956153188,1.60469170440765,"20210329_Tom70GFPMTSFlcMch_003y009",TRUE,FALSE,FALSE,"DUMP-/-",0.377820483119879,NA
32,120,117,FALSE,"[]",124,119,FALSE,"[]",126,121,FALSE,"[]",0.178885438199983,0.16,1.44518856467844,NA,NA,NA,NA,3.78360609910639,2.24469170440765,1.67096587438734,"20210329_Tom70GFPMTSFlcMch_003y009",TRUE,FALSE,FALSE,"DUMP-/-",0.381960628782093,NA
2,6,7,TRUE,"[3]",9,10,TRUE,"[5]",10,11,FALSE,"[]",0.5,0.08,4.16161215933074,1.5,1.81724004436704,1.00635955604689,NA,6.61885220369777,3.96847507434089,2.49037712935688,"20210329_Tom70GFPMTSFlcMch_003y012",FALSE,TRUE,FALSE,"DUMP+/-",0.628751335013306,0.264942203348898
9,39,40,FALSE,"[]",41,42,FALSE,"[]",43,44,FALSE,"[]",0.16,0.54881690936049,4.76301735407594,NA,NA,NA,NA,9.65858304811126,3.32252049380514,5.66888004985203,"20210329_Tom70GFPMTSFlcMch_003y012",TRUE,FALSE,FALSE,"DUMP-/-",0.493138313389286,NA
12,49,50,TRUE,"[23]",53,54,TRUE,"[25]",52,53,FALSE,"[]",0.113137084989848,0.506359556046887,2.21674318409624,0.113137084989848,2.32988026908609,0.16,NA,6.50571511870793,4.36152677326355,1.91096587438734,"20210329_Tom70GFPMTSFlcMch_003y012",FALSE,TRUE,FALSE,"DUMP+/-",0.340737819539891,0.0485591841310482
12,50,51,TRUE,"[22]",51,52,TRUE,"[24]",55,56,FALSE,"[]",0.08,0.524976189936267,9.85189090523549,0.113137084989848,9.8913086588975,0.113137084989848,NA,11.2697261933255,1.4915546194178,9.55013766752906,"20210329_Tom70GFPMTSFlcMch_003y012",FALSE,TRUE,FALSE,"DUMP+/-",0.874190795431243,0.0113534136683633
15,62,63,TRUE,"[29]",66,67,TRUE,"[31]",65,66,FALSE,"[]",1,0.506359556046887,1.59146273465814,0.586359556046886,2.13724004436704,0.113137084989848,NA,9.58118892798359,7.29072641255951,1.54459981964798,"20210329_Tom70GFPMTSFlcMch_003y012",FALSE,TRUE,FALSE,"DUMP+/-",0.166102844502939,0.269241231733864
20,82,83,TRUE,"[39]",85,86,TRUE,"[41]",86,87,FALSE,"[]",0.5,0.512640224719052,0.866274169979695,0.7057773097089,0.912640224719052,0.24,NA,4.48789282800291,3.58897843330416,2.37724004436704,"20210329_Tom70GFPMTSFlcMch_003y012",FALSE,TRUE,FALSE,"DUMP+/-",0.193024700717995,0.448953052001011
24,100,101,TRUE,"[46]",105,106,TRUE,"[48]",103,104,FALSE,"[]",0.08,1,3.3515546194178,6.89347986950001,9.29866843417845,7.014062115838,NA,10.6833666372786,8.37190390262043,3.22360609910639,"20210329_Tom70GFPMTSFlcMch_003y012",FALSE,TRUE,FALSE,"DUMP+/-",0.313717083126481,0.672860582066051
31,133,134,TRUE,"[60]",137,138,TRUE,"[62]",134,135,FALSE,"[]",1.01271911209377,0.08,3.07782878939749,7.52620548028625,10.5571713546736,6.72719920082785,NA,11.9750066427636,8.15876031893811,3.3973319291267,"20210329_Tom70GFPMTSFlcMch_003y012",FALSE,TRUE,FALSE,"DUMP+/-",0.257021050694566,0.709749260411501
32,136,137,TRUE,"[63]",142,143,TRUE,"[65]",139,140,FALSE,"[]",0.524976189936267,0.5,2.40419484413685,0.306274169979695,0.912640224719052,0.113137084989848,NA,4.68102991299275,3.55574296486218,1.84419484413685,"20210329_Tom70GFPMTSFlcMch_003y012",FALSE,TRUE,FALSE,"DUMP+/-",0.513603819848218,0.112996742772034
32,137,138,TRUE,"[62]",138,139,TRUE,"[64]",143,144,FALSE,"[]",0.54881690936049,0.5,7.07348636819248,0.193137084989848,7.14092503084815,0.08,NA,8.57248614895842,1.07264022471905,7.23348636819248,"20210329_Tom70GFPMTSFlcMch_003y012",FALSE,TRUE,FALSE,"DUMP+/-",0.825138267391885,0.0265786559925939
34,148,149,TRUE,"[67]",152,153,TRUE,"[69]",150,151,FALSE,"[]",0.524976189936267,0.5,2.84428023020404,0.273137084989848,1.49271911209377,0.08,NA,4.9279782140701,3.60260587987233,1.891057759147,"20210329_Tom70GFPMTSFlcMch_003y012",FALSE,TRUE,FALSE,"DUMP+/-",0.577169806084614,0.0876164649688101
5,10,11,TRUE,"[4]",11,12,TRUE,"[5]",13,14,FALSE,"[]",0.08,0.16,4.33606255430612,0.753137084989847,5.08919963929597,0.72,NA,9.15113138807065,4.81506883376453,4.65556569403533,"20210329_Tom70GFPMTSFlcMch_003y014",FALSE,TRUE,FALSE,"DUMP+/-",0.473828029609386,0.147987333641727
7,15,16,TRUE,"[6]",16,17,TRUE,"[7]",18,19,FALSE,"[]",0.178885438199983,0.113137084989848,4.20919963929597,0.96,5.16919963929597,0.786274169979695,NA,9.1842684730605,4.96134300374422,4.48183986401502,"20210329_Tom70GFPMTSFlcMch_003y014",FALSE,TRUE,FALSE,"DUMP+/-",0.458305378554916,0.185715404122165
23,22,23,TRUE,"[44,45]",24,25,TRUE,"[46]",23,24,TRUE,"[47]",0,0.178885438199983,5.80202363353435,1.73271911209377,2.64518856467844,1.73271911209377,2.33941125496954,11.8367728778549,6.03524610459138,6.20847507434089,"20210329_Tom70GFPMTSFlcMch_004y001",FALSE,FALSE,TRUE,"DUMP+/+",0.49016938091202,0.229963937799887
6,13,12,TRUE,"[16,17,15]",16,15,TRUE,"[19,20,18]",15,14,FALSE,"[]",0.178885438199983,0.4,4.97583484962184,1.10627416997969,1.07264022471905,1.04,NA,10.1503214370484,6.22193174877468,1.87782878939749,"20210329_Tom70GFPMTSFlcMch_004y008",FALSE,TRUE,FALSE,"DUMP+/-",0.490214510001643,0.181889894839828
24,68,67,TRUE,"[70,69]",72,71,TRUE,"[73]",71,70,TRUE,"[72]",1,0,3.53005104122047,1.0257773097089,1.05891439469875,0.992640224719052,0.906359556046886,6.90846857564842,2.82360609910639,3.29841753442795,"20210329_Tom70GFPMTSFlcMch_004y008",FALSE,FALSE,TRUE,"DUMP+/+",0.510974465985632,0.225157146120232
27,78,77,TRUE,"[79,78]",81,80,TRUE,"[81]",82,81,TRUE,"[82]",0.08,1.00319489631876,3.36997215384575,0.673137084989847,1.15264022471905,1.15264022471905,0.672640224719052,6.44847507434089,3.2515546194178,2.48988026908609,"20210329_Tom70GFPMTSFlcMch_004y008",FALSE,FALSE,TRUE,"DUMP+/+",0.522599857329866,0.166489957413
30,89,88,TRUE,"[88,87]",92,91,TRUE,"[90]",93,92,TRUE,"[91]",0.506359556046887,0.5,3.3831092388356,1.01899978076594,0.833137084989847,0.586359556046886,1.63782878939749,6.36102991299275,2.6115546194178,3.08301735407594,"20210329_Tom70GFPMTSFlcMch_004y008",FALSE,FALSE,TRUE,"DUMP+/+",0.531849289361996,0.231479905706237
7,18,19,TRUE,"[13,12]",21,22,TRUE,"[14]",22,23,TRUE,"[15]",0.524976189936267,0.08,3.21841753442795,0.08,2.17891439469875,3.1720514796886,0.16,7.42761717372392,5.05556569403533,3.31782878939749,"20210329_Tom70GFPMTSFlcMch_005y001",FALSE,FALSE,TRUE,"DUMP+/+",0.433304175370466,0.0242540549111756
10,32,33,FALSE,"[]",35,36,FALSE,"[]",36,37,FALSE,"[]",0.113137084989848,0.614817045957576,3.25019335983756,NA,NA,NA,NA,5.23614144168084,2.131057759147,4.32134300374423,"20210329_Tom70GFPMTSFlcMch_005y001",TRUE,FALSE,FALSE,"DUMP-/-",0.620722987726287,NA
15,56,57,FALSE,"[]",59,60,FALSE,"[]",61,62,FALSE,"[]",0.24,0.5,1.47264022471905,NA,NA,NA,NA,5.53506883376453,1.971057759147,4.68820591875438,"20210329_Tom70GFPMTSFlcMch_005y001",TRUE,FALSE,FALSE,"DUMP-/-",0.266056352494803,NA
5,12,13,TRUE,"[4]",15,16,TRUE,"[5]",13,14,FALSE,"[]",0,0.524976189936267,3.87497694900487,2.07096587438734,1.69087398962768,2.05724004436704,NA,5.60653156842267,4.00752528896426,1.33899978076594,"20210329_Tom70GFPMTSFlcMch_005y002",FALSE,TRUE,FALSE,"DUMP+/-",0.691154040910011,0.348298989058532
4,11,12,TRUE,"[3]",16,16,TRUE,"[4]",13,13,FALSE,"[]",0.178885438199983,0.08,5.74007362892365,3.68802214923506,1.10627416997969,3.54174797925536,NA,8.35731367329068,5.99330259867316,2.71096587438734,"20210329_Tom70GFPMTSFlcMch_005y009",FALSE,TRUE,FALSE,"DUMP+/-",0.686832378598936,0.391173598148928
7,22,22,TRUE,"[6]",26,26,TRUE,"[7]",23,23,FALSE,"[]",0.329848450049413,0,3.94978838432643,2.33655941457692,6.28634779890335,2.07714815960738,NA,8.67162824834145,4.54242860904548,4.39615443906578,"20210329_Tom70GFPMTSFlcMch_005y009",FALSE,TRUE,FALSE,"DUMP+/-",0.455484053422363,0.371687900402923
10,32,32,TRUE,"[9]",36,36,TRUE,"[10]",33,33,FALSE,"[]",0.25298221281347,0.08,3.98292546931628,2.30342232958707,6.28634779890335,2.15714815960738,NA,8.62476533333129,4.49556569403533,4.33556569403533,"20210329_Tom70GFPMTSFlcMch_005y009",FALSE,TRUE,FALSE,"DUMP+/-",0.461801024768042,0.366416622699257
23,73,73,FALSE,"[]",76,76,FALSE,"[]",77,77,FALSE,"[]",0,0.113137084989848,2.71096587438734,NA,NA,NA,NA,4.65506883376453,2.53724004436704,1.83096587438734,"20210329_Tom70GFPMTSFlcMch_005y009",TRUE,FALSE,FALSE,"DUMP-/-",0.582368590282476,NA
38,115,115,TRUE,"[37]",118,118,TRUE,"[38]",117,117,FALSE,"[]",0.5,1.01587400793602,6.75361568942463,1.38635955604689,5.56684465917414,1.04,NA,9.27789591962867,7.15311882915383,1.8915546194178,"20210329_Tom70GFPMTSFlcMch_005y009",FALSE,TRUE,FALSE,"DUMP+/-",0.727925355913556,0.170314959719092
39,118,118,TRUE,"[38]",122,122,TRUE,"[39]",119,119,FALSE,"[]",0.506359556046887,0.24,6.2669365439338,3.76851900950585,1.3462741699797,3.92802214923506,NA,7.89203322385258,6.5727138536427,2.00518856467844,"20210329_Tom70GFPMTSFlcMch_005y009",FALSE,TRUE,FALSE,"DUMP+/-",0.794083902864581,0.375520472333136
7,13,14,FALSE,"[]",16,17,FALSE,"[]",15,16,FALSE,"[]",1.5,0,4.08995265776834,NA,NA,NA,NA,5.86159266325333,3.11037063066441,2.00535933681282,"20210329_Tom70GFPMTSFlcMch_005y010",TRUE,FALSE,FALSE,"DUMP-/-",0.697754499968668,NA
10,20,21,TRUE,"[19,18]",24,25,TRUE,"[20]",23,24,TRUE,"[21]",0.25298221281347,0,4.0888865485445,2.15046901411655,1.1057773097089,4.35782878939749,2.07046901411655,10.9171843520585,6.8088865485445,4.23516071852419,"20210329_Tom70GFPMTSFlcMch_005y010",FALSE,FALSE,TRUE,"DUMP+/+",0.37453673187936,0.344662039616057
13,30,31,FALSE,"[]",32,33,FALSE,"[]",33,34,FALSE,"[]",0.5,0.5,3.82919963929597,NA,NA,NA,NA,5.85976053817218,2.131057759147,3.90193174877468,"20210329_Tom70GFPMTSFlcMch_005y010",TRUE,FALSE,FALSE,"DUMP-/-",0.653473740838291,NA
15,35,36,FALSE,"[]",37,38,FALSE,"[]",38,39,FALSE,"[]",0.506359556046887,0.506359556046887,3.74919963929597,NA,NA,NA,NA,6.18091853215568,2.15907866814066,3.76183986401502,"20210329_Tom70GFPMTSFlcMch_005y010",TRUE,FALSE,FALSE,"DUMP-/-",0.606576452964246,NA
21,51,52,TRUE,"[41,40]",54,55,TRUE,"[42]",55,56,TRUE,"[43]",0.24,0.16,7.39298950792169,0.833137084989847,1.3457773097089,0.626274169979695,5.32202363353435,10.7297326920179,3.11046901411655,7.33240076289122,"20210329_Tom70GFPMTSFlcMch_005y010",FALSE,FALSE,TRUE,"DUMP+/+",0.689018983056445,0.101279390194136
23,59,60,TRUE,"[45]",63,64,TRUE,"[47]",64,65,FALSE,"[]",0,0.506359556046887,4.02879466378484,1.81724004436704,1.37891439469875,1.86410295937719,NA,7.82513287236994,4.06193174877468,3.4773319291267,"20210329_Tom70GFPMTSFlcMch_005y010",FALSE,TRUE,FALSE,"DUMP+/-",0.514853195401992,0.31085002657152
33,100,101,TRUE,"[65]",104,105,TRUE,"[67]",105,106,FALSE,"[]",0.08,0.08,4.34829780351404,2.21674318409624,1.3457773097089,2.10360609910639,NA,6.99249264765089,4.30143488850389,3.171057759147,"20210329_Tom70GFPMTSFlcMch_005y010",FALSE,TRUE,FALSE,"DUMP+/-",0.621852324002777,0.337658696766667
10,9,10,TRUE,"[13]",11,12,TRUE,"[14]",10,11,FALSE,"[]",0.25298221281347,0,3.63832564966829,0.16,2.53254833995939,0,NA,6.4088865485445,3.91841103573548,3.03741731519389,"20210329_Tom70GFPMTSFlcMch_005y011",FALSE,TRUE,FALSE,"DUMP+/-",0.567700117970505,0.0421238236942567
14,17,18,TRUE,"[17]",20,21,TRUE,"[18]",18,19,FALSE,"[]",0.54881690936049,0.178885438199983,2.19882250993909,1.52568542494924,0,1.31882250993909,NA,3.75146273465814,3.06360609910639,1.5857773097089,"20210329_Tom70GFPMTSFlcMch_005y011",FALSE,TRUE,FALSE,"DUMP+/-",0.58612404426282,0.409634091703173
20,28,29,TRUE,"[24]",30,31,TRUE,"[25]",29,30,FALSE,"[]",0.08,0.4,4.24419484413685,0,2.99832564966829,0,NA,7.32152677326355,4.7431092388356,3.03791417546469,"20210329_Tom70GFPMTSFlcMch_005y011",FALSE,TRUE,FALSE,"DUMP+/-",0.579687130235681,0
27,40,41,TRUE,"[34]",42,43,TRUE,"[36]",41,42,FALSE,"[]",0.24,0,5.93457197349374,0.746359556046886,3.46459981964799,0.506359556046887,NA,7.47348636819248,6.11348636819248,1.53891439469875,"20210329_Tom70GFPMTSFlcMch_005y011",FALSE,TRUE,FALSE,"DUMP+/-",0.794083468025253,0.111714893760961
6,16,17,TRUE,"[23,22]",17,18,TRUE,"[25]",18,19,TRUE,"[26]",0.53103672189407,0.178885438199983,6.84770905848358,3.31646752981726,0.386274169979695,4.73037712935689,3.17019335983756,12.4614166326679,6.8746638582534,5.42057048919444,"20210329_Tom70GFPMTSFlcMch_005y012",FALSE,FALSE,TRUE,"DUMP+/+",0.549512889291588,0.32628983774589
7,18,19,TRUE,"[13,12]",21,22,TRUE,"[14]",22,23,TRUE,"[15]",0.08,0.53103672189407,2.8657773097089,0.273137084989848,2.17891439469875,3.0920514796886,0.16,7.42761717372392,4.97556569403533,3.31782878939749,"20210329_Tom70GFPMTSFlcMch_005y013",FALSE,FALSE,TRUE,"DUMP+/+",0.385827277130939,0.0870164173483493
10,32,33,FALSE,"[]",35,36,FALSE,"[]",36,37,FALSE,"[]",0.178885438199983,0.577234787586473,3.17019335983756,NA,NA,NA,NA,5.23614144168084,2.131057759147,4.32134300374423,"20210329_Tom70GFPMTSFlcMch_005y013",TRUE,FALSE,FALSE,"DUMP-/-",0.605444561638867,NA
15,56,57,FALSE,"[]",59,60,FALSE,"[]",61,62,FALSE,"[]",0.32,0.5,1.55264022471905,NA,NA,NA,NA,5.53506883376453,1.971057759147,4.60820591875438,"20210329_Tom70GFPMTSFlcMch_005y013",TRUE,FALSE,FALSE,"DUMP-/-",0.280509650620382,NA
29,172,144,TRUE,"[85,84]",175,146,TRUE,"[88,87]",178,149,FALSE,"[]",0.524976189936267,0.43081318457076,3.495381924516,1.04518856467844,4.42224483952616,0.53254833995939,NA,7.34476533333129,3.41674318409624,3.40919963929597,"20210329_Tom70GFPMTSFlcMch_006y010",FALSE,TRUE,FALSE,"DUMP+/-",0.475901103150785,0.230188820362058
3,13,11,TRUE,"[17,20,19]",16,14,TRUE,"[24]",17,15,TRUE,"[26,25]",0,2.02543822418755,3.15028524459722,0.226274169979695,1.81254833995939,0.193137084989848,2.27264022471905,8.21858304811126,3.00401107461753,4.09037712935689,"20210329_Tom70GFPMTSFlcMch_006y011",FALSE,FALSE,TRUE,"DUMP+/+",0.38331245497619,0.0670132351300702
19,85,74,TRUE,"[137,134,138]",90,78,TRUE,"[144,145]",86,75,TRUE,"[141]",0.16,0.178885438199983,1.63832564966829,0.16,0.32,0.193137084989848,0.53254833995939,5.04183986401502,3.19665129933658,1.79782878939749,"20210329_Tom70GFPMTSFlcMch_006y011",FALSE,FALSE,TRUE,"DUMP+/+",0.324945990720861,0.0889716498396788
9,30,31,TRUE,"[35,32,34,33]",34,35,TRUE,"[39,36,38,37]",32,33,FALSE,"[]",0.08,0.08,1.83146273465814,2.27832564966829,4.06292546931628,2.27832564966829,NA,12.2408278876374,10.508279547678,2.50360609910639,"20210329_Tom70GFPMTSFlcMch_006y015",FALSE,TRUE,FALSE,"DUMP+/-",0.149619188462556,0.554365684217995
11,38,39,TRUE,"[43,40,42,41]",41,42,TRUE,"[46]",43,44,TRUE,"[47,44,45]",0.560357029044876,0.08,7.93889613886273,1.47078210486802,2.79146273465814,1.32450793488832,1.57823376490863,11.780239142607,3.37606255430612,8.07144447882212,"20210329_Tom70GFPMTSFlcMch_006y015",FALSE,FALSE,TRUE,"DUMP+/+",0.673916381726853,0.156305249422097
27,105,106,FALSE,"[]",108,109,FALSE,"[]",109,110,FALSE,"[]",0.524976189936267,0.08,2.6773319291267,NA,NA,NA,NA,4.52897193461169,1.33899978076594,2.64419484413685,"20210329_Tom70GFPMTSFlcMch_006y015",TRUE,FALSE,FALSE,"DUMP-/-",0.591156661551768,NA
22,64,65,TRUE,"[43,42]",66,67,TRUE,"[44]",67,68,TRUE,"[45]",0.113137084989848,0.08,6.86007362892365,0.339411254969543,3.78929152405563,0.226274169979695,3.37606255430612,9.15681681301989,2.47046901411655,7.24585093863255,"20210329_Tom70GFPMTSFlcMch_006y018",FALSE,FALSE,TRUE,"DUMP+/+",0.749176681045913,0.0471438249323753
30,87,88,TRUE,"[59,58]",89,90,TRUE,"[60]",90,91,TRUE,"[61]",0.113137084989848,0.08,7.01957676865285,0.339411254969543,3.68988026908609,0.306274169979695,3.74811403399472,9.38927326821961,2.22342232958707,7.60417658830084,"20210329_Tom70GFPMTSFlcMch_006y018",FALSE,FALSE,TRUE,"DUMP+/+",0.747616622514587,0.046122001269744
32,92,93,TRUE,"[63,62]",94,95,TRUE,"[64]",95,96,TRUE,"[65]",0,0.24,6.1874334042046,0.45254833995939,3.14410295937719,0.45254833995939,3.14174797925536,8.85722178853102,2.74978838432643,7.02526219360209,"20210329_Tom70GFPMTSFlcMch_006y018",FALSE,FALSE,TRUE,"DUMP+/+",0.698574965370805,0.0681550578594805
37,106,107,TRUE,"[73,72]",108,109,TRUE,"[74]",109,110,TRUE,"[75]",0.113137084989848,0.577234787586473,7.23957026996038,0.339411254969543,3.54929152405563,0.226274169979695,3.38174797925536,9.48994739931726,2.12401107461753,7.04467344857163,"20210329_Tom70GFPMTSFlcMch_006y018",FALSE,FALSE,TRUE,"DUMP+/+",0.762867270526833,0.0447832276478179
2,5,4,TRUE,"[2]",8,7,TRUE,"[4]",7,6,FALSE,"[]",0.16,0.08,5.31673668540377,0.226274169979695,5.46929152405563,0.193137084989848,NA,8.67298950792169,3.28369798386606,5.90309624145066,"20210329_Tom70GFPMTSFlcMch_007y001",FALSE,TRUE,FALSE,"DUMP+/-",0.613022381792068,0.0408215274844598
5,14,12,TRUE,"[9]",17,15,TRUE,"[11]",15,13,FALSE,"[]",0.506359556046887,0.5,5.35615443906578,4.91448008873407,10.1769086977795,4.69438820397441,NA,12.4285487032645,6.63230887813157,5.10292546931628,"20210329_Tom70GFPMTSFlcMch_007y001",FALSE,TRUE,FALSE,"DUMP+/-",0.430955742858288,0.478498195552757
7,20,18,TRUE,"[13]",26,22,TRUE,"[15]",25,21,FALSE,"[]",0.577234787586473,0.16,1.63264022471905,0.7057773097089,0.833137084989847,0.16,NA,10.3027778922481,2.051057759147,8.26385699885689,"20210329_Tom70GFPMTSFlcMch_007y001",FALSE,TRUE,FALSE,"DUMP+/-",0.158466021668531,0.301818344807081
12,42,35,FALSE,"[]",46,39,FALSE,"[]",47,40,FALSE,"[]",0.08,0.524976189936267,1.45891439469875,NA,NA,NA,NA,5.34359310172146,1.45891439469875,4.26978838432643,"20210329_Tom70GFPMTSFlcMch_007y001",TRUE,FALSE,FALSE,"DUMP-/-",0.273021236259316,NA
17,72,61,TRUE,"[33,34]",76,64,TRUE,"[35]",77,65,TRUE,"[36]",0.08,0.24,1.7452804494381,0.16,0.16,0.08,0.16,3.84369798386606,2.08419484413685,1.85841753442795,"20210329_Tom70GFPMTSFlcMch_007y001",FALSE,FALSE,TRUE,"DUMP+/+",0.454062846967667,0.0839771384035282
23,95,81,FALSE,"[]",98,83,FALSE,"[]",100,85,FALSE,"[]",0.16,0.08,2.48518856467844,NA,NA,NA,NA,7.87298950792168,2.94242860904548,5.45523960589891,"20210329_Tom70GFPMTSFlcMch_007y001",TRUE,FALSE,FALSE,"DUMP-/-",0.315660088480733,NA
28,112,95,FALSE,"[]",114,96,FALSE,"[]",116,98,FALSE,"[]",0.16,0.08,4.14960461480711,NA,NA,NA,NA,8.09172013310111,3.20938340881529,5.43406861453047,"20210329_Tom70GFPMTSFlcMch_007y001",TRUE,FALSE,FALSE,"DUMP-/-",0.512821074697351,NA
30,118,100,FALSE,"[]",120,101,FALSE,"[]",122,103,FALSE,"[]",0.577234787586473,0.08,2.3720514796886,NA,NA,NA,NA,7.85926367790138,2.58978838432643,5.5077879458583,"20210329_Tom70GFPMTSFlcMch_007y001",TRUE,FALSE,FALSE,"DUMP-/-",0.301815994080758,NA
32,125,106,FALSE,"[]",129,110,FALSE,"[]",126,107,FALSE,"[]",1.0770329614269,0,4.42360609910639,NA,NA,NA,NA,7.87298950792168,3.67665129933658,3.83565757879499,"20210329_Tom70GFPMTSFlcMch_007y001",TRUE,FALSE,FALSE,"DUMP-/-",0.561871204661892,NA
37,145,124,FALSE,"[]",148,126,FALSE,"[]",149,127,FALSE,"[]",0.512640224719052,0.16,2.48518856467844,NA,NA,NA,NA,7.16066237395411,2.78242860904548,4.72233672428582,"20210329_Tom70GFPMTSFlcMch_007y001",TRUE,FALSE,FALSE,"DUMP-/-",0.347061268203059,NA
5,19,20,FALSE,"[]",24,25,FALSE,"[]",23,24,FALSE,"[]",1.53792067415716,0,5.67615443906578,NA,NA,NA,NA,7.2420960222166,5.61457197349374,1.60535933681282,"20210329_Tom70GFPMTSFlcMch_007y002",TRUE,FALSE,FALSE,"DUMP-/-",0.783772325256808,NA
24,102,103,TRUE,"[47,46]",107,108,TRUE,"[49,48]",105,106,FALSE,"[]",0,0.32,10.0508117986267,1.19146273465814,4.05095937569487,1.27146273465814,NA,12.2744049003482,10.6765891083356,1.69841753442795,"20210329_Tom70GFPMTSFlcMch_007y002",FALSE,TRUE,FALSE,"DUMP+/-",0.818843103207522,0.105980576362069
27,112,113,FALSE,"[]",116,117,FALSE,"[]",117,118,FALSE,"[]",0.339411254969543,0.08,1.62635955604689,NA,NA,NA,NA,8.1073764716547,1.33899978076594,6.22888004985203,"20210329_Tom70GFPMTSFlcMch_007y002",TRUE,FALSE,FALSE,"DUMP-/-",0.200602446640171,NA
34,144,143,FALSE,"[]",147,146,FALSE,"[]",148,147,FALSE,"[]",0.08,0.24,1.77841753442795,NA,NA,NA,NA,6.51448008873407,2.131057759147,5.48887355115956,"20210329_Tom70GFPMTSFlcMch_007y002",TRUE,FALSE,FALSE,"DUMP-/-",0.272994546027317,NA
4,8,9,TRUE,"[9,8]",11,12,TRUE,"[12,11]",10,11,FALSE,"[]",0.329848450049413,0,5.43506233507206,0.739411254969543,3.63171889285971,0.466274169979695,NA,12.6666905834135,5.24192525008221,6.51388484501115,"20210329_Tom70GFPMTSFlcMch_007y006",FALSE,TRUE,FALSE,"DUMP+/-",0.42908305837904,0.119752922121505
6,13,14,TRUE,"[15,14]",16,17,TRUE,"[18,17]",15,16,FALSE,"[]",0.113137084989848,0.08,6.16779444455077,0.499411254969543,3.79171889285971,0.386274169979695,NA,12.6486405880242,6.17407511322294,7.50669584186458,"20210329_Tom70GFPMTSFlcMch_007y006",FALSE,TRUE,FALSE,"DUMP+/-",0.487625085211961,0.0749056317559655
20,42,43,TRUE,"[52]",45,46,TRUE,"[54]",44,45,FALSE,"[]",0.524976189936267,0.5,9.7442684730605,5.94075425871377,3.04535933681283,5.55497694900487,NA,11.0433536398936,10.5775763301847,1.3452804494381,"20210329_Tom70GFPMTSFlcMch_007y006",FALSE,TRUE,FALSE,"DUMP+/-",0.88236497632927,0.378753308828757
23,51,52,TRUE,"[58]",55,56,TRUE,"[60]",53,54,FALSE,"[]",0.08,0.593632883186233,8.11328960128821,3.94274169979695,3.19907866814066,3.60333044482741,NA,9.79229588074662,7.97329609998069,1.21891439469875,"20210329_Tom70GFPMTSFlcMch_007y006",FALSE,TRUE,FALSE,"DUMP+/-",0.828538036441522,0.327034792904201
30,69,70,TRUE,"[72]",72,73,TRUE,"[74]",71,72,FALSE,"[]",0.5,0.512640224719052,10.3398329268544,6.14242860904548,3.19907866814066,5.45037712935689,NA,11.9108906860014,10.0403362858177,1.45841753442795,"20210329_Tom70GFPMTSFlcMch_007y006",FALSE,TRUE,FALSE,"DUMP+/-",0.868099053163721,0.372669041543037
33,49,47,TRUE,"[435,434]",51,49,TRUE,"[436]",52,50,TRUE,"[437]",0.113137084989848,0.16,4.75411254969543,2.00568542494924,1.38509667991878,2.25891439469875,3.26960461480711,9.06507842408277,5.09624632382545,5.34057048919444,"20210329_Tom70GFPMTSFlcMch_007y008",FALSE,FALSE,TRUE,"DUMP+/+",0.524442517459683,0.296707894595721
35,54,52,TRUE,"[440,439]",56,54,TRUE,"[442]",57,55,TRUE,"[443]",0.178885438199983,0.16,5.10106734946524,2.89841753442795,1.67146273465814,2.7052804494381,3.54224483952616,9.81153636358179,5.37699934229782,5.43998174416399,"20210329_Tom70GFPMTSFlcMch_007y008",FALSE,FALSE,TRUE,"DUMP+/+",0.51990505466598,0.362325521767515
38,62,60,TRUE,"[449,448]",64,62,TRUE,"[451]",65,63,TRUE,"[452]",0,0.16,4.82842712474619,1.93941125496954,1.69137084989848,1.93941125496954,3.26910775453631,9.25253008412338,4.55665129933658,5.99330259867316,"20210329_Tom70GFPMTSFlcMch_007y008",FALSE,FALSE,TRUE,"DUMP+/+",0.521849383989726,0.286562879631148
23,45,46,TRUE,"[45,44]",48,49,TRUE,"[47,46]",46,47,FALSE,"[]",0.24,0.16,1.7452804494381,2.8373319291267,4.54319462490279,2.5173319291267,NA,7.24671533794199,5.12084614347343,1.76469170440765,"20210329_Tom70GFPMTSFlcMch_008y002",FALSE,TRUE,FALSE,"DUMP+/-",0.24083745090693,0.619151631152208
26,53,54,TRUE,"[51,50]",56,57,TRUE,"[53,52]",54,55,FALSE,"[]",0.16,0.16,1.8252804494381,2.08469170440765,3.90997215384575,1.87782878939749,NA,6.48603470815187,4.60016551368331,2.16419484413685,"20210329_Tom70GFPMTSFlcMch_008y002",FALSE,TRUE,FALSE,"DUMP+/-",0.281417003079559,0.53317303100412
31,67,68,TRUE,"[61,60]",70,71,TRUE,"[63,62]",68,69,FALSE,"[]",0.08,0.53103672189407,1.97271911209377,2.24419484413685,4.19005753991294,2.1973319291267,NA,6.89298300922921,4.90025739844297,1.45841753442795,"20210329_Tom70GFPMTSFlcMch_008y002",FALSE,TRUE,FALSE,"DUMP+/-",0.286192365402967,0.532188910523294
2,4,5,TRUE,"[1]",7,8,TRUE,"[2]",6,7,FALSE,"[]",0.512640224719052,0.5,1.25899978076594,0.506359556046887,1.7652804494381,0,NA,9.99793737053091,8.87208117344729,1.1052804494381,"20210329_Tom70GFPMTSFlcMch_008y009",FALSE,TRUE,FALSE,"DUMP+/-",0.125925951934532,0.286830870909866
39,79,80,TRUE,"[38]",82,83,TRUE,"[39]",81,82,FALSE,"[]",0.791959594928933,0.16,0.5,5.12802214923506,5.52752528896426,5.10193174877468,NA,7.81858304811126,7.18612659291153,0.818914394698747,"20210329_Tom70GFPMTSFlcMch_008y009",FALSE,TRUE,FALSE,"DUMP+/-",0.0639502064406396,0.911158842886225
7,12,13,TRUE,"[18,17,16]",15,16,TRUE,"[21,20,19]",14,15,FALSE,"[]",0.339411254969543,0.08,1.31264022471905,1.48527395074563,2.70418834544438,1.33899978076594,NA,10.0145537176577,8.47563932295897,1.29891439469875,"20210329_Tom70GFPMTSFlcMch_008y010",FALSE,TRUE,FALSE,"DUMP+/-",0.131073262146929,0.530850432715276
13,30,31,TRUE,"[36,35,34]",34,35,TRUE,"[39,38,37]",33,34,FALSE,"[]",0.5,0.512640224719052,8.2237716127897,1.5,1.63078210486802,1,NA,9.75541161827469,8.51582309247829,1.37841753442795,"20210329_Tom70GFPMTSFlcMch_008y010",FALSE,TRUE,FALSE,"DUMP+/-",0.842995860613837,0.15426113032386
17,45,46,TRUE,"[48,47,46]",49,50,TRUE,"[51,50,49]",48,49,FALSE,"[]",0.524976189936267,0.5,8.45121027544537,1.84535933681282,1.79078210486802,1.17899978076594,NA,10.0628502809304,8.37749094411753,1.2652804494381,"20210329_Tom70GFPMTSFlcMch_008y010",FALSE,TRUE,FALSE,"DUMP+/-",0.839842593252219,0.179220789671145
25,76,77,TRUE,"[72,71,70]",80,81,TRUE,"[74,73]",79,80,FALSE,"[]",0.5,0.54881690936049,8.79071991386705,2.48369798386606,2.46342232958707,2.21674318409624,NA,10.1360003633052,8.41122327283031,1.4115546194178,"20210329_Tom70GFPMTSFlcMch_008y010",FALSE,TRUE,FALSE,"DUMP+/-",0.867276992776327,0.220295008256297
28,82,83,TRUE,"[54]",84,85,TRUE,"[56]",85,86,FALSE,"[]",0.32,0,2.16518856467844,0.306274169979695,0.951959594928933,0,NA,3.24351421434673,2.5173319291267,1.12518856467844,"20210329_Tom70GFPMTSFlcMch_008y011",FALSE,TRUE,FALSE,"DUMP+/-",0.667544034523224,0.12392425169302
32,93,94,TRUE,"[63,62]",95,96,TRUE,"[65,64]",94,95,FALSE,"[]",0.178885438199983,0.4,4.8291931406035,0.24,0.645685424949238,0.419411254969543,NA,7.07907340968959,5.26193174877468,1.36518856467844,"20210329_Tom70GFPMTSFlcMch_008y011",FALSE,TRUE,FALSE,"DUMP+/-",0.682178706325248,0.0473448127430054
33,95,96,TRUE,"[65,64]",96,97,TRUE,"[66]",98,99,TRUE,"[67]",0.08,0.524976189936267,4.70861089426551,0.193137084989848,0.61254833995939,0.08,4.49556569403533,7.0384911633516,2.3573319291267,5.88142838981142,"20210329_Tom70GFPMTSFlcMch_008y011",FALSE,FALSE,TRUE,"DUMP+/+",0.668980152846191,0.0394016758526185
35,99,100,TRUE,"[69,68]",101,102,TRUE,"[71,70]",100,101,FALSE,"[]",0.16,0.16,4.97606255430612,0.513137084989848,0.725685424949238,0.4,NA,6.78811403399472,5.39448008873407,1.20518856467844,"20210329_Tom70GFPMTSFlcMch_008y011",FALSE,TRUE,FALSE,"DUMP+/-",0.733055238816867,0.0934812210720871
9,53,54,FALSE,"[]",58,59,FALSE,"[]",59,60,FALSE,"[]",0,1.0252804494381,2.43799956153188,NA,NA,NA,NA,2.72369798386606,1.33899978076594,1.3452804494381,"20210329_Tom70GFPMTSFlcMch_009y005",TRUE,FALSE,FALSE,"DUMP-/-",0.895106423683343,NA
11,64,65,FALSE,"[]",69,70,FALSE,"[]",70,71,FALSE,"[]",0.53103672189407,0.506359556046887,1.84419484413685,NA,NA,NA,NA,2.8368350688559,1.29841753442795,1.2652804494381,"20210329_Tom70GFPMTSFlcMch_009y005",TRUE,FALSE,FALSE,"DUMP-/-",0.650088848796069,NA
14,81,82,FALSE,"[]",88,89,FALSE,"[]",87,88,FALSE,"[]",0.08,1.51062900806254,2.31741731519389,NA,NA,NA,NA,3.07633820858511,1.33899978076594,0.945777309708899,"20210329_Tom70GFPMTSFlcMch_009y005",TRUE,FALSE,FALSE,"DUMP-/-",0.753303817092248,NA
14,82,83,FALSE,"[]",89,90,FALSE,"[]",85,86,FALSE,"[]",0.68381283989115,0,6.64134300374422,NA,NA,NA,NA,9.23917179314172,6.03497694900487,3.36419484413685,"20210329_Tom70GFPMTSFlcMch_009y005",TRUE,FALSE,FALSE,"DUMP-/-",0.718824495575905,NA
18,106,107,FALSE,"[]",112,113,FALSE,"[]",109,110,FALSE,"[]",0.08,0.4,6.24752528896426,NA,NA,NA,NA,10.0574909441175,6.69379296025148,3.13087398962768,"20210329_Tom70GFPMTSFlcMch_009y005",TRUE,FALSE,FALSE,"DUMP-/-",0.621181298961878,NA
19,113,114,FALSE,"[]",118,119,FALSE,"[]",119,120,FALSE,"[]",0.178885438199983,0.08,0.85254833995939,NA,NA,NA,NA,4.42174797925536,1.29841753442795,3.77556569403533,"20210329_Tom70GFPMTSFlcMch_009y005",TRUE,FALSE,FALSE,"DUMP-/-",0.192807989953096,NA
22,130,131,FALSE,"[]",136,137,FALSE,"[]",135,136,FALSE,"[]",0,0.512249938994628,1.23832564966829,NA,NA,NA,NA,4.82174797925536,4.55555919534286,1.1852804494381,"20210329_Tom70GFPMTSFlcMch_009y005",TRUE,FALSE,FALSE,"DUMP-/-",0.256820898768651,NA
22,131,132,TRUE,"[71,72]",137,138,TRUE,"[74]",138,139,TRUE,"[75]",0.506359556046887,0.113137084989848,1.61137084989848,0.226274169979695,0.546274169979695,0.16,2.0657773097089,6.05379296025148,3.40202363353435,4.32183986401502,"20210329_Tom70GFPMTSFlcMch_009y005",FALSE,FALSE,TRUE,"DUMP+/+",0.266175414401938,0.123132687506043
26,155,156,TRUE,"[83,84]",161,162,TRUE,"[87]",159,160,TRUE,"[86]",0.24,0.5,3.30360609910639,0.193137084989848,0.786274169979695,1.89254833995939,0.16,6.98594282339221,4.07605605561365,3.33574946355465,"20210329_Tom70GFPMTSFlcMch_009y005",FALSE,FALSE,TRUE,"DUMP+/+",0.472893377833608,0.0552334200201681
33,191,192,FALSE,"[]",194,195,FALSE,"[]",196,197,FALSE,"[]",0.512640224719052,0.54881690936049,7.99280573840236,NA,NA,NA,NA,11.222097262458,2.78292546931628,8.02594282339221,"20210329_Tom70GFPMTSFlcMch_009y005",TRUE,FALSE,FALSE,"DUMP-/-",0.712238145105123,NA
33,193,194,TRUE,"[105,106]",197,198,TRUE,"[108]",199,200,TRUE,"[109]",0,0.577234787586473,1.73773690463783,0,0.579411254969543,0,2.00568542494924,6.71898802362239,3.34897843330416,4.47555919534286,"20210329_Tom70GFPMTSFlcMch_009y005",FALSE,FALSE,TRUE,"DUMP+/+",0.258630748935458,0
34,196,197,FALSE,"[]",202,203,FALSE,"[]",203,204,FALSE,"[]",1.01587400793602,0.45254833995939,2.371057759147,NA,NA,NA,NA,8.99162824834145,2.39046901411655,6.07429631921475,"20210329_Tom70GFPMTSFlcMch_009y005",TRUE,FALSE,FALSE,"DUMP-/-",0.263696150870601,NA
37,216,217,FALSE,"[]",219,220,FALSE,"[]",222,223,FALSE,"[]",0.506359556046887,0.16,5.56919963929597,NA,NA,NA,NA,8.0122169933719,2.09087398962768,6.10869628033271,"20210329_Tom70GFPMTSFlcMch_009y005",TRUE,FALSE,FALSE,"DUMP-/-",0.695088468510412,NA
37,218,219,TRUE,"[117,118]",225,226,TRUE,"[121]",223,224,TRUE,"[120]",1.0283968105746,0,2.18459981964798,0,0.546274169979695,1.76568542494924,0,6.14007362892365,3.95547380927567,3.8483896882737,"20210329_Tom70GFPMTSFlcMch_009y005",FALSE,FALSE,TRUE,"DUMP+/+",0.355793749664032,0
38,221,222,FALSE,"[]",228,229,FALSE,"[]",229,230,FALSE,"[]",1.00637965003273,0.08,2.35164000548499,NA,NA,NA,NA,2.86997215384575,1.2652804494381,1.29841753442795,"20210329_Tom70GFPMTSFlcMch_009y005",TRUE,FALSE,FALSE,"DUMP-/-",0.819394711664293,NA
2,19,19,TRUE,"[25,26,20]",29,29,TRUE,"[42]",31,31,TRUE,"[43,36]",0.16,0.53103672189407,9.87130216020503,0.16,5.37682857016343,0.193137084989848,0,12.6141422434541,1.54459981964798,9.88502799022534,"20210329_Tom70GFPMTSFlcMch_009y007",FALSE,FALSE,TRUE,"DUMP+/+",0.782558335690844,0.0159500728265103
4,42,42,TRUE,"[51]",57,57,TRUE,"[68]",55,55,FALSE,"[]",0.08,0.512640224719052,4.94861089426551,0.53254833995939,2.72568542494924,0.499411254969543,NA,9.97672492826023,5.55448008873407,4.66174797925536,"20210329_Tom70GFPMTSFlcMch_009y007",FALSE,TRUE,FALSE,"DUMP+/-",0.49601556922232,0.0971598009111112
4,44,44,FALSE,"[]",59,59,FALSE,"[]",60,60,FALSE,"[]",0.08,0.506359556046887,0.992640224719052,NA,NA,NA,NA,4.52252049380514,1.2652804494381,3.27063978625093,"20210329_Tom70GFPMTSFlcMch_009y007",TRUE,FALSE,FALSE,"DUMP-/-",0.21948827563717,NA
5,63,63,TRUE,"[73,74,67]",72,72,TRUE,"[90,83,91]",71,71,FALSE,"[]",0.178885438199983,1.04076894650062,2.47146273465814,0.706274169979695,3.08401107461753,0.838822509939086,NA,7.61288462577709,5.00684465917414,2.851057759147,"20210329_Tom70GFPMTSFlcMch_009y007",FALSE,TRUE,FALSE,"DUMP+/-",0.324642084590355,0.222256968142613
6,70,70,TRUE,"[84,85]",82,82,TRUE,"[101]",83,83,TRUE,"[100]",0,0.565685424949238,2.81037712935688,0.339411254969543,0.4,0.45254833995939,5.48066237395411,12.7675924191954,2.79665129933658,10.2299538980097,"20210329_Tom70GFPMTSFlcMch_009y007",FALSE,FALSE,TRUE,"DUMP+/+",0.220118017327341,0.107756843811628
6,73,73,TRUE,"[93,94]",85,85,TRUE,"[108]",87,87,TRUE,"[109]",0.5,0.16,1.85841753442795,0.16,0.08,0,0,3.91692045492309,1.4257773097089,2.07907866814066,"20210329_Tom70GFPMTSFlcMch_009y007",FALSE,FALSE,TRUE,"DUMP+/+",0.474458839747983,0.0792700208311192
6,78,78,TRUE,"[96,95]",93,93,TRUE,"[111,110]",92,92,FALSE,"[]",0.16,0.16,7.86025739844297,0.965685424949238,4.36969649956677,0.838822509939086,NA,9.43230887813157,8.84436035782016,1.61891439469875,"20210329_Tom70GFPMTSFlcMch_009y007",FALSE,TRUE,FALSE,"DUMP+/-",0.833333333333333,0.109414421130147
6,81,81,FALSE,"[]",98,97,FALSE,"[]",94,94,FALSE,"[]",0.113137084989848,0,2.39146273465814,NA,NA,NA,NA,2.82360609910639,2.55096587438734,0.7057773097089,"20210329_Tom70GFPMTSFlcMch_009y007",TRUE,FALSE,FALSE,"DUMP-/-",0.846953381852724,NA
8,100,99,TRUE,"[116]",115,113,TRUE,"[133]",113,111,FALSE,"[]",0,1.01271911209377,4.92242211035301,0.419411254969543,5.34183336532255,0.419411254969543,NA,10.1711248893782,5.44134300374423,4.19597066954646,"20210329_Tom70GFPMTSFlcMch_009y007",FALSE,TRUE,FALSE,"DUMP+/-",0.483960443302938,0.0785144773875248
8,104,103,FALSE,"[]",120,118,FALSE,"[]",119,117,FALSE,"[]",0.288444102037119,0.506359556046887,1.09205147968859,NA,NA,NA,NA,4.75079756100037,1.1852804494381,2.94997215384575,"20210329_Tom70GFPMTSFlcMch_009y007",TRUE,FALSE,FALSE,"DUMP-/-",0.229866978263465,NA
9,123,121,FALSE,"[]",139,136,FALSE,"[]",140,137,FALSE,"[]",0,0.25298221281347,0.865777309708899,NA,NA,NA,NA,6.26643968366301,0.818914394698747,5.05556569403533,"20210329_Tom70GFPMTSFlcMch_009y007",TRUE,FALSE,FALSE,"DUMP-/-",0.138160957962467,NA
9,124,122,TRUE,"[145,143,144]",142,139,TRUE,"[160,159]",141,138,FALSE,"[]",0.08,0.113137084989848,8.81172013310111,1.07882250993909,5.33488506424521,0.838822509939086,NA,10.4637716127897,9.49808618784046,1.53891439469875,"20210329_Tom70GFPMTSFlcMch_009y007",FALSE,TRUE,FALSE,"DUMP+/-",0.842117016614801,0.109076169920589
9,127,124,TRUE,"[147,146]",145,142,TRUE,"[162,161]",143,140,FALSE,"[]",0.593632883186233,0,4.84301735407594,0.979411254969543,1.39832564966829,1.1057773097089,NA,5.35516071852419,5.08252049380514,1.17899978076594,"20210329_Tom70GFPMTSFlcMch_009y007",FALSE,TRUE,FALSE,"DUMP+/-",0.90436452025115,0.168213527504308
11,156,153,FALSE,"[]",170,167,FALSE,"[]",171,168,FALSE,"[]",1.04076894650062,0,5.34242860904548,NA,NA,NA,NA,6.67514772113925,0.785777309708899,5.32870277902517,"20210329_Tom70GFPMTSFlcMch_009y007",TRUE,FALSE,FALSE,"DUMP-/-",0.800346124495007,NA
13,183,180,TRUE,"[203,204,196]",195,192,TRUE,"[219]",199,196,TRUE,"[220,213]",0.5,0.178885438199983,9.93757633018473,0.113137084989848,6.05565108010252,0.08,0,13.1410051584643,1.54459981964798,9.7975828288772,"20210329_Tom70GFPMTSFlcMch_009y007",FALSE,FALSE,TRUE,"DUMP+/+",0.756226499445807,0.0112566223228525
14,206,203,TRUE,"[223,222]",221,218,TRUE,"[239,238]",222,219,FALSE,"[]",0.16,0.4,2.65841753442795,1.41205147968859,4.07046901411655,0.913137084989848,NA,7.79591373699656,4.371057759147,2.47665129933658,"20210329_Tom70GFPMTSFlcMch_009y007",FALSE,TRUE,FALSE,"DUMP+/-",0.341001404596368,0.34690141966234
15,218,215,TRUE,"[237,236]",234,231,TRUE,"[253,251,252]",233,230,FALSE,"[]",0.08,0.486621002423858,9.22494910285062,0.645685424949238,5.77606255430612,0.69254833995939,NA,11.0701376675291,9.25758932756967,1.41205147968859,"20210329_Tom70GFPMTSFlcMch_009y007",FALSE,TRUE,FALSE,"DUMP+/-",0.833318372354957,0.0654147839362015
17,245,241,TRUE,"[266,267,259]",259,254,TRUE,"[284]",262,257,TRUE,"[285,276]",0.24,0.08,1.65205147968859,0.32,0.16,0.08,6.08702842869346,14.5380679320045,1.44518856467844,13.4455195920451,"20210329_Tom70GFPMTSFlcMch_009y007",FALSE,FALSE,TRUE,"DUMP+/+",0.113636247086982,0.162267569227215
17,250,246,TRUE,"[270,268,269]",267,262,TRUE,"[286]",266,261,FALSE,"[]",0.24,0.407921561087423,8.16653156842267,0.645685424949238,5.02861089426551,0.386274169979695,NA,10.1712232728303,8.65122327283031,1.4915546194178,"20210329_Tom70GFPMTSFlcMch_009y007",FALSE,TRUE,FALSE,"DUMP+/-",0.802905545317972,0.0732716211408422
18,265,260,FALSE,"[]",281,276,FALSE,"[]",282,277,FALSE,"[]",0.54881690936049,0.5,4.5178287893975,NA,NA,NA,NA,5.88252049380514,0.945777309708899,4.95615443906578,"20210329_Tom70GFPMTSFlcMch_009y007",TRUE,FALSE,FALSE,"DUMP-/-",0.768009018269499,NA
19,276,271,FALSE,"[]",293,287,FALSE,"[]",294,288,FALSE,"[]",0.524976189936267,0.16,2.33941125496954,NA,NA,NA,NA,4.051057759147,1.1852804494381,2.9031092388356,"20210329_Tom70GFPMTSFlcMch_009y007",TRUE,FALSE,FALSE,"DUMP-/-",0.577481584824931,NA
19,288,282,FALSE,"[]",304,298,FALSE,"[]",301,295,FALSE,"[]",0.506359556046887,0.178885438199983,2.01891439469875,NA,NA,NA,NA,2.91799956153188,2.72419484413685,0.898914394698747,"20210329_Tom70GFPMTSFlcMch_009y007",TRUE,FALSE,FALSE,"DUMP-/-",0.691883035663949,NA
20,298,292,FALSE,"[]",314,308,FALSE,"[]",315,309,FALSE,"[]",0.113137084989848,1,5.66811403399472,NA,NA,NA,NA,6.56819292136944,0.932051479688595,5.81438820397441,"20210329_Tom70GFPMTSFlcMch_009y007",TRUE,FALSE,FALSE,"DUMP-/-",0.862963999664757,NA
21,320,314,FALSE,"[]",337,331,FALSE,"[]",335,329,FALSE,"[]",0.577234787586473,0.08,3.00301735407594,NA,NA,NA,NA,3.78879466378484,3.17624632382545,1.3315546194178,"20210329_Tom70GFPMTSFlcMch_009y007",TRUE,FALSE,FALSE,"DUMP-/-",0.792604936546246,NA
23,345,339,TRUE,"[359,352]",360,354,TRUE,"[375]",362,356,TRUE,"[368]",1.01271911209377,0.5,9.55622156929696,0.785777309708899,5.86065587526163,0.08,2.27078210486802,13.798061433312,1.84518856467844,9.71622156929696,"20210329_Tom70GFPMTSFlcMch_009y007",FALSE,FALSE,TRUE,"DUMP+/+",0.692577114218802,0.0759792491666208
23,353,347,FALSE,"[]",369,363,FALSE,"[]",371,365,FALSE,"[]",0.08,0.178885438199983,2.39046901411655,NA,NA,NA,NA,3.83565757879499,0.818914394698747,2.69674318409624,"20210329_Tom70GFPMTSFlcMch_009y007",TRUE,FALSE,FALSE,"DUMP-/-",0.623222736912698,NA
24,367,361,FALSE,"[]",385,379,FALSE,"[]",383,377,FALSE,"[]",0.226274169979695,0.32,1.76518856467844,NA,NA,NA,NA,2.73037712935689,1.4257773097089,0.932051479688595,"20210329_Tom70GFPMTSFlcMch_009y007",TRUE,FALSE,FALSE,"DUMP-/-",0.646499908638708,NA
25,377,371,FALSE,"[]",392,386,FALSE,"[]",393,387,FALSE,"[]",0.24,0.506359556046887,0.56,NA,NA,NA,NA,3.62410295937719,0.898914394698747,2.8368350688559,"20210329_Tom70GFPMTSFlcMch_009y007",TRUE,FALSE,FALSE,"DUMP-/-",0.154520996306418,NA
25,380,374,FALSE,"[]",397,391,FALSE,"[]",399,393,FALSE,"[]",1.04995237987253,0,1.67146273465814,NA,NA,NA,NA,3.72252049380514,1.09271911209377,2.01037712935688,"20210329_Tom70GFPMTSFlcMch_009y007",TRUE,FALSE,FALSE,"DUMP-/-",0.449013709243432,NA
25,381,375,FALSE,"[]",400,394,FALSE,"[]",398,392,FALSE,"[]",0.178885438199983,0,0.945777309708899,NA,NA,NA,NA,4.94143488850389,3.58997215384575,0.978914394698747,"20210329_Tom70GFPMTSFlcMch_009y007",TRUE,FALSE,FALSE,"DUMP-/-",0.191397302817695,NA
25,382,376,TRUE,"[394,392,393]",402,396,TRUE,"[410,408,409]",401,395,FALSE,"[]",0,0.43081318457076,7.17389134370361,0.306274169979695,4.27597066954646,0.306274169979695,NA,9.49858304811126,7.55966865341251,1.8115546194178,"20210329_Tom70GFPMTSFlcMch_009y007",FALSE,TRUE,FALSE,"DUMP+/-",0.75525910626534,0.0409448386428662
25,387,381,FALSE,"[]",405,399,FALSE,"[]",407,401,FALSE,"[]",0.113137084989848,0.08,2.74360609910639,NA,NA,NA,NA,3.75565757879499,0.818914394698747,2.74360609910639,"20210329_Tom70GFPMTSFlcMch_009y007",TRUE,FALSE,FALSE,"DUMP-/-",0.730526157282605,NA
28,437,430,FALSE,"[]",450,443,FALSE,"[]",451,444,FALSE,"[]",0.08,0.08,0.08,NA,NA,NA,NA,2.26410295937719,0.6257773097089,2.07096587438734,"20210329_Tom70GFPMTSFlcMch_009y007",TRUE,FALSE,FALSE,"DUMP-/-",0.0353340821664782,NA
29,444,437,FALSE,"[]",458,451,FALSE,"[]",461,454,FALSE,"[]",0,0.32,0.433137084989848,NA,NA,NA,NA,3.8773319291267,0.898914394698747,2.88469170440765,"20210329_Tom70GFPMTSFlcMch_009y007",TRUE,FALSE,FALSE,"DUMP-/-",0.111710086447875,NA
30,464,457,FALSE,"[]",480,473,FALSE,"[]",481,474,FALSE,"[]",0.288444102037119,0.16,6.27338798474035,NA,NA,NA,NA,7.28543946442894,0.852051479688595,6.66494910285062,"20210329_Tom70GFPMTSFlcMch_009y007",TRUE,FALSE,FALSE,"DUMP-/-",0.861085733450958,NA
31,482,475,TRUE,"[486,483,485]",498,491,TRUE,"[502,499,501]",497,490,FALSE,"[]",0.288444102037119,0.08,6.82125111898456,0.419411254969543,4.15764501987817,0.193137084989848,NA,9.57858304811126,6.91448008873407,2.71046901411655,"20210329_Tom70GFPMTSFlcMch_009y007",FALSE,TRUE,FALSE,"DUMP+/-",0.71213571827094,0.0579244319522806
32,493,486,TRUE,"[498,491]",508,501,TRUE,"[507]",509,502,TRUE,"[513]",0.5,0.54881690936049,9.92543946442894,0.965188564678442,5.74937691012282,2.87764501987817,0.53254833995939,12.4494505390465,9.82543296573647,1.75096587438734,"20210329_Tom70GFPMTSFlcMch_009y007",FALSE,FALSE,TRUE,"DUMP+/+",0.797259239136601,0.0886256111308533
32,500,493,TRUE,"[503]",517,510,TRUE,"[517]",516,509,FALSE,"[]",0,0.24,2.93254833995939,1.49254833995939,0.592640224719052,2.30468520571518,NA,4.08469170440765,4.710044542528,1.13891439469875,"20210329_Tom70GFPMTSFlcMch_009y007",FALSE,TRUE,FALSE,"DUMP+/-",0.717936273328776,0.337291690536982
33,515,508,TRUE,"[516,514,515]",534,527,TRUE,"[530,528,529]",533,526,FALSE,"[]",0.178885438199983,0.25298221281347,7.18761717372392,0.273137084989848,4.35597066954646,0.306274169979695,NA,9.4384911633516,7.52653156842267,2.32469170440765,"20210329_Tom70GFPMTSFlcMch_009y007",FALSE,TRUE,FALSE,"DUMP+/-",0.761521841714752,0.0366098487523346
34,532,525,FALSE,"[]",547,540,FALSE,"[]",548,541,FALSE,"[]",0.506359556046887,0.5,1.73271911209377,NA,NA,NA,NA,6.3860282094594,1.1052804494381,5.68653156842267,"20210329_Tom70GFPMTSFlcMch_009y007",TRUE,FALSE,FALSE,"DUMP-/-",0.271329699033768,NA
34,536,529,FALSE,"[]",553,546,FALSE,"[]",551,544,FALSE,"[]",0.08,0.08,2.96988026908609,NA,NA,NA,NA,5.50662345318233,3.00301735407594,2.55046901411655,"20210329_Tom70GFPMTSFlcMch_009y007",TRUE,FALSE,FALSE,"DUMP-/-",0.53932873644552,NA
35,548,541,FALSE,"[]",565,558,FALSE,"[]",566,559,FALSE,"[]",0.08,0.226274169979695,2.34410295937719,NA,NA,NA,NA,6.26594282339221,2.64988026908609,3.92183986401502,"20210329_Tom70GFPMTSFlcMch_009y007",TRUE,FALSE,FALSE,"DUMP-/-",0.374102194266139,NA
36,568,561,TRUE,"[559]",583,576,TRUE,"[574]",582,575,FALSE,"[]",0.614817045957576,0.604317797189525,2.65891439469875,0.8,0,0.992640224719052,NA,5.82193174877468,3.74997215384575,0.912640224719052,"20210329_Tom70GFPMTSFlcMch_009y007",FALSE,TRUE,FALSE,"DUMP+/-",0.456706555390031,0.231286440978738
37,581,574,TRUE,"[573,571,572]",597,590,TRUE,"[587,585,586]",596,589,FALSE,"[]",0.512640224719052,2.75971012970565,7.20702842869346,0.339411254969543,4.27597066954646,0.339411254969543,NA,9.6779943030808,7.24016551368331,1.45891439469875,"20210329_Tom70GFPMTSFlcMch_009y007",FALSE,TRUE,FALSE,"DUMP+/-",0.744682028423931,0.0449763423809404
38,595,588,FALSE,"[]",612,604,FALSE,"[]",613,605,FALSE,"[]",0,0.24,2.92301735407594,NA,NA,NA,NA,6.74544596312141,2.95615443906578,3.98242860904548,"20210329_Tom70GFPMTSFlcMch_009y007",TRUE,FALSE,FALSE,"DUMP-/-",0.433331965011151,NA
39,614,606,TRUE,"[601,599,600]",630,621,TRUE,"[615,613,614]",629,620,FALSE,"[]",0,0.25298221281347,7.49957676865285,0.306274169979695,4.92870277902517,0.306274169979695,NA,10.2975893275697,7.9184911633516,1.36518856467844,"20210329_Tom70GFPMTSFlcMch_009y007",FALSE,TRUE,FALSE,"DUMP+/-",0.728284701408152,0.0392364871411892
39,618,609,FALSE,"[]",632,623,FALSE,"[]",634,625,FALSE,"[]",0.226274169979695,0,2.33841753442795,NA,NA,NA,NA,4.78143488850389,2.34360609910639,2.76301735407594,"20210329_Tom70GFPMTSFlcMch_009y007",TRUE,FALSE,FALSE,"DUMP-/-",0.489061879740381,NA
18,34,35,TRUE,"[37,36]",36,37,TRUE,"[38]",37,38,TRUE,"[39]",0.5,0.506359556046887,5.85357825295214,1.07264022471905,0,0.64,3.25674318409624,7.92630386373839,1.8257773097089,5.72671533794199,"20210329_Tom70GFPMTSFlcMch_009y009",FALSE,FALSE,TRUE,"DUMP+/+",0.738500359509475,0.154866645944975
20,39,40,TRUE,"[41,40]",41,42,TRUE,"[42]",42,43,TRUE,"[43]",0.506359556046887,0.5,5.76789282800291,0.833137084989847,0,0.64,3.35046901411655,7.96589238953478,1.85891439469875,5.68789282800291,"20210329_Tom70GFPMTSFlcMch_009y009",FALSE,FALSE,TRUE,"DUMP+/+",0.724073656277418,0.12621319642106
20,96,97,TRUE,"[75]",98,99,TRUE,"[78]",100,101,FALSE,"[]",0.08,0.71133676975115,4.11597066954646,0.678822509939086,4.79479317948555,0.758822509939086,NA,8.53536366867998,4.43311882915384,4.38811403399472,"20210329_Tom70GFPMTSFlcMch_009y010",FALSE,TRUE,FALSE,"DUMP+/-",0.482225576942875,0.141574930247965
22,103,104,TRUE,"[81]",105,106,TRUE,"[85]",107,108,FALSE,"[]",0,0.178885438199983,4.48851900950585,0.678822509939086,5.16734151944494,0.645685424949238,NA,8.98222658369014,4.5874334042046,5.12702842869346,"20210329_Tom70GFPMTSFlcMch_009y010",FALSE,TRUE,FALSE,"DUMP+/-",0.499711176030236,0.131367843093909
25,113,114,TRUE,"[91]",116,117,TRUE,"[93,95]",117,118,FALSE,"[]",0.113137084989848,0.24,1.55832564966829,4.26978838432643,5.68752528896426,4.23665129933658,NA,9.48868452318916,8.13153636358178,1.79782878939749,"20210329_Tom70GFPMTSFlcMch_009y010",FALSE,TRUE,FALSE,"DUMP+/-",0.16422989360221,0.732619224576123
28,123,124,TRUE,"[101,103]",125,126,TRUE,"[105,107]",127,128,FALSE,"[]",0.357770876399966,0,3.99665129933658,1.17823376490863,5.17488506424521,0.758822509939086,NA,8.63712990377135,4.16047860443479,5.9141669979826,"20210329_Tom70GFPMTSFlcMch_009y010",FALSE,TRUE,FALSE,"DUMP+/-",0.462729094486754,0.227683079001965
32,134,135,TRUE,"[121,118,120]",136,137,TRUE,"[125]",137,138,TRUE,"[122,123]",0.08,0.24,5.93457197349373,0.819411254969543,5.96016551368331,1.43146273465814,0.899411254969543,9.85505057792852,2.58978838432643,6.0622009043612,"20210329_Tom70GFPMTSFlcMch_009y010",FALSE,FALSE,TRUE,"DUMP+/+",0.60218584639077,0.121322666529035
3,36,37,TRUE,"[2491,2490]",51,52,TRUE,"[2509]",52,53,TRUE,"[2510]",0.524976189936267,1.01271911209377,4.8088865485445,0.32,2.42410295937719,3.83748970387614,0,12.5526581613342,6.28043466926983,4.23565757879499,"20210329_Tom70GFPMTSFlcMch_009y013",FALSE,FALSE,TRUE,"DUMP+/+",0.383097068902685,0.0623917095789166
4,60,61,TRUE,"[2523]",76,77,TRUE,"[2547]",75,76,FALSE,"[]",0.24,0,5.20988026908609,2.98459981964799,1.1857773097089,2.74459981964799,NA,6.04252049380514,5.08252049380514,0.865777309708899,"20210329_Tom70GFPMTSFlcMch_009y013",FALSE,TRUE,FALSE,"DUMP+/-",0.862203160821269,0.364220766580575
5,67,68,TRUE,"[2535,2533]",83,84,TRUE,"[2555]",84,85,TRUE,"[2557]",0.08,0.226274169979695,4.45488506424521,0.08,4.42174797925536,2.83171889285971,0,9.0900457827694,5.69464436217598,4.39516071852419,"20210329_Tom70GFPMTSFlcMch_009y013",FALSE,FALSE,TRUE,"DUMP+/+",0.490083897342921,0.0176410204154348
7,100,101,TRUE,"[2583,2580]",115,116,TRUE,"[2604,2602]",112,113,FALSE,"[]",0.288444102037119,0.329848450049413,0.565685424949238,3.50242860904548,4.06811403399472,3.06929152405563,NA,9.34327475251891,7.97934906396857,0.945777309708899,"20210329_Tom70GFPMTSFlcMch_009y013",FALSE,TRUE,FALSE,"DUMP+/-",0.0605446634004562,0.860946517176718
8,122,123,TRUE,"[2616]",138,139,TRUE,"[2640]",137,138,FALSE,"[]",0.16,0.08,5.29556569403533,3.09773690463783,1.20518856467844,2.87146273465814,NA,6.09506883376453,5.14929152405563,0.832640224719052,"20210329_Tom70GFPMTSFlcMch_009y013",FALSE,TRUE,FALSE,"DUMP+/-",0.868827873558993,0.369072467985073
9,130,131,TRUE,"[2627,2623]",146,147,TRUE,"[2651]",147,148,TRUE,"[2654]",0,0.466476151587624,5.19456547480127,0.353137084989848,2.04401107461753,6.63230887813157,0.08,8.99130216020503,9.2632747525189,4.62319462490279,"20210329_Tom70GFPMTSFlcMch_009y013",FALSE,FALSE,TRUE,"DUMP+/+",0.577732277510604,0.0636546536487609
9,132,133,TRUE,"[2630,2628,2629,2631]",148,149,TRUE,"[2655,2657]",150,151,TRUE,"[2656,2658]",0.08,0.54881690936049,6.70662345318233,0.48,1.59096587438734,0.48,2.78391918985787,10.4765037222684,4.17556569403533,6.03398322846328,"20210329_Tom70GFPMTSFlcMch_009y013",FALSE,FALSE,TRUE,"DUMP+/+",0.640158552029816,0.0667907541179787
11,166,167,TRUE,"[2678,2680]",183,184,TRUE,"[2698,2701]",178,179,FALSE,"[]",0.08,0.577234787586473,7.80770905848358,4.52450793488833,1.47782878939749,4.39764501987817,NA,10.9570005825392,7.95162824834145,2.77724004436704,"20210329_Tom70GFPMTSFlcMch_009y013",FALSE,TRUE,FALSE,"DUMP+/-",0.712577224001041,0.366885202986622
12,179,180,TRUE,"[2695]",196,197,TRUE,"[2715]",197,198,FALSE,"[]",0.16,0.24,6.6522169933719,0.419411254969543,5.92653156842267,0.45254833995939,NA,7.52235218041817,8.2633601385861,1.5852804494381,"20210329_Tom70GFPMTSFlcMch_009y013",FALSE,TRUE,FALSE,"DUMP+/-",0.884326715078382,0.0593090078042366
20,305,306,TRUE,"[2859]",320,321,TRUE,"[2879]",317,318,FALSE,"[]",0.506359556046887,0.5,5.85457197349374,1.37841753442795,4.59597066954646,0.672640224719052,NA,8.54562973264074,5.46879466378484,2.63096587438734,"20210329_Tom70GFPMTSFlcMch_009y013",FALSE,TRUE,FALSE,"DUMP+/-",0.685095441373,0.190573694724469
22,336,337,TRUE,"[2904,2902]",350,351,TRUE,"[2923]",351,352,TRUE,"[2924]",0.506359556046887,0.08,3.98193174877468,0.08,2.12401107461753,5.22780094324324,0,10.7418695577737,6.7657216174004,4.3946638582534,"20210329_Tom70GFPMTSFlcMch_009y013",FALSE,FALSE,TRUE,"DUMP+/+",0.370692618017599,0.019695062583002
26,393,394,TRUE,"[2989]",409,409,TRUE,"[3011]",407,407,FALSE,"[]",0.506359556046887,0.593632883186233,5.55448008873407,0.865777309708899,4.66224483952616,0.506359556046887,NA,8.59239426419876,7.88462951340667,2.95096587438734,"20210329_Tom70GFPMTSFlcMch_009y013",FALSE,TRUE,FALSE,"DUMP+/-",0.64644148277477,0.13485087216579
26,399,399,TRUE,"[3003,3004]",414,414,TRUE,"[3028,3029]",416,416,FALSE,"[]",0.08,0.113137084989848,2.96568542494924,0.866274169979695,0,0.946274169979695,NA,4.98410295937719,3.81724004436704,2.32419484413685,"20210329_Tom70GFPMTSFlcMch_009y013",FALSE,TRUE,FALSE,"DUMP+/-",0.595028924787667,0.226065580421591
26,400,400,FALSE,"[]",417,417,FALSE,"[]",415,415,FALSE,"[]",0.178885438199983,0,0.353137084989848,NA,NA,NA,NA,3.85606255430612,3.28233672428582,0.752640224719052,"20210329_Tom70GFPMTSFlcMch_009y013",TRUE,FALSE,FALSE,"DUMP-/-",0.0915797085800629,NA
27,409,409,TRUE,"[3011]",422,422,TRUE,"[3034]",426,426,FALSE,"[]",0,0.577234787586473,1.09254833995939,0.45254833995939,0.546274169979695,0.678822509939086,NA,7.29866843417845,2.08535933681282,4.31665129933658,"20210329_Tom70GFPMTSFlcMch_009y013",FALSE,TRUE,FALSE,"DUMP+/-",0.149691460820876,0.292893218813453
32,482,481,TRUE,"[3139,3137]",496,495,TRUE,"[3159]",495,494,TRUE,"[3161]",0.506359556046887,0,1.63782878939749,0,0.64,4.80233672428582,0.193137084989848,10.9001098213748,8.09122327283031,1.67096587438734,"20210329_Tom70GFPMTSFlcMch_009y013",FALSE,FALSE,TRUE,"DUMP+/+",0.150258008060227,0
32,487,486,TRUE,"[3149]",502,501,TRUE,"[3174]",500,499,FALSE,"[]",0.288444102037119,0.08,4.37046251542408,1.5062741699797,2.5320514796886,1.36568542494924,NA,5.56996565515328,4.24988026908609,1.21891439469875,"20210329_Tom70GFPMTSFlcMch_009y013",FALSE,TRUE,FALSE,"DUMP+/-",0.784648018678637,0.25631132559008
34,510,509,TRUE,"[3187,3184]",525,524,TRUE,"[3213,3211]",524,523,FALSE,"[]",0.524976189936267,0.506359556046887,5.98553134918861,1.81773690463783,3.78201713484188,2.28450793488832,NA,11.0320629176113,5.61976053817218,1.47264022471905,"20210329_Tom70GFPMTSFlcMch_009y013",FALSE,TRUE,FALSE,"DUMP+/-",0.54255776040159,0.232945587093777
36,540,539,TRUE,"[3233,3231]",554,553,TRUE,"[3254]",556,555,TRUE,"[3252]",0.5,0.524976189936267,8.44277139355564,0.16,4.34317512882538,0,4.38811403399472,10.8801033226823,2.07096587438734,8.41641183750876,"20210329_Tom70GFPMTSFlcMch_009y013",FALSE,FALSE,TRUE,"DUMP+/+",0.775982648616446,0.0185986576511677
37,561,560,TRUE,"[3263]",577,576,TRUE,"[3289]",575,574,FALSE,"[]",0.08,0.113137084989848,4.28301735407594,1.36568542494924,2.56518856467844,1.36568542494924,NA,5.66193174877468,4.23615443906578,1.33205147968859,"20210329_Tom70GFPMTSFlcMch_009y013",FALSE,TRUE,FALSE,"DUMP+/-",0.756458668899151,0.241769744023409
38,568,567,TRUE,"[3269]",585,584,TRUE,"[3293]",583,582,FALSE,"[]",0.226274169979695,0.16,2.85823376490863,1.70509667991878,4.03646752981726,1.56450793488832,NA,5.65488506424521,3.41724004436704,2.17164000548499,"20210329_Tom70GFPMTSFlcMch_009y013",FALSE,TRUE,FALSE,"DUMP+/-",0.505445067837137,0.373651809908162
39,593,592,TRUE,"[3314]",609,608,TRUE,"[3336]",608,607,FALSE,"[]",0.339411254969543,0.43081318457076,4.26360609910639,1.51195959492893,2.39146273465814,1.45137084989848,NA,5.67565757879499,4.45674318409624,1.23832564966829,"20210329_Tom70GFPMTSFlcMch_009y013",FALSE,TRUE,FALSE,"DUMP+/-",0.751209184119175,0.261785541889065
6,56,56,FALSE,"[]",66,66,FALSE,"[]",68,68,FALSE,"[]",0,0.24,0.513137084989848,NA,NA,NA,NA,1.49271911209377,1.57899978076594,0.752640224719052,"20210329_Tom70GFPMTSFlcMch_009y014",TRUE,FALSE,FALSE,"DUMP-/-",0.343759975224068,NA
6,57,57,TRUE,"[16]",69,69,TRUE,"[19]",61,61,FALSE,"[]",0.178885438199983,0,5.86594282339221,4.19448008873407,0.913137084989847,3.90193174877468,NA,8.37758932756967,5.97858304811126,2.49792067415716,"20210329_Tom70GFPMTSFlcMch_009y014",FALSE,TRUE,FALSE,"DUMP+/-",0.700194601815593,0.416928803626961
9,94,93,TRUE,"[25]",106,105,TRUE,"[28]",97,96,FALSE,"[]",0.178885438199983,0,5.58811403399472,3.41674318409624,1.97823376490863,3.36988026908609,NA,8.89690869777955,5.78075425871377,1.43146273465814,"20210329_Tom70GFPMTSFlcMch_009y014",FALSE,TRUE,FALSE,"DUMP+/-",0.628096142583701,0.379433354837868
12,127,126,FALSE,"[]",131,130,FALSE,"[]",139,138,FALSE,"[]",0.582408791142441,0,3.42292546931628,NA,NA,NA,NA,5.08820591875438,1.37841753442795,3.66242860904548,"20210329_Tom70GFPMTSFlcMch_009y014",TRUE,FALSE,FALSE,"DUMP-/-",0.672717559778757,NA
18,190,189,FALSE,"[]",201,200,FALSE,"[]",199,198,FALSE,"[]",0.178885438199983,0.08,0.832640224719052,NA,NA,NA,NA,1.93841753442795,1.01899978076594,1.0257773097089,"20210329_Tom70GFPMTSFlcMch_009y014",TRUE,FALSE,FALSE,"DUMP-/-",0.429546374777699,NA
19,203,202,TRUE,"[57]",214,213,TRUE,"[60]",206,205,FALSE,"[]",0.08,0.4,6.35212510861224,4.00134300374423,2.12450793488832,3.85506883376453,NA,8.81740555805035,6.68535407836175,2.25164000548499,"20210329_Tom70GFPMTSFlcMch_009y014",FALSE,TRUE,FALSE,"DUMP+/-",0.720407501593562,0.386473687881337
20,215,214,FALSE,"[]",219,218,FALSE,"[]",227,226,FALSE,"[]",0.329848450049413,0.08,4.20870277902518,NA,NA,NA,NA,5.66712031345313,1.3452804494381,4.17556569403533,"20210329_Tom70GFPMTSFlcMch_009y014",TRUE,FALSE,FALSE,"DUMP-/-",0.742652801817913,NA
22,242,241,TRUE,"[68]",255,254,TRUE,"[72]",254,253,FALSE,"[]",0.512640224719052,0.16,6.14662345318233,4.72084614347343,0.833137084989847,5.35985242293184,NA,8.99140054365716,6.75817807260013,3.50435911757876,"20210329_Tom70GFPMTSFlcMch_009y014",FALSE,TRUE,FALSE,"DUMP+/-",0.683611348792415,0.434401596570942
23,250,249,FALSE,"[]",262,261,FALSE,"[]",263,262,FALSE,"[]",0.329848450049413,0.16,0.579411254969543,NA,NA,NA,NA,1.41205147968859,1.37841753442795,0.785777309708899,"20210329_Tom70GFPMTSFlcMch_009y014",TRUE,FALSE,FALSE,"DUMP-/-",0.410332954077087,NA
27,308,307,TRUE,"[84]",322,321,TRUE,"[87]",321,320,FALSE,"[]",0.226274169979695,0.113137084989848,3.67063978625093,4.88084614347343,8.55148592972436,4.65457197349374,NA,10.2030405491422,6.46612659291153,3.76443800495348,"20210329_Tom70GFPMTSFlcMch_009y014",FALSE,TRUE,FALSE,"DUMP+/-",0.359759403931757,0.570760004002106
33,378,377,FALSE,"[]",387,386,FALSE,"[]",391,390,FALSE,"[]",0,0.560357029044876,1.12518856467844,NA,NA,NA,NA,3.63497694900487,2.68351421434673,1.37841753442795,"20210329_Tom70GFPMTSFlcMch_009y014",TRUE,FALSE,FALSE,"DUMP-/-",0.30954489683531,NA
35,404,403,TRUE,"[108]",416,415,TRUE,"[111]",408,407,FALSE,"[]",0.24,0.53103672189407,5.56634779890334,3.45556569403533,1.91764501987817,3.21556569403533,NA,9.28218914721766,5.75898802362239,3.0631092388356,"20210329_Tom70GFPMTSFlcMch_009y014",FALSE,TRUE,FALSE,"DUMP+/-",0.599680496768573,0.383019156273218
36,414,413,FALSE,"[]",426,425,FALSE,"[]",428,427,FALSE,"[]",0.08,0.178885438199983,0.978914394698747,NA,NA,NA,NA,3.90811403399472,3.14929152405563,0.752640224719052,"20210329_Tom70GFPMTSFlcMch_009y014",TRUE,FALSE,FALSE,"DUMP-/-",0.250482556594732,NA
36,417,416,FALSE,"[]",421,420,FALSE,"[]",430,429,FALSE,"[]",0.08,0.512640224719052,4.21438820397441,NA,NA,NA,NA,5.47338798474035,1.25899978076594,3.63547380927567,"20210329_Tom70GFPMTSFlcMch_009y014",TRUE,FALSE,FALSE,"DUMP-/-",0.769977976296218,NA
38,441,440,FALSE,"[]",451,450,FALSE,"[]",455,454,FALSE,"[]",0,0.407921561087423,0.852051479688595,NA,NA,NA,NA,3.72870277902518,2.87665129933658,0.7057773097089,"20210329_Tom70GFPMTSFlcMch_009y014",TRUE,FALSE,FALSE,"DUMP-/-",0.228511503915406,NA
37,175,176,FALSE,"[]",179,180,FALSE,"[]",181,182,FALSE,"[]",0.524976189936267,0.16,4.5216560944957,NA,NA,NA,NA,8.36485721809096,5.33389134370362,4.06319462490279,"20210329_Tom70GFPMTSFlcMch_009y015",TRUE,FALSE,FALSE,"DUMP-/-",0.540553888321795,NA
39,185,186,FALSE,"[]",189,190,FALSE,"[]",191,192,FALSE,"[]",0.25298221281347,0,4.6811592342249,NA,NA,NA,NA,8.9300457827694,4.51497694900487,4.40260587987233,"20210329_Tom70GFPMTSFlcMch_009y015",TRUE,FALSE,FALSE,"DUMP-/-",0.524203273767895,NA
39,186,187,TRUE,"[193,192,194]",192,193,TRUE,"[198,197,199]",188,189,FALSE,"[]",0.524976189936267,0.113137084989848,0.898914394698747,0.24,1.13891439469875,0.24,NA,8.67867493287092,7.28653156842267,0.752640224719052,"20210329_Tom70GFPMTSFlcMch_009y015",FALSE,TRUE,FALSE,"DUMP+/-",0.103577378073473,0.210726988013425
4,12,12,TRUE,"[183,184,182]",17,16,TRUE,"[188]",18,17,TRUE,"[189,186]",0,0.554616984954482,5.36047860443479,1.4262741699797,2.21823376490863,1.4262741699797,3.22978838432643,12.69536366868,5.67998174416399,8.27966865341251,"20210329_Tom70GFPMTSFlcMch_010y001",FALSE,FALSE,TRUE,"DUMP+/+",0.422239074384243,0.210155610111014
21,93,91,TRUE,"[271]",99,97,TRUE,"[276]",96,94,FALSE,"[]",0.32,0.512640224719052,3.61655941457692,1.3462741699797,0.24,0.979411254969543,NA,5.36752528896426,4.10125111898457,1.55832564966829,"20210329_Tom70GFPMTSFlcMch_010y001",FALSE,TRUE,FALSE,"DUMP+/-",0.673785258545989,0.27127127014072
22,100,98,TRUE,"[277,275]",107,105,TRUE,"[283,280]",106,104,FALSE,"[]",0.614817045957576,0.506359556046887,1.77841753442795,2.13205147968859,3.91046901411655,1.3462741699797,NA,8.24603470815187,5.00969649956677,2.56369798386606,"20210329_Tom70GFPMTSFlcMch_010y001",FALSE,TRUE,FALSE,"DUMP+/-",0.21566942140928,0.545216308323125
26,123,121,TRUE,"[299,300,298]",128,125,TRUE,"[304]",129,126,TRUE,"[305,302]",0.08,0.288444102037119,3.90292546931628,1.1862741699797,0.24,1.10627416997969,1.65823376490863,11.0498620132501,4.72702842869346,6.53438820397441,"20210329_Tom70GFPMTSFlcMch_010y001",FALSE,FALSE,TRUE,"DUMP+/+",0.353210335535069,0.233096410842276
36,186,175,TRUE,"[368,369,367]",192,180,TRUE,"[375,372]",191,179,TRUE,"[374]",0.08,0.407921561087423,4.46057048919445,1.29941125496954,0.838822509939086,1.51195959492893,0.866274169979695,10.53536366868,6.3611592342249,4.14057048919445,"20210329_Tom70GFPMTSFlcMch_010y001",FALSE,FALSE,TRUE,"DUMP+/+",0.423390271989854,0.225592946763435
10,49,50,TRUE,"[19]",56,56,TRUE,"[21]",51,52,FALSE,"[]",0.554616984954482,0.506359556046887,2.16469170440765,1.71313708498985,3.83841103573548,1.86635955604689,NA,6.71565757879499,4.72988026908609,1.79832564966829,"20210329_Tom70GFPMTSFlcMch_010y003",FALSE,TRUE,FALSE,"DUMP+/-",0.32233503257265,0.441777390913646
20,105,105,FALSE,"[]",110,110,FALSE,"[]",111,111,FALSE,"[]",1.00637965003273,0,1.9852804494381,NA,NA,NA,NA,4.8822009043612,2.03799956153188,2.08469170440765,"20210329_Tom70GFPMTSFlcMch_010y003",TRUE,FALSE,FALSE,"DUMP-/-",0.406636369196663,NA
24,128,128,FALSE,"[]",133,133,FALSE,"[]",134,134,FALSE,"[]",1,0.5,2.41792067415716,NA,NA,NA,NA,4.73484112908025,1.69164000548499,2.0515546194178,"20210329_Tom70GFPMTSFlcMch_010y003",TRUE,FALSE,FALSE,"DUMP-/-",0.510665639720596,NA
36,200,200,TRUE,"[71]",206,206,TRUE,"[73]",202,202,FALSE,"[]",0.08,0.16,1.85891439469875,1.78635955604689,3.61213686575579,1.70635955604689,NA,6.58730408297245,4.61525260328385,1.81205147968859,"20210329_Tom70GFPMTSFlcMch_010y003",FALSE,TRUE,FALSE,"DUMP+/-",0.282196536137426,0.490048095200497
8,49,50,FALSE,"[]",57,58,FALSE,"[]",53,54,FALSE,"[]",0.524976189936267,0.506359556046887,2.33941125496954,NA,NA,NA,NA,7.80016551368331,5.0011592342249,2.131057759147,"20210329_Tom70GFPMTSFlcMch_010y004",TRUE,FALSE,FALSE,"DUMP-/-",0.299918155693706,NA
8,50,51,TRUE,"[15,14]",58,59,TRUE,"[17]",55,56,TRUE,"[16]",0.16,0,4.29438820397441,3.02292546931628,0.306274169979695,2.89606255430612,3.37655941457692,8.91631995274909,4.46761717372392,4.67448008873407,"20210329_Tom70GFPMTSFlcMch_010y004",FALSE,FALSE,TRUE,"DUMP+/+",0.481632358050404,0.413119568777052
14,99,97,TRUE,"[27,26]",104,102,TRUE,"[28]",108,105,TRUE,"[29]",0.16,0.08,4.66643968366301,3.02861089426551,0.339411254969543,3.27714815960738,2.94861089426551,9.36268600748845,4.56938340881529,4.50643968366301,"20210329_Tom70GFPMTSFlcMch_010y004",FALSE,FALSE,TRUE,"DUMP+/+",0.498408221735803,0.39357907574414
21,157,152,TRUE,"[41,40]",162,157,TRUE,"[42]",165,160,TRUE,"[43]",0.178885438199983,0.54881690936049,4.56702842869346,2.92919963929597,0.386274169979695,3.26342232958707,2.22342232958707,9.3295489224986,4.56938340881529,3.86125111898457,"20210329_Tom70GFPMTSFlcMch_010y004",FALSE,FALSE,TRUE,"DUMP+/+",0.489522962646123,0.390756472819218
5,33,33,TRUE,"[22]",41,41,TRUE,"[27]",37,37,FALSE,"[]",0.524976189936267,0.53103672189407,0.965188564678442,0.306274169979695,0.838822509939086,0.113137084989848,NA,3.99565757879499,3.2368350688559,1.01205147968859,"20210329_Tom70GFPMTSFlcMch_010y006",FALSE,TRUE,FALSE,"DUMP+/-",0.241559379312359,0.240883324088963
6,42,42,TRUE,"[28,29,26]",49,49,TRUE,"[33]",50,50,TRUE,"[34,31]",0.178885438199983,0.178885438199983,11.1558230924783,2.55096587438734,1.06635955604689,2.39096587438734,6.97221699337191,15.4378467260126,4.12202363353434,10.982097262458,"20210329_Tom70GFPMTSFlcMch_010y006",FALSE,FALSE,TRUE,"DUMP+/+",0.72262818063097,0.186109662923531
14,99,99,TRUE,"[67]",105,105,TRUE,"[72]",104,104,FALSE,"[]",0.08,0.512249938994628,1.07313708498985,0.61254833995939,1.47882250993909,0.53254833995939,NA,4.98829780351404,4.0226123785648,1.5715546194178,"20210329_Tom70GFPMTSFlcMch_010y006",FALSE,TRUE,FALSE,"DUMP+/-",0.215130917852152,0.363382355268235
24,174,174,TRUE,"[118,116]",182,182,TRUE,"[123,121]",176,176,FALSE,"[]",0,1.01587400793602,7.78584443994008,4.14233022559335,1.5052804494381,4.54183336532255,NA,11.7683714324377,8.87121677413784,3.78427373151157,"20210329_Tom70GFPMTSFlcMch_010y006",FALSE,TRUE,FALSE,"DUMP+/-",0.66159064443527,0.347272767354979
35,255,255,TRUE,"[173,171]",262,262,TRUE,"[178,176]",258,258,FALSE,"[]",0.24,0.08,6.31379945894395,2.75597066954646,1.49899978076594,2.56283358455661,NA,11.1029072134803,6.467021930001,5.34861089426551,"20210329_Tom70GFPMTSFlcMch_010y006",FALSE,TRUE,FALSE,"DUMP+/-",0.568661823209532,0.303863342786304
39,283,283,TRUE,"[193,191]",290,290,TRUE,"[198]",287,287,TRUE,"[196]",0.288444102037119,0.08,3.76369798386606,0.32,1.41899978076594,0.273137084989848,0.24,7.23917179314171,3.44369798386606,3.47547380927567,"20210329_Tom70GFPMTSFlcMch_010y006",FALSE,FALSE,TRUE,"DUMP+/+",0.519907261688655,0.0783603491894507
18,60,61,FALSE,"[]",62,63,FALSE,"[]",63,64,FALSE,"[]",0.512640224719052,0.5,2.79841103573548,NA,NA,NA,NA,5.96202363353435,3.35741731519389,3.491057759147,"20210329_Tom70GFPMTSFlcMch_010y007",TRUE,FALSE,FALSE,"DUMP-/-",0.469372684132846,NA
7,24,25,FALSE,"[]",28,29,FALSE,"[]",29,30,FALSE,"[]",0,0.24,2.57037712935688,NA,NA,NA,NA,5.18242860904548,2.58978838432643,3.13792067415716,"20210329_Tom70GFPMTSFlcMch_010y008",TRUE,FALSE,FALSE,"DUMP-/-",0.495979264407138,NA
28,109,110,FALSE,"[]",113,114,FALSE,"[]",114,115,FALSE,"[]",0.178885438199983,0.08,3.47028524459722,NA,NA,NA,NA,4.70861089426551,1.29841753442795,3.62978838432643,"20210329_Tom70GFPMTSFlcMch_010y008",TRUE,FALSE,FALSE,"DUMP-/-",0.737008285994408,NA
19,68,69,TRUE,"[37,36]",71,72,TRUE,"[39,38]",72,73,FALSE,"[]",0,0.288444102037119,3.55882250993909,0.546274169979695,1.75195959492893,0.546274169979695,NA,7.76829130482157,3.99146273465814,3.92320112359526,"20210329_Tom70GFPMTSFlcMch_010y009",FALSE,TRUE,FALSE,"DUMP+/-",0.45812166025883,0.133072181381731
18,17,18,TRUE,"[53,51,52]",19,19,TRUE,"[56]",20,20,TRUE,"[54,55]",0.5,0.512640224719052,2.73792067415716,1,1.23313708498985,0.5,0.512640224719052,10.9176812123293,2.771057759147,6.42978838432643,"20210329_Tom70GFPMTSFlcMch_011y003",FALSE,FALSE,TRUE,"DUMP+/+",0.250778587587374,0.267528416778263
22,25,25,TRUE,"[65,63,64]",26,26,TRUE,"[68]",27,27,TRUE,"[66,67]",0.5,0.506359556046887,2.65792067415716,1,1.1862741699797,0.5,0.586359556046886,10.8777665983965,2.72419484413685,6.96134300374423,"20210329_Tom70GFPMTSFlcMch_011y003",FALSE,FALSE,TRUE,"DUMP+/+",0.244344337609612,0.273379356492037
7,31,32,TRUE,"[19,18,17]",35,36,TRUE,"[21,20]",36,37,TRUE,"[22]",0,0.226274169979695,2.68401107461753,0.08,1.97823376490863,0.08,2.23195959492893,7.57907990838206,3.7026123785648,4.78193174877468,"20210329_Tom70GFPMTSFlcMch_011y004",FALSE,FALSE,TRUE,"DUMP+/+",0.354134157056341,0.0289434440891558
17,79,79,TRUE,"[48,47]",84,84,TRUE,"[51,50]",83,83,FALSE,"[]",0.5,0.08,2.83782878939749,0.193137084989848,3.03096587438734,0.16,NA,5.64847507434089,2.80469170440765,2.79096587438734,"20210329_Tom70GFPMTSFlcMch_011y004",FALSE,TRUE,FALSE,"DUMP+/-",0.502406180791837,0.0637212997420787
23,104,104,TRUE,"[67,66,65]",107,107,TRUE,"[69,68]",108,108,TRUE,"[70]",0.16,0.226274169979695,4.74360609910639,0.08,2.96469170440765,0,2.08568542494924,9.86621197897872,4.56988026908609,4.86947529357496,"20210329_Tom70GFPMTSFlcMch_011y004",FALSE,FALSE,TRUE,"DUMP+/+",0.480793044910577,0.0165851021738323
32,142,142,TRUE,"[94,93,92]",146,146,TRUE,"[97,96,95]",145,145,FALSE,"[]",0.512640224719052,0,2.26459981964799,0.4,2.63146273465814,0.24,NA,9.4135652555672,7.32721219821279,2.77724004436704,"20210329_Tom70GFPMTSFlcMch_011y004",FALSE,TRUE,FALSE,"DUMP+/-",0.240567708213282,0.150116350324171
35,153,153,TRUE,"[103,102,101]",157,157,TRUE,"[106,105,104]",156,156,FALSE,"[]",0.512640224719052,0.08,2.24518856467844,0.386274169979695,2.63146273465814,0.193137084989848,NA,9.35230887813156,7.32721219821279,2.77724004436704,"20210329_Tom70GFPMTSFlcMch_011y004",FALSE,TRUE,FALSE,"DUMP+/-",0.240067837144296,0.146790666989961
7,25,19,TRUE,"[19,18,20]",28,21,TRUE,"[22]",29,22,TRUE,"[21,23]",0.512640224719052,0.08,4.66929152405563,0.739411254969543,0.64,2.79714815960738,0.659411254969543,12.6515648170991,4.46242860904548,6.85532499196611,"20210329_Tom70GFPMTSFlcMch_011y005",FALSE,FALSE,TRUE,"DUMP+/+",0.36906830036905,0.136707688549085
23,61,44,TRUE,"[67,68,66]",64,46,TRUE,"[71,69]",63,45,TRUE,"[70]",0,0.45254833995939,5.1474334042046,1.65773690463783,2.62391918985787,1.69087398962768,3.17724004436704,10.4642684730605,5.68320112359526,4.71615443906578,"20210329_Tom70GFPMTSFlcMch_011y005",FALSE,FALSE,TRUE,"DUMP+/+",0.491905709171768,0.243599620494996
37,102,71,TRUE,"[109,110,108]",104,72,TRUE,"[112]",105,73,TRUE,"[113,111]",0.512249938994628,0,4.95615443906578,1.64401107461753,0.48,3.07782878939749,1.64401107461753,10.3998524229318,4.50360609910639,5.40428023020404,"20210329_Tom70GFPMTSFlcMch_011y005",FALSE,FALSE,TRUE,"DUMP+/+",0.476560073885028,0.249086340518159
16,61,62,TRUE,"[52,51,50]",66,67,TRUE,"[56,55,54]",65,66,FALSE,"[]",0.113137084989848,0.178885438199983,3.19665129933658,0.45254833995939,3.64919963929597,0.306274169979695,NA,8.61004578276939,5.30025739844297,3.05037712935688,"20210329_Tom70GFPMTSFlcMch_011y008",FALSE,TRUE,FALSE,"DUMP+/-",0.371269953724728,0.124013039759781
28,120,121,TRUE,"[95,94]",125,126,TRUE,"[98,97]",124,125,FALSE,"[]",0.226274169979695,0.113137084989848,3.40870277902517,0.419411254969543,3.38174797925536,0.193137084989848,NA,8.23514246268817,4.56702842869346,3.38929152405563,"20210329_Tom70GFPMTSFlcMch_011y008",FALSE,TRUE,FALSE,"DUMP+/-",0.413921531348042,0.109560804940776
30,129,130,TRUE,"[101,100]",134,135,TRUE,"[104,103]",133,134,FALSE,"[]",0.506359556046887,0.32,3.24919963929597,0.32,3.42861089426551,0.16,NA,8.24886829270848,4.48702842869346,3.11615443906578,"20210329_Tom70GFPMTSFlcMch_011y008",FALSE,TRUE,FALSE,"DUMP+/-",0.393896413907842,0.0896559543705211
33,65,65,FALSE,"[]",67,67,FALSE,"[]",68,68,FALSE,"[]",1.0888526071053,0,3.08301735407594,NA,NA,NA,NA,6.51298950792169,2.80419484413685,4.37475574301306,"20210329_Tom70GFPMTSFlcMch_011y010",TRUE,FALSE,FALSE,"DUMP-/-",0.473364397459276,NA
5,22,22,TRUE,"[12,13]",27,27,TRUE,"[15,16]",25,25,FALSE,"[]",1.01271911209377,0,6.55357175425967,0.273137084989848,0.758822509939086,0.193137084989848,NA,8.03951333741048,6.54503448891781,2.051057759147,"20210329_Tom70GFPMTSFlcMch_011y011",FALSE,TRUE,FALSE,"DUMP+/-",0.815170207351204,0.0400100680168856
6,27,27,TRUE,"[15,16]",32,32,TRUE,"[18]",31,31,TRUE,"[19]",0.506359556046887,0.5,5.67330259867316,0,1.04,4.24183986401502,0.226274169979695,7.94435385912769,6.33238776550629,2.52477709047484,"20210329_Tom70GFPMTSFlcMch_011y011",FALSE,FALSE,TRUE,"DUMP+/+",0.714130148187546,0
25,130,130,TRUE,"[73,74]",136,136,TRUE,"[76]",134,134,TRUE,"[77]",0,0.512640224719052,5.4532107139135,0.6257773097089,0.866274169979695,4.22861089426551,0.08,8.3037716127897,6.51239426419876,2.65792067415716,"20210329_Tom70GFPMTSFlcMch_011y011",FALSE,FALSE,TRUE,"DUMP+/+",0.656714920424149,0.102941033487348
31,162,162,TRUE,"[92,93]",165,165,TRUE,"[97]",167,167,TRUE,"[95]",0.288444102037119,0.5,5.80585093863255,0.306274169979695,0.753137084989847,0.08,4.56752528896426,8.25690869777955,2.691057759147,6.55866193548598,"20210329_Tom70GFPMTSFlcMch_011y011",FALSE,FALSE,TRUE,"DUMP+/+",0.703150676741025,0.0501092769760458
35,182,181,TRUE,"[107,106]",185,184,TRUE,"[111]",187,186,TRUE,"[109]",1.01587400793602,0,5.13370757418429,0.672640224719052,0.8,0.08,4.21488506424521,8.5437716127897,2.691057759147,6.27974104209477,"20210329_Tom70GFPMTSFlcMch_011y011",FALSE,FALSE,TRUE,"DUMP+/+",0.600871348960139,0.115845665470831
38,195,194,TRUE,"[120,118]",198,197,TRUE,"[124]",199,198,TRUE,"[122]",0.54881690936049,0,5.4532107139135,0.7057773097089,0.72,0.193137084989848,4.61438820397441,8.4637716127897,2.771057759147,6.73122327283031,"20210329_Tom70GFPMTSFlcMch_011y011",FALSE,FALSE,TRUE,"DUMP+/+",0.644300314728848,0.114593064153062
13,51,52,TRUE,"[63,64]",54,55,TRUE,"[68]",55,56,TRUE,"[69]",0.226274169979695,0.24,6.70712031345312,0.24,5.16870277902517,0.45254833995939,0.08,8.73072641255951,2.45674318409624,6.99113138807065,"20210329_Tom70GFPMTSFlcMch_012y002",FALSE,FALSE,TRUE,"DUMP+/+",0.768220191140642,0.0345466882925921
22,92,93,TRUE,"[108,109]",96,97,TRUE,"[114]",95,96,TRUE,"[113]",0.506359556046887,0.506359556046887,5.91379945894395,0.08,5.30125111898456,0,0.786274169979695,8.46476533333129,6.83162824834144,2.8373319291267,"20210329_Tom70GFPMTSFlcMch_012y002",FALSE,FALSE,TRUE,"DUMP+/+",0.698637141854066,0.0133471265677106
26,110,111,TRUE,"[128,129]",114,115,TRUE,"[133]",115,116,TRUE,"[134]",0.08,0.178885438199983,1.87832564966829,0.32,0.08,0.419411254969543,0.16,8.82877640794882,2.131057759147,6.83731367329068,"20210329_Tom70GFPMTSFlcMch_012y002",FALSE,FALSE,TRUE,"DUMP+/+",0.212750392905768,0.145565330618003
29,124,125,TRUE,"[143,144]",128,129,TRUE,"[148]",129,130,TRUE,"[149]",0.32,0.54881690936049,1.84568542494924,0.193137084989848,0.16,0.753137084989847,0,8.17035887352087,2.41841753442795,6.59162824834145,"20210329_Tom70GFPMTSFlcMch_012y002",FALSE,FALSE,TRUE,"DUMP+/+",0.225900165894901,0.0947297197516315
33,143,144,TRUE,"[164,165]",147,148,TRUE,"[169]",148,149,TRUE,"[170]",0.5,0.554616984954482,5.32301735407594,2.69271911209377,0,4.50978838432643,2.45899978076594,10.5530748939889,6.67289112446955,4.69741081650142,"20210329_Tom70GFPMTSFlcMch_012y002",FALSE,FALSE,TRUE,"DUMP+/+",0.504404394695234,0.335929096903117
5,20,21,TRUE,"[16,18,17]",24,25,TRUE,"[21]",25,26,TRUE,"[20,22]",0.5,0.5,4.84634779890334,1,0.818914394698747,1.1057773097089,0.5,6.87238126681382,2.2115546194178,5.1989880236224,"20210329_Tom70GFPMTSFlcMch_012y011",FALSE,FALSE,TRUE,"DUMP+/+",0.705191928495873,0.171046956903176
13,55,56,TRUE,"[50,48,49]",58,59,TRUE,"[53]",60,61,TRUE,"[54,52]",0.5,1,4.16802214923506,0.986359556046887,0.48,0.832640224719052,0.16,6.2265250697302,1.8915546194178,4.54007362892365,"20210329_Tom70GFPMTSFlcMch_012y011",FALSE,FALSE,TRUE,"DUMP+/+",0.669397794525488,0.191363312312729
5,20,21,TRUE,"[13,12]",25,26,TRUE,"[16,15]",24,25,FALSE,"[]",0,0.4,3.18342232958707,0.645685424949238,0.8,0.645685424949238,NA,6.23898802362239,3.38174797925536,2.60301735407594,"20210329_Tom70GFPMTSFlcMch_013y001",FALSE,TRUE,FALSE,"DUMP+/-",0.510246584467517,0.168625556223718
14,65,66,FALSE,"[]",69,70,FALSE,"[]",71,72,FALSE,"[]",0.08,0.226274169979695,1.13891439469875,NA,NA,NA,NA,3.52369798386606,2.37674318409624,1.0257773097089,"20210329_Tom70GFPMTSFlcMch_013y001",TRUE,FALSE,FALSE,"DUMP-/-",0.323215667152375,NA
16,76,77,FALSE,"[]",80,81,FALSE,"[]",81,82,FALSE,"[]",0.5,0.113137084989848,1.23264022471905,NA,NA,NA,NA,3.33056089887621,1.84469170440765,1.41899978076594,"20210329_Tom70GFPMTSFlcMch_013y001",TRUE,FALSE,FALSE,"DUMP-/-",0.370099890722601,NA
20,96,97,FALSE,"[]",101,102,FALSE,"[]",102,103,FALSE,"[]",0.08,0.506359556046887,1.9052804494381,NA,NA,NA,NA,3.53164000548499,1.87782878939749,1.45891439469875,"20210329_Tom70GFPMTSFlcMch_013y001",TRUE,FALSE,FALSE,"DUMP-/-",0.53948886253384,NA
24,122,123,TRUE,"[66]",128,129,TRUE,"[69]",127,128,FALSE,"[]",0.24,0.08,1.10627416997969,2.51313708498985,3.47882250993909,2.33941125496954,NA,6.70761717372392,5.53506883376453,2.24469170440765,"20210329_Tom70GFPMTSFlcMch_013y001",FALSE,TRUE,FALSE,"DUMP+/-",0.164928042451999,0.694349690585519
26,129,130,FALSE,"[]",134,135,FALSE,"[]",135,136,FALSE,"[]",0,0.53103672189407,1.81271911209377,NA,NA,NA,NA,3.44535933681283,1.69891439469875,1.37891439469875,"20210329_Tom70GFPMTSFlcMch_013y001",TRUE,FALSE,FALSE,"DUMP-/-",0.526133542218749,NA
28,145,146,TRUE,"[78]",151,152,TRUE,"[81]",150,151,FALSE,"[]",0,0.329848450049413,2.77724004436704,2.2262741699797,5.00351421434673,2.11313708498985,NA,8.15230887813156,5.37506883376453,2.34360609910639,"20210329_Tom70GFPMTSFlcMch_013y001",FALSE,TRUE,FALSE,"DUMP+/-",0.340669138753677,0.44494210960693
33,168,169,FALSE,"[]",172,173,FALSE,"[]",173,174,FALSE,"[]",0.08,0.24,1.54635955604689,NA,NA,NA,NA,4.05624632382545,2.53674318409624,1.49899978076594,"20210329_Tom70GFPMTSFlcMch_013y001",TRUE,FALSE,FALSE,"DUMP-/-",0.381229203700951,NA
38,197,198,FALSE,"[]",201,202,FALSE,"[]",202,203,FALSE,"[]",0.08,0.178885438199983,1.39264022471905,NA,NA,NA,NA,4.15565757879499,2.64988026908609,1.6515546194178,"20210329_Tom70GFPMTSFlcMch_013y001",TRUE,FALSE,FALSE,"DUMP-/-",0.335119099279319,NA
27,80,81,TRUE,"[119]",83,84,TRUE,"[124]",84,85,FALSE,"[]",0.53103672189407,0.178885438199983,2.39665129933658,1.89724004436704,0.193137084989848,2.15046901411655,NA,4.80134300374423,3.89592023568903,2.27782878939749,"20210329_Tom70GFPMTSFlcMch_013y009",FALSE,TRUE,FALSE,"DUMP+/-",0.49916269207753,0.441846309676436
3,10,11,TRUE,"[10,9,11,8]",13,14,TRUE,"[15,14,13]",14,15,TRUE,"[16]",0.08,0.614817045957576,3.49773690463783,0.353137084989848,0.866274169979695,0.113137084989848,1.73254833995939,9.85681031432742,7.35749744281001,3.20518856467844,"20210329_Tom70GFPMTSFlcMch_013y010",FALSE,FALSE,TRUE,"DUMP+/+",0.354854845847412,0.0917031006314466
5,16,17,TRUE,"[20,18,19]",20,21,TRUE,"[23,22]",18,19,FALSE,"[]",0.577234787586473,0.16,6.46106734946524,0.885685424949238,0.56,0.725685424949238,NA,7.90057048919445,7.98995389800974,1.57205147968859,"20210329_Tom70GFPMTSFlcMch_013y010",FALSE,TRUE,FALSE,"DUMP+/-",0.817797570226352,0.120554679345369
21,78,79,TRUE,"[80,79,78]",82,83,TRUE,"[85,84,82]",80,81,FALSE,"[]",0.08,0.24,7.03379945894395,0.626274169979695,0.513137084989848,0.579411254969543,NA,8.87280573840236,9.15582309247829,1.92535933681282,"20210329_Tom70GFPMTSFlcMch_013y010",FALSE,TRUE,FALSE,"DUMP+/-",0.792736780937397,0.0817582441525037
24,90,91,TRUE,"[93,92,91]",95,96,TRUE,"[97,98,96]",93,94,FALSE,"[]",0.5,0.5,1.92419484413685,1.25899978076594,0.993137084989847,0.785777309708899,NA,7.69221699337191,7.5184911633516,1.53164000548499,"20210329_Tom70GFPMTSFlcMch_013y010",FALSE,TRUE,FALSE,"DUMP+/-",0.250148279201543,0.395514547215091
