"X","iter","pAggInherited","gt"
0,0,0.10958904109589,"y236"
1,1,0.114155251141553,"y236"
2,2,0.127853881278539,"y236"
3,3,0.146118721461187,"y236"
4,4,0.191780821917808,"y236"
5,5,0.155251141552511,"y236"
6,6,0.127853881278539,"y236"
7,7,0.19634703196347,"y236"
8,8,0.132420091324201,"y236"
9,9,0.19634703196347,"y236"
10,10,0.141552511415525,"y236"
11,11,0.118721461187215,"y236"
12,12,0.159817351598174,"y236"
13,13,0.132420091324201,"y236"
14,14,0.17351598173516,"y236"
15,15,0.136986301369863,"y236"
16,16,0.178082191780822,"y236"
17,17,0.155251141552511,"y236"
18,18,0.123287671232877,"y236"
19,19,0.146118721461187,"y236"
20,20,0.150684931506849,"y236"
21,21,0.168949771689498,"y236"
22,22,0.146118721461187,"y236"
23,23,0.178082191780822,"y236"
24,24,0.164383561643836,"y236"
25,25,0.132420091324201,"y236"
26,26,0.187214611872146,"y236"
27,27,0.155251141552511,"y236"
28,28,0.114155251141553,"y236"
29,29,0.168949771689498,"y236"
30,30,0.182648401826484,"y236"
31,31,0.123287671232877,"y236"
32,32,0.164383561643836,"y236"
33,33,0.146118721461187,"y236"
34,34,0.200913242009132,"y236"
35,35,0.155251141552511,"y236"
36,36,0.132420091324201,"y236"
37,37,0.146118721461187,"y236"
38,38,0.168949771689498,"y236"
39,39,0.187214611872146,"y236"
40,40,0.168949771689498,"y236"
41,41,0.155251141552511,"y236"
42,42,0.141552511415525,"y236"
43,43,0.146118721461187,"y236"
44,44,0.178082191780822,"y236"
45,45,0.159817351598174,"y236"
46,46,0.132420091324201,"y236"
47,47,0.123287671232877,"y236"
48,48,0.127853881278539,"y236"
49,49,0.155251141552511,"y236"
50,50,0.159817351598174,"y236"
51,51,0.159817351598174,"y236"
52,52,0.141552511415525,"y236"
53,53,0.123287671232877,"y236"
54,54,0.10958904109589,"y236"
55,55,0.19634703196347,"y236"
56,56,0.168949771689498,"y236"
57,57,0.146118721461187,"y236"
58,58,0.150684931506849,"y236"
59,59,0.132420091324201,"y236"
60,60,0.136986301369863,"y236"
61,61,0.214611872146119,"y236"
62,62,0.127853881278539,"y236"
63,63,0.136986301369863,"y236"
64,64,0.105022831050228,"y236"
65,65,0.132420091324201,"y236"
66,66,0.182648401826484,"y236"
67,67,0.155251141552511,"y236"
68,68,0.146118721461187,"y236"
69,69,0.159817351598174,"y236"
70,70,0.164383561643836,"y236"
71,71,0.155251141552511,"y236"
72,72,0.114155251141553,"y236"
73,73,0.155251141552511,"y236"
74,74,0.187214611872146,"y236"
75,75,0.182648401826484,"y236"
76,76,0.132420091324201,"y236"
77,77,0.205479452054795,"y236"
78,78,0.155251141552511,"y236"
79,79,0.17351598173516,"y236"
80,80,0.168949771689498,"y236"
81,81,0.123287671232877,"y236"
82,82,0.155251141552511,"y236"
83,83,0.17351598173516,"y236"
84,84,0.155251141552511,"y236"
85,85,0.155251141552511,"y236"
86,86,0.10958904109589,"y236"
87,87,0.136986301369863,"y236"
88,88,0.150684931506849,"y236"
89,89,0.155251141552511,"y236"
90,90,0.146118721461187,"y236"
91,91,0.141552511415525,"y236"
92,92,0.136986301369863,"y236"
93,93,0.146118721461187,"y236"
94,94,0.146118721461187,"y236"
95,95,0.123287671232877,"y236"
96,96,0.150684931506849,"y236"
97,97,0.118721461187215,"y236"
98,98,0.19634703196347,"y236"
99,99,0.205479452054795,"y236"
100,100,0.178082191780822,"y236"
101,101,0.187214611872146,"y236"
102,102,0.228310502283105,"y236"
103,103,0.178082191780822,"y236"
104,104,0.200913242009132,"y236"
105,105,0.191780821917808,"y236"
106,106,0.182648401826484,"y236"
107,107,0.118721461187215,"y236"
108,108,0.127853881278539,"y236"
109,109,0.164383561643836,"y236"
110,110,0.155251141552511,"y236"
111,111,0.150684931506849,"y236"
112,112,0.168949771689498,"y236"
113,113,0.178082191780822,"y236"
114,114,0.168949771689498,"y236"
115,115,0.155251141552511,"y236"
116,116,0.146118721461187,"y236"
117,117,0.159817351598174,"y236"
118,118,0.187214611872146,"y236"
119,119,0.182648401826484,"y236"
120,120,0.178082191780822,"y236"
121,121,0.141552511415525,"y236"
122,122,0.210045662100457,"y236"
123,123,0.168949771689498,"y236"
124,124,0.150684931506849,"y236"
125,125,0.159817351598174,"y236"
126,126,0.155251141552511,"y236"
127,127,0.164383561643836,"y236"
128,128,0.155251141552511,"y236"
129,129,0.114155251141553,"y236"
130,130,0.182648401826484,"y236"
131,131,0.136986301369863,"y236"
132,132,0.159817351598174,"y236"
133,133,0.159817351598174,"y236"
134,134,0.159817351598174,"y236"
135,135,0.159817351598174,"y236"
136,136,0.127853881278539,"y236"
137,137,0.168949771689498,"y236"
138,138,0.091324200913242,"y236"
139,139,0.159817351598174,"y236"
140,140,0.155251141552511,"y236"
141,141,0.146118721461187,"y236"
142,142,0.17351598173516,"y236"
143,143,0.159817351598174,"y236"
144,144,0.191780821917808,"y236"
145,145,0.136986301369863,"y236"
146,146,0.146118721461187,"y236"
147,147,0.127853881278539,"y236"
148,148,0.127853881278539,"y236"
149,149,0.132420091324201,"y236"
150,150,0.168949771689498,"y236"
151,151,0.150684931506849,"y236"
152,152,0.17351598173516,"y236"
153,153,0.132420091324201,"y236"
154,154,0.159817351598174,"y236"
155,155,0.136986301369863,"y236"
156,156,0.127853881278539,"y236"
157,157,0.155251141552511,"y236"
158,158,0.159817351598174,"y236"
159,159,0.17351598173516,"y236"
160,160,0.132420091324201,"y236"
161,161,0.132420091324201,"y236"
162,162,0.164383561643836,"y236"
163,163,0.141552511415525,"y236"
164,164,0.155251141552511,"y236"
165,165,0.141552511415525,"y236"
166,166,0.17351598173516,"y236"
167,167,0.164383561643836,"y236"
168,168,0.187214611872146,"y236"
169,169,0.150684931506849,"y236"
170,170,0.136986301369863,"y236"
171,171,0.191780821917808,"y236"
172,172,0.164383561643836,"y236"
173,173,0.146118721461187,"y236"
174,174,0.17351598173516,"y236"
175,175,0.127853881278539,"y236"
176,176,0.205479452054795,"y236"
177,177,0.159817351598174,"y236"
178,178,0.127853881278539,"y236"
179,179,0.159817351598174,"y236"
180,180,0.182648401826484,"y236"
181,181,0.146118721461187,"y236"
182,182,0.178082191780822,"y236"
183,183,0.118721461187215,"y236"
184,184,0.146118721461187,"y236"
185,185,0.132420091324201,"y236"
186,186,0.182648401826484,"y236"
187,187,0.159817351598174,"y236"
188,188,0.136986301369863,"y236"
189,189,0.155251141552511,"y236"
190,190,0.187214611872146,"y236"
191,191,0.182648401826484,"y236"
192,192,0.136986301369863,"y236"
193,193,0.127853881278539,"y236"
194,194,0.168949771689498,"y236"
195,195,0.178082191780822,"y236"
196,196,0.127853881278539,"y236"
197,197,0.191780821917808,"y236"
198,198,0.146118721461187,"y236"
199,199,0.219178082191781,"y236"
200,200,0.164383561643836,"y236"
201,201,0.17351598173516,"y236"
202,202,0.114155251141553,"y236"
203,203,0.214611872146119,"y236"
204,204,0.150684931506849,"y236"
205,205,0.146118721461187,"y236"
206,206,0.168949771689498,"y236"
207,207,0.146118721461187,"y236"
208,208,0.132420091324201,"y236"
209,209,0.168949771689498,"y236"
210,210,0.159817351598174,"y236"
211,211,0.100456621004566,"y236"
212,212,0.155251141552511,"y236"
213,213,0.123287671232877,"y236"
214,214,0.178082191780822,"y236"
215,215,0.168949771689498,"y236"
216,216,0.150684931506849,"y236"
217,217,0.191780821917808,"y236"
218,218,0.187214611872146,"y236"
219,219,0.123287671232877,"y236"
220,220,0.205479452054795,"y236"
221,221,0.159817351598174,"y236"
222,222,0.150684931506849,"y236"
223,223,0.164383561643836,"y236"
224,224,0.182648401826484,"y236"
225,225,0.123287671232877,"y236"
226,226,0.150684931506849,"y236"
227,227,0.187214611872146,"y236"
228,228,0.187214611872146,"y236"
229,229,0.168949771689498,"y236"
230,230,0.164383561643836,"y236"
231,231,0.159817351598174,"y236"
232,232,0.141552511415525,"y236"
233,233,0.200913242009132,"y236"
234,234,0.146118721461187,"y236"
235,235,0.150684931506849,"y236"
236,236,0.168949771689498,"y236"
237,237,0.164383561643836,"y236"
238,238,0.182648401826484,"y236"
239,239,0.17351598173516,"y236"
240,240,0.10958904109589,"y236"
241,241,0.178082191780822,"y236"
242,242,0.178082191780822,"y236"
243,243,0.164383561643836,"y236"
244,244,0.127853881278539,"y236"
245,245,0.136986301369863,"y236"
246,246,0.136986301369863,"y236"
247,247,0.123287671232877,"y236"
248,248,0.17351598173516,"y236"
249,249,0.146118721461187,"y236"
250,250,0.141552511415525,"y236"
251,251,0.10958904109589,"y236"
252,252,0.178082191780822,"y236"
253,253,0.155251141552511,"y236"
254,254,0.168949771689498,"y236"
255,255,0.127853881278539,"y236"
256,256,0.150684931506849,"y236"
257,257,0.136986301369863,"y236"
258,258,0.123287671232877,"y236"
259,259,0.155251141552511,"y236"
260,260,0.168949771689498,"y236"
261,261,0.132420091324201,"y236"
262,262,0.105022831050228,"y236"
263,263,0.0958904109589041,"y236"
264,264,0.132420091324201,"y236"
265,265,0.164383561643836,"y236"
266,266,0.178082191780822,"y236"
267,267,0.155251141552511,"y236"
268,268,0.155251141552511,"y236"
269,269,0.141552511415525,"y236"
270,270,0.17351598173516,"y236"
271,271,0.164383561643836,"y236"
272,272,0.178082191780822,"y236"
273,273,0.127853881278539,"y236"
274,274,0.182648401826484,"y236"
275,275,0.155251141552511,"y236"
276,276,0.132420091324201,"y236"
277,277,0.146118721461187,"y236"
278,278,0.159817351598174,"y236"
279,279,0.146118721461187,"y236"
280,280,0.205479452054795,"y236"
281,281,0.141552511415525,"y236"
282,282,0.17351598173516,"y236"
283,283,0.123287671232877,"y236"
284,284,0.114155251141553,"y236"
285,285,0.150684931506849,"y236"
286,286,0.118721461187215,"y236"
287,287,0.141552511415525,"y236"
288,288,0.136986301369863,"y236"
289,289,0.182648401826484,"y236"
290,290,0.159817351598174,"y236"
291,291,0.168949771689498,"y236"
292,292,0.164383561643836,"y236"
293,293,0.191780821917808,"y236"
294,294,0.141552511415525,"y236"
295,295,0.155251141552511,"y236"
296,296,0.159817351598174,"y236"
297,297,0.17351598173516,"y236"
298,298,0.141552511415525,"y236"
299,299,0.164383561643836,"y236"
300,300,0.17351598173516,"y236"
301,301,0.17351598173516,"y236"
302,302,0.10958904109589,"y236"
303,303,0.150684931506849,"y236"
304,304,0.168949771689498,"y236"
305,305,0.19634703196347,"y236"
306,306,0.127853881278539,"y236"
307,307,0.150684931506849,"y236"
308,308,0.127853881278539,"y236"
309,309,0.182648401826484,"y236"
310,310,0.150684931506849,"y236"
311,311,0.155251141552511,"y236"
312,312,0.136986301369863,"y236"
313,313,0.164383561643836,"y236"
314,314,0.164383561643836,"y236"
315,315,0.141552511415525,"y236"
316,316,0.182648401826484,"y236"
317,317,0.146118721461187,"y236"
318,318,0.19634703196347,"y236"
319,319,0.168949771689498,"y236"
320,320,0.141552511415525,"y236"
321,321,0.155251141552511,"y236"
322,322,0.123287671232877,"y236"
323,323,0.178082191780822,"y236"
324,324,0.141552511415525,"y236"
325,325,0.178082191780822,"y236"
326,326,0.155251141552511,"y236"
327,327,0.141552511415525,"y236"
328,328,0.164383561643836,"y236"
329,329,0.114155251141553,"y236"
330,330,0.155251141552511,"y236"
331,331,0.132420091324201,"y236"
332,332,0.114155251141553,"y236"
333,333,0.155251141552511,"y236"
334,334,0.155251141552511,"y236"
335,335,0.164383561643836,"y236"
336,336,0.114155251141553,"y236"
337,337,0.168949771689498,"y236"
338,338,0.150684931506849,"y236"
339,339,0.187214611872146,"y236"
340,340,0.182648401826484,"y236"
341,341,0.159817351598174,"y236"
342,342,0.141552511415525,"y236"
343,343,0.132420091324201,"y236"
344,344,0.127853881278539,"y236"
345,345,0.123287671232877,"y236"
346,346,0.159817351598174,"y236"
347,347,0.164383561643836,"y236"
348,348,0.146118721461187,"y236"
349,349,0.155251141552511,"y236"
350,350,0.19634703196347,"y236"
351,351,0.127853881278539,"y236"
352,352,0.132420091324201,"y236"
353,353,0.146118721461187,"y236"
354,354,0.136986301369863,"y236"
355,355,0.146118721461187,"y236"
356,356,0.159817351598174,"y236"
357,357,0.159817351598174,"y236"
358,358,0.178082191780822,"y236"
359,359,0.182648401826484,"y236"
360,360,0.168949771689498,"y236"
361,361,0.168949771689498,"y236"
362,362,0.155251141552511,"y236"
363,363,0.17351598173516,"y236"
364,364,0.155251141552511,"y236"
365,365,0.164383561643836,"y236"
366,366,0.19634703196347,"y236"
367,367,0.100456621004566,"y236"
368,368,0.17351598173516,"y236"
369,369,0.141552511415525,"y236"
370,370,0.168949771689498,"y236"
371,371,0.136986301369863,"y236"
372,372,0.155251141552511,"y236"
373,373,0.159817351598174,"y236"
374,374,0.182648401826484,"y236"
375,375,0.146118721461187,"y236"
376,376,0.191780821917808,"y236"
377,377,0.132420091324201,"y236"
378,378,0.205479452054795,"y236"
379,379,0.141552511415525,"y236"
380,380,0.168949771689498,"y236"
381,381,0.141552511415525,"y236"
382,382,0.191780821917808,"y236"
383,383,0.168949771689498,"y236"
384,384,0.114155251141553,"y236"
385,385,0.159817351598174,"y236"
386,386,0.17351598173516,"y236"
387,387,0.182648401826484,"y236"
388,388,0.123287671232877,"y236"
389,389,0.164383561643836,"y236"
390,390,0.168949771689498,"y236"
391,391,0.141552511415525,"y236"
392,392,0.191780821917808,"y236"
393,393,0.164383561643836,"y236"
394,394,0.141552511415525,"y236"
395,395,0.164383561643836,"y236"
396,396,0.159817351598174,"y236"
397,397,0.182648401826484,"y236"
398,398,0.150684931506849,"y236"
399,399,0.150684931506849,"y236"
400,400,0.150684931506849,"y236"
401,401,0.17351598173516,"y236"
402,402,0.100456621004566,"y236"
403,403,0.132420091324201,"y236"
404,404,0.150684931506849,"y236"
405,405,0.146118721461187,"y236"
406,406,0.118721461187215,"y236"
407,407,0.159817351598174,"y236"
408,408,0.191780821917808,"y236"
409,409,0.146118721461187,"y236"
410,410,0.127853881278539,"y236"
411,411,0.118721461187215,"y236"
412,412,0.123287671232877,"y236"
413,413,0.155251141552511,"y236"
414,414,0.141552511415525,"y236"
415,415,0.118721461187215,"y236"
416,416,0.118721461187215,"y236"
417,417,0.132420091324201,"y236"
418,418,0.150684931506849,"y236"
419,419,0.150684931506849,"y236"
420,420,0.155251141552511,"y236"
421,421,0.155251141552511,"y236"
422,422,0.182648401826484,"y236"
423,423,0.150684931506849,"y236"
424,424,0.118721461187215,"y236"
425,425,0.178082191780822,"y236"
426,426,0.127853881278539,"y236"
427,427,0.146118721461187,"y236"
428,428,0.17351598173516,"y236"
429,429,0.19634703196347,"y236"
430,430,0.182648401826484,"y236"
431,431,0.155251141552511,"y236"
432,432,0.155251141552511,"y236"
433,433,0.141552511415525,"y236"
434,434,0.127853881278539,"y236"
435,435,0.219178082191781,"y236"
436,436,0.168949771689498,"y236"
437,437,0.178082191780822,"y236"
438,438,0.17351598173516,"y236"
439,439,0.132420091324201,"y236"
440,440,0.141552511415525,"y236"
441,441,0.182648401826484,"y236"
442,442,0.187214611872146,"y236"
443,443,0.159817351598174,"y236"
444,444,0.150684931506849,"y236"
445,445,0.178082191780822,"y236"
446,446,0.168949771689498,"y236"
447,447,0.136986301369863,"y236"
448,448,0.127853881278539,"y236"
449,449,0.168949771689498,"y236"
450,450,0.10958904109589,"y236"
451,451,0.17351598173516,"y236"
452,452,0.155251141552511,"y236"
453,453,0.10958904109589,"y236"
454,454,0.150684931506849,"y236"
455,455,0.17351598173516,"y236"
456,456,0.146118721461187,"y236"
457,457,0.141552511415525,"y236"
458,458,0.155251141552511,"y236"
459,459,0.187214611872146,"y236"
460,460,0.091324200913242,"y236"
461,461,0.17351598173516,"y236"
462,462,0.17351598173516,"y236"
463,463,0.141552511415525,"y236"
464,464,0.123287671232877,"y236"
465,465,0.136986301369863,"y236"
466,466,0.132420091324201,"y236"
467,467,0.146118721461187,"y236"
468,468,0.155251141552511,"y236"
469,469,0.168949771689498,"y236"
470,470,0.136986301369863,"y236"
471,471,0.146118721461187,"y236"
472,472,0.105022831050228,"y236"
473,473,0.182648401826484,"y236"
474,474,0.182648401826484,"y236"
475,475,0.136986301369863,"y236"
476,476,0.132420091324201,"y236"
477,477,0.159817351598174,"y236"
478,478,0.19634703196347,"y236"
479,479,0.205479452054795,"y236"
480,480,0.164383561643836,"y236"
481,481,0.168949771689498,"y236"
482,482,0.132420091324201,"y236"
483,483,0.146118721461187,"y236"
484,484,0.105022831050228,"y236"
485,485,0.146118721461187,"y236"
486,486,0.146118721461187,"y236"
487,487,0.132420091324201,"y236"
488,488,0.19634703196347,"y236"
489,489,0.214611872146119,"y236"
490,490,0.205479452054795,"y236"
491,491,0.155251141552511,"y236"
492,492,0.127853881278539,"y236"
493,493,0.159817351598174,"y236"
494,494,0.182648401826484,"y236"
495,495,0.168949771689498,"y236"
496,496,0.146118721461187,"y236"
497,497,0.150684931506849,"y236"
498,498,0.17351598173516,"y236"
499,499,0.150684931506849,"y236"
500,500,0.17351598173516,"y236"
501,501,0.17351598173516,"y236"
502,502,0.146118721461187,"y236"
503,503,0.178082191780822,"y236"
504,504,0.136986301369863,"y236"
505,505,0.17351598173516,"y236"
506,506,0.159817351598174,"y236"
507,507,0.132420091324201,"y236"
508,508,0.118721461187215,"y236"
509,509,0.136986301369863,"y236"
510,510,0.159817351598174,"y236"
511,511,0.17351598173516,"y236"
512,512,0.200913242009132,"y236"
513,513,0.132420091324201,"y236"
514,514,0.10958904109589,"y236"
515,515,0.132420091324201,"y236"
516,516,0.127853881278539,"y236"
517,517,0.182648401826484,"y236"
518,518,0.127853881278539,"y236"
519,519,0.136986301369863,"y236"
520,520,0.164383561643836,"y236"
521,521,0.127853881278539,"y236"
522,522,0.150684931506849,"y236"
523,523,0.150684931506849,"y236"
524,524,0.150684931506849,"y236"
525,525,0.127853881278539,"y236"
526,526,0.155251141552511,"y236"
527,527,0.159817351598174,"y236"
528,528,0.159817351598174,"y236"
529,529,0.17351598173516,"y236"
530,530,0.136986301369863,"y236"
531,531,0.118721461187215,"y236"
532,532,0.164383561643836,"y236"
533,533,0.10958904109589,"y236"
534,534,0.17351598173516,"y236"
535,535,0.123287671232877,"y236"
536,536,0.150684931506849,"y236"
537,537,0.168949771689498,"y236"
538,538,0.164383561643836,"y236"
539,539,0.091324200913242,"y236"
540,540,0.150684931506849,"y236"
541,541,0.168949771689498,"y236"
542,542,0.155251141552511,"y236"
543,543,0.114155251141553,"y236"
544,544,0.100456621004566,"y236"
545,545,0.136986301369863,"y236"
546,546,0.114155251141553,"y236"
547,547,0.168949771689498,"y236"
548,548,0.118721461187215,"y236"
549,549,0.159817351598174,"y236"
550,550,0.164383561643836,"y236"
551,551,0.132420091324201,"y236"
552,552,0.168949771689498,"y236"
553,553,0.132420091324201,"y236"
554,554,0.182648401826484,"y236"
555,555,0.141552511415525,"y236"
556,556,0.168949771689498,"y236"
557,557,0.150684931506849,"y236"
558,558,0.155251141552511,"y236"
559,559,0.178082191780822,"y236"
560,560,0.150684931506849,"y236"
561,561,0.191780821917808,"y236"
562,562,0.17351598173516,"y236"
563,563,0.159817351598174,"y236"
564,564,0.159817351598174,"y236"
565,565,0.127853881278539,"y236"
566,566,0.141552511415525,"y236"
567,567,0.168949771689498,"y236"
568,568,0.187214611872146,"y236"
569,569,0.105022831050228,"y236"
570,570,0.164383561643836,"y236"
571,571,0.200913242009132,"y236"
572,572,0.136986301369863,"y236"
573,573,0.141552511415525,"y236"
574,574,0.136986301369863,"y236"
575,575,0.141552511415525,"y236"
576,576,0.205479452054795,"y236"
577,577,0.178082191780822,"y236"
578,578,0.150684931506849,"y236"
579,579,0.146118721461187,"y236"
580,580,0.210045662100457,"y236"
581,581,0.17351598173516,"y236"
582,582,0.127853881278539,"y236"
583,583,0.132420091324201,"y236"
584,584,0.159817351598174,"y236"
585,585,0.17351598173516,"y236"
586,586,0.182648401826484,"y236"
587,587,0.187214611872146,"y236"
588,588,0.10958904109589,"y236"
589,589,0.17351598173516,"y236"
590,590,0.178082191780822,"y236"
591,591,0.155251141552511,"y236"
592,592,0.141552511415525,"y236"
593,593,0.164383561643836,"y236"
594,594,0.17351598173516,"y236"
595,595,0.164383561643836,"y236"
596,596,0.141552511415525,"y236"
597,597,0.123287671232877,"y236"
598,598,0.146118721461187,"y236"
599,599,0.155251141552511,"y236"
600,600,0.141552511415525,"y236"
601,601,0.114155251141553,"y236"
602,602,0.146118721461187,"y236"
603,603,0.123287671232877,"y236"
604,604,0.187214611872146,"y236"
605,605,0.182648401826484,"y236"
606,606,0.132420091324201,"y236"
607,607,0.155251141552511,"y236"
608,608,0.132420091324201,"y236"
609,609,0.123287671232877,"y236"
610,610,0.178082191780822,"y236"
611,611,0.150684931506849,"y236"
612,612,0.159817351598174,"y236"
613,613,0.159817351598174,"y236"
614,614,0.155251141552511,"y236"
615,615,0.123287671232877,"y236"
616,616,0.19634703196347,"y236"
617,617,0.123287671232877,"y236"
618,618,0.127853881278539,"y236"
619,619,0.155251141552511,"y236"
620,620,0.164383561643836,"y236"
621,621,0.132420091324201,"y236"
622,622,0.10958904109589,"y236"
623,623,0.123287671232877,"y236"
624,624,0.191780821917808,"y236"
625,625,0.155251141552511,"y236"
626,626,0.168949771689498,"y236"
627,627,0.159817351598174,"y236"
628,628,0.168949771689498,"y236"
629,629,0.150684931506849,"y236"
630,630,0.182648401826484,"y236"
631,631,0.127853881278539,"y236"
632,632,0.123287671232877,"y236"
633,633,0.155251141552511,"y236"
634,634,0.17351598173516,"y236"
635,635,0.127853881278539,"y236"
636,636,0.168949771689498,"y236"
637,637,0.146118721461187,"y236"
638,638,0.182648401826484,"y236"
639,639,0.132420091324201,"y236"
640,640,0.178082191780822,"y236"
641,641,0.132420091324201,"y236"
642,642,0.141552511415525,"y236"
643,643,0.168949771689498,"y236"
644,644,0.146118721461187,"y236"
645,645,0.100456621004566,"y236"
646,646,0.141552511415525,"y236"
647,647,0.141552511415525,"y236"
648,648,0.146118721461187,"y236"
649,649,0.136986301369863,"y236"
650,650,0.141552511415525,"y236"
651,651,0.127853881278539,"y236"
652,652,0.150684931506849,"y236"
653,653,0.114155251141553,"y236"
654,654,0.150684931506849,"y236"
655,655,0.146118721461187,"y236"
656,656,0.150684931506849,"y236"
657,657,0.164383561643836,"y236"
658,658,0.146118721461187,"y236"
659,659,0.182648401826484,"y236"
660,660,0.146118721461187,"y236"
661,661,0.159817351598174,"y236"
662,662,0.150684931506849,"y236"
663,663,0.168949771689498,"y236"
664,664,0.114155251141553,"y236"
665,665,0.187214611872146,"y236"
666,666,0.146118721461187,"y236"
667,667,0.155251141552511,"y236"
668,668,0.123287671232877,"y236"
669,669,0.141552511415525,"y236"
670,670,0.118721461187215,"y236"
671,671,0.10958904109589,"y236"
672,672,0.178082191780822,"y236"
673,673,0.132420091324201,"y236"
674,674,0.164383561643836,"y236"
675,675,0.127853881278539,"y236"
676,676,0.136986301369863,"y236"
677,677,0.164383561643836,"y236"
678,678,0.191780821917808,"y236"
679,679,0.141552511415525,"y236"
680,680,0.150684931506849,"y236"
681,681,0.164383561643836,"y236"
682,682,0.178082191780822,"y236"
683,683,0.168949771689498,"y236"
684,684,0.155251141552511,"y236"
685,685,0.182648401826484,"y236"
686,686,0.168949771689498,"y236"
687,687,0.159817351598174,"y236"
688,688,0.146118721461187,"y236"
689,689,0.19634703196347,"y236"
690,690,0.150684931506849,"y236"
691,691,0.159817351598174,"y236"
692,692,0.164383561643836,"y236"
693,693,0.159817351598174,"y236"
694,694,0.19634703196347,"y236"
695,695,0.136986301369863,"y236"
696,696,0.141552511415525,"y236"
697,697,0.091324200913242,"y236"
698,698,0.123287671232877,"y236"
699,699,0.150684931506849,"y236"
700,700,0.178082191780822,"y236"
701,701,0.132420091324201,"y236"
702,702,0.155251141552511,"y236"
703,703,0.178082191780822,"y236"
704,704,0.17351598173516,"y236"
705,705,0.159817351598174,"y236"
706,706,0.118721461187215,"y236"
707,707,0.178082191780822,"y236"
708,708,0.136986301369863,"y236"
709,709,0.155251141552511,"y236"
710,710,0.136986301369863,"y236"
711,711,0.118721461187215,"y236"
712,712,0.141552511415525,"y236"
713,713,0.191780821917808,"y236"
714,714,0.159817351598174,"y236"
715,715,0.210045662100457,"y236"
716,716,0.146118721461187,"y236"
717,717,0.17351598173516,"y236"
718,718,0.182648401826484,"y236"
719,719,0.136986301369863,"y236"
720,720,0.146118721461187,"y236"
721,721,0.155251141552511,"y236"
722,722,0.168949771689498,"y236"
723,723,0.136986301369863,"y236"
724,724,0.141552511415525,"y236"
725,725,0.182648401826484,"y236"
726,726,0.136986301369863,"y236"
727,727,0.123287671232877,"y236"
728,728,0.168949771689498,"y236"
729,729,0.205479452054795,"y236"
730,730,0.123287671232877,"y236"
731,731,0.155251141552511,"y236"
732,732,0.164383561643836,"y236"
733,733,0.132420091324201,"y236"
734,734,0.146118721461187,"y236"
735,735,0.223744292237443,"y236"
736,736,0.182648401826484,"y236"
737,737,0.17351598173516,"y236"
738,738,0.136986301369863,"y236"
739,739,0.118721461187215,"y236"
740,740,0.178082191780822,"y236"
741,741,0.164383561643836,"y236"
742,742,0.132420091324201,"y236"
743,743,0.155251141552511,"y236"
744,744,0.146118721461187,"y236"
745,745,0.191780821917808,"y236"
746,746,0.214611872146119,"y236"
747,747,0.168949771689498,"y236"
748,748,0.150684931506849,"y236"
749,749,0.114155251141553,"y236"
750,750,0.127853881278539,"y236"
751,751,0.168949771689498,"y236"
752,752,0.164383561643836,"y236"
753,753,0.164383561643836,"y236"
754,754,0.136986301369863,"y236"
755,755,0.168949771689498,"y236"
756,756,0.136986301369863,"y236"
757,757,0.136986301369863,"y236"
758,758,0.164383561643836,"y236"
759,759,0.118721461187215,"y236"
760,760,0.146118721461187,"y236"
761,761,0.17351598173516,"y236"
762,762,0.168949771689498,"y236"
763,763,0.155251141552511,"y236"
764,764,0.155251141552511,"y236"
765,765,0.141552511415525,"y236"
766,766,0.155251141552511,"y236"
767,767,0.146118721461187,"y236"
768,768,0.17351598173516,"y236"
769,769,0.100456621004566,"y236"
770,770,0.168949771689498,"y236"
771,771,0.191780821917808,"y236"
772,772,0.146118721461187,"y236"
773,773,0.136986301369863,"y236"
774,774,0.136986301369863,"y236"
775,775,0.178082191780822,"y236"
776,776,0.146118721461187,"y236"
777,777,0.164383561643836,"y236"
778,778,0.136986301369863,"y236"
779,779,0.150684931506849,"y236"
780,780,0.141552511415525,"y236"
781,781,0.136986301369863,"y236"
782,782,0.19634703196347,"y236"
783,783,0.155251141552511,"y236"
784,784,0.178082191780822,"y236"
785,785,0.168949771689498,"y236"
786,786,0.136986301369863,"y236"
787,787,0.10958904109589,"y236"
788,788,0.187214611872146,"y236"
789,789,0.155251141552511,"y236"
790,790,0.17351598173516,"y236"
791,791,0.17351598173516,"y236"
792,792,0.146118721461187,"y236"
793,793,0.132420091324201,"y236"
794,794,0.155251141552511,"y236"
795,795,0.164383561643836,"y236"
796,796,0.178082191780822,"y236"
797,797,0.146118721461187,"y236"
798,798,0.178082191780822,"y236"
799,799,0.187214611872146,"y236"
800,800,0.155251141552511,"y236"
801,801,0.164383561643836,"y236"
802,802,0.155251141552511,"y236"
803,803,0.132420091324201,"y236"
804,804,0.159817351598174,"y236"
805,805,0.182648401826484,"y236"
806,806,0.168949771689498,"y236"
807,807,0.210045662100457,"y236"
808,808,0.141552511415525,"y236"
809,809,0.136986301369863,"y236"
810,810,0.118721461187215,"y236"
811,811,0.127853881278539,"y236"
812,812,0.127853881278539,"y236"
813,813,0.146118721461187,"y236"
814,814,0.178082191780822,"y236"
815,815,0.168949771689498,"y236"
816,816,0.168949771689498,"y236"
817,817,0.136986301369863,"y236"
818,818,0.168949771689498,"y236"
819,819,0.164383561643836,"y236"
820,820,0.187214611872146,"y236"
821,821,0.155251141552511,"y236"
822,822,0.100456621004566,"y236"
823,823,0.150684931506849,"y236"
824,824,0.159817351598174,"y236"
825,825,0.127853881278539,"y236"
826,826,0.168949771689498,"y236"
827,827,0.178082191780822,"y236"
828,828,0.178082191780822,"y236"
829,829,0.150684931506849,"y236"
830,830,0.127853881278539,"y236"
831,831,0.132420091324201,"y236"
832,832,0.159817351598174,"y236"
833,833,0.164383561643836,"y236"
834,834,0.159817351598174,"y236"
835,835,0.168949771689498,"y236"
836,836,0.168949771689498,"y236"
837,837,0.200913242009132,"y236"
838,838,0.123287671232877,"y236"
839,839,0.159817351598174,"y236"
840,840,0.132420091324201,"y236"
841,841,0.164383561643836,"y236"
842,842,0.182648401826484,"y236"
843,843,0.200913242009132,"y236"
844,844,0.205479452054795,"y236"
845,845,0.155251141552511,"y236"
846,846,0.141552511415525,"y236"
847,847,0.146118721461187,"y236"
848,848,0.141552511415525,"y236"
849,849,0.187214611872146,"y236"
850,850,0.17351598173516,"y236"
851,851,0.10958904109589,"y236"
852,852,0.200913242009132,"y236"
853,853,0.155251141552511,"y236"
854,854,0.127853881278539,"y236"
855,855,0.164383561643836,"y236"
856,856,0.155251141552511,"y236"
857,857,0.178082191780822,"y236"
858,858,0.178082191780822,"y236"
859,859,0.150684931506849,"y236"
860,860,0.150684931506849,"y236"
861,861,0.159817351598174,"y236"
862,862,0.146118721461187,"y236"
863,863,0.146118721461187,"y236"
864,864,0.19634703196347,"y236"
865,865,0.155251141552511,"y236"
866,866,0.150684931506849,"y236"
867,867,0.105022831050228,"y236"
868,868,0.187214611872146,"y236"
869,869,0.19634703196347,"y236"
870,870,0.168949771689498,"y236"
871,871,0.164383561643836,"y236"
872,872,0.155251141552511,"y236"
873,873,0.141552511415525,"y236"
874,874,0.164383561643836,"y236"
875,875,0.141552511415525,"y236"
876,876,0.155251141552511,"y236"
877,877,0.182648401826484,"y236"
878,878,0.123287671232877,"y236"
879,879,0.132420091324201,"y236"
880,880,0.164383561643836,"y236"
881,881,0.146118721461187,"y236"
882,882,0.127853881278539,"y236"
883,883,0.136986301369863,"y236"
884,884,0.123287671232877,"y236"
885,885,0.146118721461187,"y236"
886,886,0.178082191780822,"y236"
887,887,0.164383561643836,"y236"
888,888,0.146118721461187,"y236"
889,889,0.178082191780822,"y236"
890,890,0.164383561643836,"y236"
891,891,0.159817351598174,"y236"
892,892,0.182648401826484,"y236"
893,893,0.10958904109589,"y236"
894,894,0.164383561643836,"y236"
895,895,0.136986301369863,"y236"
896,896,0.114155251141553,"y236"
897,897,0.159817351598174,"y236"
898,898,0.136986301369863,"y236"
899,899,0.123287671232877,"y236"
900,900,0.146118721461187,"y236"
901,901,0.159817351598174,"y236"
902,902,0.17351598173516,"y236"
903,903,0.132420091324201,"y236"
904,904,0.200913242009132,"y236"
905,905,0.159817351598174,"y236"
906,906,0.159817351598174,"y236"
907,907,0.164383561643836,"y236"
908,908,0.141552511415525,"y236"
909,909,0.17351598173516,"y236"
910,910,0.168949771689498,"y236"
911,911,0.191780821917808,"y236"
912,912,0.150684931506849,"y236"
913,913,0.159817351598174,"y236"
914,914,0.141552511415525,"y236"
915,915,0.136986301369863,"y236"
916,916,0.182648401826484,"y236"
917,917,0.155251141552511,"y236"
918,918,0.182648401826484,"y236"
919,919,0.132420091324201,"y236"
920,920,0.10958904109589,"y236"
921,921,0.17351598173516,"y236"
922,922,0.155251141552511,"y236"
923,923,0.114155251141553,"y236"
924,924,0.146118721461187,"y236"
925,925,0.136986301369863,"y236"
926,926,0.136986301369863,"y236"
927,927,0.10958904109589,"y236"
928,928,0.159817351598174,"y236"
929,929,0.191780821917808,"y236"
930,930,0.159817351598174,"y236"
931,931,0.136986301369863,"y236"
932,932,0.146118721461187,"y236"
933,933,0.146118721461187,"y236"
934,934,0.146118721461187,"y236"
935,935,0.159817351598174,"y236"
936,936,0.164383561643836,"y236"
937,937,0.155251141552511,"y236"
938,938,0.118721461187215,"y236"
939,939,0.159817351598174,"y236"
940,940,0.141552511415525,"y236"
941,941,0.146118721461187,"y236"
942,942,0.155251141552511,"y236"
943,943,0.19634703196347,"y236"
944,944,0.114155251141553,"y236"
945,945,0.178082191780822,"y236"
946,946,0.159817351598174,"y236"
947,947,0.150684931506849,"y236"
948,948,0.146118721461187,"y236"
949,949,0.182648401826484,"y236"
950,950,0.187214611872146,"y236"
951,951,0.141552511415525,"y236"
952,952,0.168949771689498,"y236"
953,953,0.164383561643836,"y236"
954,954,0.159817351598174,"y236"
955,955,0.141552511415525,"y236"
956,956,0.17351598173516,"y236"
957,957,0.159817351598174,"y236"
958,958,0.182648401826484,"y236"
959,959,0.150684931506849,"y236"
960,960,0.210045662100457,"y236"
961,961,0.210045662100457,"y236"
962,962,0.100456621004566,"y236"
963,963,0.178082191780822,"y236"
964,964,0.146118721461187,"y236"
965,965,0.141552511415525,"y236"
966,966,0.17351598173516,"y236"
967,967,0.150684931506849,"y236"
968,968,0.150684931506849,"y236"
969,969,0.136986301369863,"y236"
970,970,0.164383561643836,"y236"
971,971,0.155251141552511,"y236"
972,972,0.141552511415525,"y236"
973,973,0.155251141552511,"y236"
974,974,0.159817351598174,"y236"
975,975,0.164383561643836,"y236"
976,976,0.155251141552511,"y236"
977,977,0.132420091324201,"y236"
978,978,0.132420091324201,"y236"
979,979,0.178082191780822,"y236"
980,980,0.168949771689498,"y236"
981,981,0.141552511415525,"y236"
982,982,0.168949771689498,"y236"
983,983,0.10958904109589,"y236"
984,984,0.164383561643836,"y236"
985,985,0.10958904109589,"y236"
986,986,0.168949771689498,"y236"
987,987,0.146118721461187,"y236"
988,988,0.200913242009132,"y236"
989,989,0.205479452054795,"y236"
990,990,0.105022831050228,"y236"
991,991,0.168949771689498,"y236"
992,992,0.159817351598174,"y236"
993,993,0.136986301369863,"y236"
994,994,0.127853881278539,"y236"
995,995,0.146118721461187,"y236"
996,996,0.141552511415525,"y236"
997,997,0.17351598173516,"y236"
998,998,0.150684931506849,"y236"
999,999,0.132420091324201,"y236"
0,0,0.250681198910082,"y243"
1,1,0.231607629427793,"y243"
2,2,0.269754768392371,"y243"
3,3,0.277929155313351,"y243"
4,4,0.256130790190736,"y243"
5,5,0.272479564032698,"y243"
6,6,0.226158038147139,"y243"
7,7,0.277929155313351,"y243"
8,8,0.277929155313351,"y243"
9,9,0.316076294277929,"y243"
10,10,0.264305177111717,"y243"
11,11,0.283378746594005,"y243"
12,12,0.26158038147139,"y243"
13,13,0.250681198910082,"y243"
14,14,0.288828337874659,"y243"
15,15,0.294277929155313,"y243"
16,16,0.256130790190736,"y243"
17,17,0.26158038147139,"y243"
18,18,0.258855585831063,"y243"
19,19,0.239782016348774,"y243"
20,20,0.294277929155313,"y243"
21,21,0.245231607629428,"y243"
22,22,0.275204359673025,"y243"
23,23,0.212534059945504,"y243"
24,24,0.277929155313351,"y243"
25,25,0.247956403269755,"y243"
26,26,0.313351498637602,"y243"
27,27,0.253405994550409,"y243"
28,28,0.256130790190736,"y243"
29,29,0.256130790190736,"y243"
30,30,0.231607629427793,"y243"
31,31,0.283378746594005,"y243"
32,32,0.220708446866485,"y243"
33,33,0.275204359673025,"y243"
34,34,0.269754768392371,"y243"
35,35,0.264305177111717,"y243"
36,36,0.288828337874659,"y243"
37,37,0.250681198910082,"y243"
38,38,0.231607629427793,"y243"
39,39,0.215258855585831,"y243"
40,40,0.288828337874659,"y243"
41,41,0.283378746594005,"y243"
42,42,0.226158038147139,"y243"
43,43,0.245231607629428,"y243"
44,44,0.283378746594005,"y243"
45,45,0.275204359673025,"y243"
46,46,0.269754768392371,"y243"
47,47,0.264305177111717,"y243"
48,48,0.269754768392371,"y243"
49,49,0.258855585831063,"y243"
50,50,0.250681198910082,"y243"
51,51,0.228882833787466,"y243"
52,52,0.267029972752044,"y243"
53,53,0.228882833787466,"y243"
54,54,0.264305177111717,"y243"
55,55,0.302452316076294,"y243"
56,56,0.288828337874659,"y243"
57,57,0.26158038147139,"y243"
58,58,0.258855585831063,"y243"
59,59,0.242506811989101,"y243"
60,60,0.269754768392371,"y243"
61,61,0.267029972752044,"y243"
62,62,0.264305177111717,"y243"
63,63,0.245231607629428,"y243"
64,64,0.228882833787466,"y243"
65,65,0.267029972752044,"y243"
66,66,0.245231607629428,"y243"
67,67,0.275204359673025,"y243"
68,68,0.286103542234332,"y243"
69,69,0.239782016348774,"y243"
70,70,0.277929155313351,"y243"
71,71,0.288828337874659,"y243"
72,72,0.258855585831063,"y243"
73,73,0.237057220708447,"y243"
74,74,0.288828337874659,"y243"
75,75,0.307901907356948,"y243"
76,76,0.264305177111717,"y243"
77,77,0.258855585831063,"y243"
78,78,0.250681198910082,"y243"
79,79,0.275204359673025,"y243"
80,80,0.286103542234332,"y243"
81,81,0.288828337874659,"y243"
82,82,0.247956403269755,"y243"
83,83,0.258855585831063,"y243"
84,84,0.302452316076294,"y243"
85,85,0.291553133514986,"y243"
86,86,0.26158038147139,"y243"
87,87,0.250681198910082,"y243"
88,88,0.275204359673025,"y243"
89,89,0.23433242506812,"y243"
90,90,0.250681198910082,"y243"
91,91,0.220708446866485,"y243"
92,92,0.253405994550409,"y243"
93,93,0.253405994550409,"y243"
94,94,0.256130790190736,"y243"
95,95,0.247956403269755,"y243"
96,96,0.237057220708447,"y243"
97,97,0.258855585831063,"y243"
98,98,0.253405994550409,"y243"
99,99,0.258855585831063,"y243"
100,100,0.275204359673025,"y243"
101,101,0.228882833787466,"y243"
102,102,0.26158038147139,"y243"
103,103,0.310626702997275,"y243"
104,104,0.247956403269755,"y243"
105,105,0.242506811989101,"y243"
106,106,0.253405994550409,"y243"
107,107,0.26158038147139,"y243"
108,108,0.253405994550409,"y243"
109,109,0.250681198910082,"y243"
110,110,0.231607629427793,"y243"
111,111,0.267029972752044,"y243"
112,112,0.220708446866485,"y243"
113,113,0.267029972752044,"y243"
114,114,0.269754768392371,"y243"
115,115,0.302452316076294,"y243"
116,116,0.264305177111717,"y243"
117,117,0.272479564032698,"y243"
118,118,0.299727520435967,"y243"
119,119,0.258855585831063,"y243"
120,120,0.256130790190736,"y243"
121,121,0.250681198910082,"y243"
122,122,0.291553133514986,"y243"
123,123,0.277929155313351,"y243"
124,124,0.283378746594005,"y243"
125,125,0.231607629427793,"y243"
126,126,0.326975476839237,"y243"
127,127,0.269754768392371,"y243"
128,128,0.291553133514986,"y243"
129,129,0.264305177111717,"y243"
130,130,0.294277929155313,"y243"
131,131,0.258855585831063,"y243"
132,132,0.272479564032698,"y243"
133,133,0.283378746594005,"y243"
134,134,0.247956403269755,"y243"
135,135,0.272479564032698,"y243"
136,136,0.313351498637602,"y243"
137,137,0.272479564032698,"y243"
138,138,0.220708446866485,"y243"
139,139,0.256130790190736,"y243"
140,140,0.280653950953678,"y243"
141,141,0.253405994550409,"y243"
142,142,0.313351498637602,"y243"
143,143,0.223433242506812,"y243"
144,144,0.250681198910082,"y243"
145,145,0.272479564032698,"y243"
146,146,0.258855585831063,"y243"
147,147,0.256130790190736,"y243"
148,148,0.23433242506812,"y243"
149,149,0.269754768392371,"y243"
150,150,0.226158038147139,"y243"
151,151,0.275204359673025,"y243"
152,152,0.272479564032698,"y243"
153,153,0.305177111716621,"y243"
154,154,0.280653950953678,"y243"
155,155,0.26158038147139,"y243"
156,156,0.264305177111717,"y243"
157,157,0.267029972752044,"y243"
158,158,0.302452316076294,"y243"
159,159,0.299727520435967,"y243"
160,160,0.291553133514986,"y243"
161,161,0.26158038147139,"y243"
162,162,0.231607629427793,"y243"
163,163,0.26158038147139,"y243"
164,164,0.231607629427793,"y243"
165,165,0.267029972752044,"y243"
166,166,0.239782016348774,"y243"
167,167,0.245231607629428,"y243"
168,168,0.253405994550409,"y243"
169,169,0.23433242506812,"y243"
170,170,0.239782016348774,"y243"
171,171,0.253405994550409,"y243"
172,172,0.258855585831063,"y243"
173,173,0.231607629427793,"y243"
174,174,0.283378746594005,"y243"
175,175,0.242506811989101,"y243"
176,176,0.280653950953678,"y243"
177,177,0.267029972752044,"y243"
178,178,0.310626702997275,"y243"
179,179,0.256130790190736,"y243"
180,180,0.288828337874659,"y243"
181,181,0.23433242506812,"y243"
182,182,0.275204359673025,"y243"
183,183,0.291553133514986,"y243"
184,184,0.272479564032698,"y243"
185,185,0.272479564032698,"y243"
186,186,0.280653950953678,"y243"
187,187,0.346049046321526,"y243"
188,188,0.264305177111717,"y243"
189,189,0.264305177111717,"y243"
190,190,0.267029972752044,"y243"
191,191,0.226158038147139,"y243"
192,192,0.294277929155313,"y243"
193,193,0.269754768392371,"y243"
194,194,0.29700272479564,"y243"
195,195,0.26158038147139,"y243"
196,196,0.226158038147139,"y243"
197,197,0.272479564032698,"y243"
198,198,0.253405994550409,"y243"
199,199,0.286103542234332,"y243"
200,200,0.283378746594005,"y243"
201,201,0.256130790190736,"y243"
202,202,0.275204359673025,"y243"
203,203,0.237057220708447,"y243"
204,204,0.264305177111717,"y243"
205,205,0.223433242506812,"y243"
206,206,0.272479564032698,"y243"
207,207,0.29700272479564,"y243"
208,208,0.245231607629428,"y243"
209,209,0.239782016348774,"y243"
210,210,0.253405994550409,"y243"
211,211,0.294277929155313,"y243"
212,212,0.283378746594005,"y243"
213,213,0.294277929155313,"y243"
214,214,0.264305177111717,"y243"
215,215,0.307901907356948,"y243"
216,216,0.288828337874659,"y243"
217,217,0.280653950953678,"y243"
218,218,0.280653950953678,"y243"
219,219,0.335149863760218,"y243"
220,220,0.288828337874659,"y243"
221,221,0.239782016348774,"y243"
222,222,0.294277929155313,"y243"
223,223,0.26158038147139,"y243"
224,224,0.267029972752044,"y243"
225,225,0.258855585831063,"y243"
226,226,0.313351498637602,"y243"
227,227,0.23433242506812,"y243"
228,228,0.280653950953678,"y243"
229,229,0.228882833787466,"y243"
230,230,0.332425068119891,"y243"
231,231,0.269754768392371,"y243"
232,232,0.321525885558583,"y243"
233,233,0.286103542234332,"y243"
234,234,0.291553133514986,"y243"
235,235,0.291553133514986,"y243"
236,236,0.277929155313351,"y243"
237,237,0.275204359673025,"y243"
238,238,0.258855585831063,"y243"
239,239,0.277929155313351,"y243"
240,240,0.329700272479564,"y243"
241,241,0.223433242506812,"y243"
242,242,0.272479564032698,"y243"
243,243,0.269754768392371,"y243"
244,244,0.299727520435967,"y243"
245,245,0.291553133514986,"y243"
246,246,0.299727520435967,"y243"
247,247,0.269754768392371,"y243"
248,248,0.245231607629428,"y243"
249,249,0.310626702997275,"y243"
250,250,0.242506811989101,"y243"
251,251,0.26158038147139,"y243"
252,252,0.26158038147139,"y243"
253,253,0.280653950953678,"y243"
254,254,0.299727520435967,"y243"
255,255,0.267029972752044,"y243"
256,256,0.264305177111717,"y243"
257,257,0.318801089918256,"y243"
258,258,0.280653950953678,"y243"
259,259,0.302452316076294,"y243"
260,260,0.267029972752044,"y243"
261,261,0.288828337874659,"y243"
262,262,0.220708446866485,"y243"
263,263,0.286103542234332,"y243"
264,264,0.242506811989101,"y243"
265,265,0.269754768392371,"y243"
266,266,0.23433242506812,"y243"
267,267,0.299727520435967,"y243"
268,268,0.269754768392371,"y243"
269,269,0.250681198910082,"y243"
270,270,0.267029972752044,"y243"
271,271,0.253405994550409,"y243"
272,272,0.286103542234332,"y243"
273,273,0.277929155313351,"y243"
274,274,0.277929155313351,"y243"
275,275,0.20708446866485,"y243"
276,276,0.253405994550409,"y243"
277,277,0.302452316076294,"y243"
278,278,0.275204359673025,"y243"
279,279,0.267029972752044,"y243"
280,280,0.272479564032698,"y243"
281,281,0.267029972752044,"y243"
282,282,0.283378746594005,"y243"
283,283,0.264305177111717,"y243"
284,284,0.23433242506812,"y243"
285,285,0.275204359673025,"y243"
286,286,0.250681198910082,"y243"
287,287,0.247956403269755,"y243"
288,288,0.250681198910082,"y243"
289,289,0.29700272479564,"y243"
290,290,0.275204359673025,"y243"
291,291,0.283378746594005,"y243"
292,292,0.258855585831063,"y243"
293,293,0.26158038147139,"y243"
294,294,0.253405994550409,"y243"
295,295,0.264305177111717,"y243"
296,296,0.269754768392371,"y243"
297,297,0.275204359673025,"y243"
298,298,0.228882833787466,"y243"
299,299,0.321525885558583,"y243"
300,300,0.247956403269755,"y243"
301,301,0.267029972752044,"y243"
302,302,0.291553133514986,"y243"
303,303,0.237057220708447,"y243"
304,304,0.253405994550409,"y243"
305,305,0.256130790190736,"y243"
306,306,0.247956403269755,"y243"
307,307,0.283378746594005,"y243"
308,308,0.280653950953678,"y243"
309,309,0.231607629427793,"y243"
310,310,0.294277929155313,"y243"
311,311,0.258855585831063,"y243"
312,312,0.277929155313351,"y243"
313,313,0.264305177111717,"y243"
314,314,0.220708446866485,"y243"
315,315,0.280653950953678,"y243"
316,316,0.307901907356948,"y243"
317,317,0.291553133514986,"y243"
318,318,0.288828337874659,"y243"
319,319,0.277929155313351,"y243"
320,320,0.267029972752044,"y243"
321,321,0.26158038147139,"y243"
322,322,0.264305177111717,"y243"
323,323,0.267029972752044,"y243"
324,324,0.253405994550409,"y243"
325,325,0.253405994550409,"y243"
326,326,0.258855585831063,"y243"
327,327,0.269754768392371,"y243"
328,328,0.247956403269755,"y243"
329,329,0.275204359673025,"y243"
330,330,0.283378746594005,"y243"
331,331,0.264305177111717,"y243"
332,332,0.250681198910082,"y243"
333,333,0.316076294277929,"y243"
334,334,0.223433242506812,"y243"
335,335,0.264305177111717,"y243"
336,336,0.269754768392371,"y243"
337,337,0.258855585831063,"y243"
338,338,0.242506811989101,"y243"
339,339,0.269754768392371,"y243"
340,340,0.318801089918256,"y243"
341,341,0.299727520435967,"y243"
342,342,0.264305177111717,"y243"
343,343,0.228882833787466,"y243"
344,344,0.23433242506812,"y243"
345,345,0.275204359673025,"y243"
346,346,0.305177111716621,"y243"
347,347,0.256130790190736,"y243"
348,348,0.247956403269755,"y243"
349,349,0.256130790190736,"y243"
350,350,0.258855585831063,"y243"
351,351,0.302452316076294,"y243"
352,352,0.272479564032698,"y243"
353,353,0.267029972752044,"y243"
354,354,0.283378746594005,"y243"
355,355,0.267029972752044,"y243"
356,356,0.280653950953678,"y243"
357,357,0.29700272479564,"y243"
358,358,0.280653950953678,"y243"
359,359,0.256130790190736,"y243"
360,360,0.250681198910082,"y243"
361,361,0.253405994550409,"y243"
362,362,0.256130790190736,"y243"
363,363,0.275204359673025,"y243"
364,364,0.26158038147139,"y243"
365,365,0.280653950953678,"y243"
366,366,0.280653950953678,"y243"
367,367,0.335149863760218,"y243"
368,368,0.310626702997275,"y243"
369,369,0.253405994550409,"y243"
370,370,0.253405994550409,"y243"
371,371,0.269754768392371,"y243"
372,372,0.237057220708447,"y243"
373,373,0.250681198910082,"y243"
374,374,0.250681198910082,"y243"
375,375,0.280653950953678,"y243"
376,376,0.288828337874659,"y243"
377,377,0.307901907356948,"y243"
378,378,0.32425068119891,"y243"
379,379,0.299727520435967,"y243"
380,380,0.299727520435967,"y243"
381,381,0.283378746594005,"y243"
382,382,0.245231607629428,"y243"
383,383,0.253405994550409,"y243"
384,384,0.264305177111717,"y243"
385,385,0.226158038147139,"y243"
386,386,0.26158038147139,"y243"
387,387,0.294277929155313,"y243"
388,388,0.247956403269755,"y243"
389,389,0.29700272479564,"y243"
390,390,0.269754768392371,"y243"
391,391,0.267029972752044,"y243"
392,392,0.283378746594005,"y243"
393,393,0.231607629427793,"y243"
394,394,0.264305177111717,"y243"
395,395,0.275204359673025,"y243"
396,396,0.23433242506812,"y243"
397,397,0.264305177111717,"y243"
398,398,0.291553133514986,"y243"
399,399,0.253405994550409,"y243"
400,400,0.215258855585831,"y243"
401,401,0.23433242506812,"y243"
402,402,0.256130790190736,"y243"
403,403,0.275204359673025,"y243"
404,404,0.245231607629428,"y243"
405,405,0.223433242506812,"y243"
406,406,0.26158038147139,"y243"
407,407,0.247956403269755,"y243"
408,408,0.269754768392371,"y243"
409,409,0.242506811989101,"y243"
410,410,0.26158038147139,"y243"
411,411,0.286103542234332,"y243"
412,412,0.242506811989101,"y243"
413,413,0.286103542234332,"y243"
414,414,0.272479564032698,"y243"
415,415,0.20708446866485,"y243"
416,416,0.258855585831063,"y243"
417,417,0.258855585831063,"y243"
418,418,0.288828337874659,"y243"
419,419,0.26158038147139,"y243"
420,420,0.239782016348774,"y243"
421,421,0.264305177111717,"y243"
422,422,0.288828337874659,"y243"
423,423,0.26158038147139,"y243"
424,424,0.250681198910082,"y243"
425,425,0.250681198910082,"y243"
426,426,0.253405994550409,"y243"
427,427,0.253405994550409,"y243"
428,428,0.299727520435967,"y243"
429,429,0.272479564032698,"y243"
430,430,0.267029972752044,"y243"
431,431,0.250681198910082,"y243"
432,432,0.288828337874659,"y243"
433,433,0.237057220708447,"y243"
434,434,0.258855585831063,"y243"
435,435,0.242506811989101,"y243"
436,436,0.239782016348774,"y243"
437,437,0.267029972752044,"y243"
438,438,0.283378746594005,"y243"
439,439,0.302452316076294,"y243"
440,440,0.294277929155313,"y243"
441,441,0.272479564032698,"y243"
442,442,0.272479564032698,"y243"
443,443,0.264305177111717,"y243"
444,444,0.272479564032698,"y243"
445,445,0.237057220708447,"y243"
446,446,0.239782016348774,"y243"
447,447,0.29700272479564,"y243"
448,448,0.250681198910082,"y243"
449,449,0.294277929155313,"y243"
450,450,0.215258855585831,"y243"
451,451,0.26158038147139,"y243"
452,452,0.247956403269755,"y243"
453,453,0.242506811989101,"y243"
454,454,0.239782016348774,"y243"
455,455,0.275204359673025,"y243"
456,456,0.264305177111717,"y243"
457,457,0.283378746594005,"y243"
458,458,0.264305177111717,"y243"
459,459,0.237057220708447,"y243"
460,460,0.245231607629428,"y243"
461,461,0.283378746594005,"y243"
462,462,0.267029972752044,"y243"
463,463,0.256130790190736,"y243"
464,464,0.250681198910082,"y243"
465,465,0.253405994550409,"y243"
466,466,0.269754768392371,"y243"
467,467,0.302452316076294,"y243"
468,468,0.288828337874659,"y243"
469,469,0.242506811989101,"y243"
470,470,0.250681198910082,"y243"
471,471,0.29700272479564,"y243"
472,472,0.253405994550409,"y243"
473,473,0.247956403269755,"y243"
474,474,0.267029972752044,"y243"
475,475,0.237057220708447,"y243"
476,476,0.267029972752044,"y243"
477,477,0.313351498637602,"y243"
478,478,0.291553133514986,"y243"
479,479,0.247956403269755,"y243"
480,480,0.321525885558583,"y243"
481,481,0.283378746594005,"y243"
482,482,0.269754768392371,"y243"
483,483,0.280653950953678,"y243"
484,484,0.286103542234332,"y243"
485,485,0.275204359673025,"y243"
486,486,0.256130790190736,"y243"
487,487,0.288828337874659,"y243"
488,488,0.280653950953678,"y243"
489,489,0.239782016348774,"y243"
490,490,0.226158038147139,"y243"
491,491,0.275204359673025,"y243"
492,492,0.267029972752044,"y243"
493,493,0.226158038147139,"y243"
494,494,0.23433242506812,"y243"
495,495,0.269754768392371,"y243"
496,496,0.269754768392371,"y243"
497,497,0.277929155313351,"y243"
498,498,0.253405994550409,"y243"
499,499,0.277929155313351,"y243"
500,500,0.277929155313351,"y243"
501,501,0.277929155313351,"y243"
502,502,0.247956403269755,"y243"
503,503,0.258855585831063,"y243"
504,504,0.275204359673025,"y243"
505,505,0.294277929155313,"y243"
506,506,0.283378746594005,"y243"
507,507,0.226158038147139,"y243"
508,508,0.264305177111717,"y243"
509,509,0.250681198910082,"y243"
510,510,0.239782016348774,"y243"
511,511,0.23433242506812,"y243"
512,512,0.275204359673025,"y243"
513,513,0.283378746594005,"y243"
514,514,0.242506811989101,"y243"
515,515,0.256130790190736,"y243"
516,516,0.272479564032698,"y243"
517,517,0.286103542234332,"y243"
518,518,0.237057220708447,"y243"
519,519,0.286103542234332,"y243"
520,520,0.302452316076294,"y243"
521,521,0.32425068119891,"y243"
522,522,0.29700272479564,"y243"
523,523,0.272479564032698,"y243"
524,524,0.288828337874659,"y243"
525,525,0.280653950953678,"y243"
526,526,0.253405994550409,"y243"
527,527,0.275204359673025,"y243"
528,528,0.239782016348774,"y243"
529,529,0.283378746594005,"y243"
530,530,0.288828337874659,"y243"
531,531,0.267029972752044,"y243"
532,532,0.307901907356948,"y243"
533,533,0.269754768392371,"y243"
534,534,0.212534059945504,"y243"
535,535,0.291553133514986,"y243"
536,536,0.286103542234332,"y243"
537,537,0.305177111716621,"y243"
538,538,0.215258855585831,"y243"
539,539,0.245231607629428,"y243"
540,540,0.242506811989101,"y243"
541,541,0.247956403269755,"y243"
542,542,0.242506811989101,"y243"
543,543,0.275204359673025,"y243"
544,544,0.305177111716621,"y243"
545,545,0.267029972752044,"y243"
546,546,0.242506811989101,"y243"
547,547,0.288828337874659,"y243"
548,548,0.286103542234332,"y243"
549,549,0.29700272479564,"y243"
550,550,0.310626702997275,"y243"
551,551,0.264305177111717,"y243"
552,552,0.283378746594005,"y243"
553,553,0.267029972752044,"y243"
554,554,0.283378746594005,"y243"
555,555,0.26158038147139,"y243"
556,556,0.267029972752044,"y243"
557,557,0.258855585831063,"y243"
558,558,0.280653950953678,"y243"
559,559,0.269754768392371,"y243"
560,560,0.280653950953678,"y243"
561,561,0.329700272479564,"y243"
562,562,0.258855585831063,"y243"
563,563,0.247956403269755,"y243"
564,564,0.302452316076294,"y243"
565,565,0.269754768392371,"y243"
566,566,0.277929155313351,"y243"
567,567,0.272479564032698,"y243"
568,568,0.291553133514986,"y243"
569,569,0.267029972752044,"y243"
570,570,0.237057220708447,"y243"
571,571,0.267029972752044,"y243"
572,572,0.264305177111717,"y243"
573,573,0.299727520435967,"y243"
574,574,0.26158038147139,"y243"
575,575,0.313351498637602,"y243"
576,576,0.283378746594005,"y243"
577,577,0.258855585831063,"y243"
578,578,0.245231607629428,"y243"
579,579,0.258855585831063,"y243"
580,580,0.267029972752044,"y243"
581,581,0.272479564032698,"y243"
582,582,0.294277929155313,"y243"
583,583,0.272479564032698,"y243"
584,584,0.307901907356948,"y243"
585,585,0.264305177111717,"y243"
586,586,0.23433242506812,"y243"
587,587,0.264305177111717,"y243"
588,588,0.258855585831063,"y243"
589,589,0.272479564032698,"y243"
590,590,0.245231607629428,"y243"
591,591,0.288828337874659,"y243"
592,592,0.245231607629428,"y243"
593,593,0.277929155313351,"y243"
594,594,0.250681198910082,"y243"
595,595,0.256130790190736,"y243"
596,596,0.256130790190736,"y243"
597,597,0.29700272479564,"y243"
598,598,0.275204359673025,"y243"
599,599,0.256130790190736,"y243"
600,600,0.280653950953678,"y243"
601,601,0.299727520435967,"y243"
602,602,0.245231607629428,"y243"
603,603,0.277929155313351,"y243"
604,604,0.256130790190736,"y243"
605,605,0.264305177111717,"y243"
606,606,0.302452316076294,"y243"
607,607,0.280653950953678,"y243"
608,608,0.275204359673025,"y243"
609,609,0.280653950953678,"y243"
610,610,0.288828337874659,"y243"
611,611,0.283378746594005,"y243"
612,612,0.294277929155313,"y243"
613,613,0.269754768392371,"y243"
614,614,0.253405994550409,"y243"
615,615,0.299727520435967,"y243"
616,616,0.286103542234332,"y243"
617,617,0.288828337874659,"y243"
618,618,0.307901907356948,"y243"
619,619,0.283378746594005,"y243"
620,620,0.272479564032698,"y243"
621,621,0.280653950953678,"y243"
622,622,0.264305177111717,"y243"
623,623,0.272479564032698,"y243"
624,624,0.283378746594005,"y243"
625,625,0.267029972752044,"y243"
626,626,0.26158038147139,"y243"
627,627,0.228882833787466,"y243"
628,628,0.269754768392371,"y243"
629,629,0.283378746594005,"y243"
630,630,0.280653950953678,"y243"
631,631,0.267029972752044,"y243"
632,632,0.280653950953678,"y243"
633,633,0.264305177111717,"y243"
634,634,0.250681198910082,"y243"
635,635,0.242506811989101,"y243"
636,636,0.267029972752044,"y243"
637,637,0.264305177111717,"y243"
638,638,0.275204359673025,"y243"
639,639,0.26158038147139,"y243"
640,640,0.286103542234332,"y243"
641,641,0.26158038147139,"y243"
642,642,0.332425068119891,"y243"
643,643,0.277929155313351,"y243"
644,644,0.283378746594005,"y243"
645,645,0.286103542234332,"y243"
646,646,0.256130790190736,"y243"
647,647,0.250681198910082,"y243"
648,648,0.286103542234332,"y243"
649,649,0.26158038147139,"y243"
650,650,0.280653950953678,"y243"
651,651,0.231607629427793,"y243"
652,652,0.302452316076294,"y243"
653,653,0.228882833787466,"y243"
654,654,0.286103542234332,"y243"
655,655,0.264305177111717,"y243"
656,656,0.272479564032698,"y243"
657,657,0.272479564032698,"y243"
658,658,0.242506811989101,"y243"
659,659,0.250681198910082,"y243"
660,660,0.32425068119891,"y243"
661,661,0.253405994550409,"y243"
662,662,0.242506811989101,"y243"
663,663,0.275204359673025,"y243"
664,664,0.267029972752044,"y243"
665,665,0.313351498637602,"y243"
666,666,0.288828337874659,"y243"
667,667,0.256130790190736,"y243"
668,668,0.26158038147139,"y243"
669,669,0.280653950953678,"y243"
670,670,0.253405994550409,"y243"
671,671,0.267029972752044,"y243"
672,672,0.269754768392371,"y243"
673,673,0.283378746594005,"y243"
674,674,0.291553133514986,"y243"
675,675,0.275204359673025,"y243"
676,676,0.220708446866485,"y243"
677,677,0.26158038147139,"y243"
678,678,0.23433242506812,"y243"
679,679,0.258855585831063,"y243"
680,680,0.310626702997275,"y243"
681,681,0.269754768392371,"y243"
682,682,0.253405994550409,"y243"
683,683,0.277929155313351,"y243"
684,684,0.272479564032698,"y243"
685,685,0.299727520435967,"y243"
686,686,0.267029972752044,"y243"
687,687,0.256130790190736,"y243"
688,688,0.256130790190736,"y243"
689,689,0.277929155313351,"y243"
690,690,0.305177111716621,"y243"
691,691,0.29700272479564,"y243"
692,692,0.272479564032698,"y243"
693,693,0.321525885558583,"y243"
694,694,0.245231607629428,"y243"
695,695,0.250681198910082,"y243"
696,696,0.264305177111717,"y243"
697,697,0.26158038147139,"y243"
698,698,0.242506811989101,"y243"
699,699,0.256130790190736,"y243"
700,700,0.228882833787466,"y243"
701,701,0.220708446866485,"y243"
702,702,0.23433242506812,"y243"
703,703,0.253405994550409,"y243"
704,704,0.275204359673025,"y243"
705,705,0.253405994550409,"y243"
706,706,0.23433242506812,"y243"
707,707,0.272479564032698,"y243"
708,708,0.242506811989101,"y243"
709,709,0.250681198910082,"y243"
710,710,0.275204359673025,"y243"
711,711,0.275204359673025,"y243"
712,712,0.258855585831063,"y243"
713,713,0.294277929155313,"y243"
714,714,0.26158038147139,"y243"
715,715,0.228882833787466,"y243"
716,716,0.250681198910082,"y243"
717,717,0.242506811989101,"y243"
718,718,0.277929155313351,"y243"
719,719,0.288828337874659,"y243"
720,720,0.245231607629428,"y243"
721,721,0.299727520435967,"y243"
722,722,0.275204359673025,"y243"
723,723,0.291553133514986,"y243"
724,724,0.307901907356948,"y243"
725,725,0.302452316076294,"y243"
726,726,0.313351498637602,"y243"
727,727,0.286103542234332,"y243"
728,728,0.220708446866485,"y243"
729,729,0.258855585831063,"y243"
730,730,0.245231607629428,"y243"
731,731,0.26158038147139,"y243"
732,732,0.239782016348774,"y243"
733,733,0.23433242506812,"y243"
734,734,0.239782016348774,"y243"
735,735,0.23433242506812,"y243"
736,736,0.275204359673025,"y243"
737,737,0.280653950953678,"y243"
738,738,0.267029972752044,"y243"
739,739,0.272479564032698,"y243"
740,740,0.269754768392371,"y243"
741,741,0.256130790190736,"y243"
742,742,0.288828337874659,"y243"
743,743,0.220708446866485,"y243"
744,744,0.223433242506812,"y243"
745,745,0.258855585831063,"y243"
746,746,0.307901907356948,"y243"
747,747,0.267029972752044,"y243"
748,748,0.288828337874659,"y243"
749,749,0.258855585831063,"y243"
750,750,0.283378746594005,"y243"
751,751,0.286103542234332,"y243"
752,752,0.23433242506812,"y243"
753,753,0.256130790190736,"y243"
754,754,0.286103542234332,"y243"
755,755,0.291553133514986,"y243"
756,756,0.275204359673025,"y243"
757,757,0.26158038147139,"y243"
758,758,0.29700272479564,"y243"
759,759,0.302452316076294,"y243"
760,760,0.258855585831063,"y243"
761,761,0.277929155313351,"y243"
762,762,0.245231607629428,"y243"
763,763,0.299727520435967,"y243"
764,764,0.26158038147139,"y243"
765,765,0.272479564032698,"y243"
766,766,0.269754768392371,"y243"
767,767,0.313351498637602,"y243"
768,768,0.245231607629428,"y243"
769,769,0.277929155313351,"y243"
770,770,0.277929155313351,"y243"
771,771,0.228882833787466,"y243"
772,772,0.305177111716621,"y243"
773,773,0.258855585831063,"y243"
774,774,0.269754768392371,"y243"
775,775,0.237057220708447,"y243"
776,776,0.272479564032698,"y243"
777,777,0.29700272479564,"y243"
778,778,0.286103542234332,"y243"
779,779,0.223433242506812,"y243"
780,780,0.291553133514986,"y243"
781,781,0.264305177111717,"y243"
782,782,0.247956403269755,"y243"
783,783,0.256130790190736,"y243"
784,784,0.253405994550409,"y243"
785,785,0.302452316076294,"y243"
786,786,0.26158038147139,"y243"
787,787,0.267029972752044,"y243"
788,788,0.23433242506812,"y243"
789,789,0.29700272479564,"y243"
790,790,0.280653950953678,"y243"
791,791,0.291553133514986,"y243"
792,792,0.264305177111717,"y243"
793,793,0.272479564032698,"y243"
794,794,0.302452316076294,"y243"
795,795,0.250681198910082,"y243"
796,796,0.272479564032698,"y243"
797,797,0.294277929155313,"y243"
798,798,0.280653950953678,"y243"
799,799,0.305177111716621,"y243"
800,800,0.223433242506812,"y243"
801,801,0.250681198910082,"y243"
802,802,0.242506811989101,"y243"
803,803,0.264305177111717,"y243"
804,804,0.291553133514986,"y243"
805,805,0.277929155313351,"y243"
806,806,0.256130790190736,"y243"
807,807,0.269754768392371,"y243"
808,808,0.310626702997275,"y243"
809,809,0.256130790190736,"y243"
810,810,0.291553133514986,"y243"
811,811,0.299727520435967,"y243"
812,812,0.193460490463215,"y243"
813,813,0.256130790190736,"y243"
814,814,0.245231607629428,"y243"
815,815,0.258855585831063,"y243"
816,816,0.245231607629428,"y243"
817,817,0.26158038147139,"y243"
818,818,0.23433242506812,"y243"
819,819,0.245231607629428,"y243"
820,820,0.267029972752044,"y243"
821,821,0.217983651226158,"y243"
822,822,0.299727520435967,"y243"
823,823,0.288828337874659,"y243"
824,824,0.239782016348774,"y243"
825,825,0.253405994550409,"y243"
826,826,0.237057220708447,"y243"
827,827,0.267029972752044,"y243"
828,828,0.294277929155313,"y243"
829,829,0.26158038147139,"y243"
830,830,0.223433242506812,"y243"
831,831,0.258855585831063,"y243"
832,832,0.269754768392371,"y243"
833,833,0.247956403269755,"y243"
834,834,0.294277929155313,"y243"
835,835,0.280653950953678,"y243"
836,836,0.264305177111717,"y243"
837,837,0.286103542234332,"y243"
838,838,0.237057220708447,"y243"
839,839,0.302452316076294,"y243"
840,840,0.277929155313351,"y243"
841,841,0.269754768392371,"y243"
842,842,0.310626702997275,"y243"
843,843,0.277929155313351,"y243"
844,844,0.220708446866485,"y243"
845,845,0.26158038147139,"y243"
846,846,0.288828337874659,"y243"
847,847,0.26158038147139,"y243"
848,848,0.288828337874659,"y243"
849,849,0.321525885558583,"y243"
850,850,0.237057220708447,"y243"
851,851,0.264305177111717,"y243"
852,852,0.264305177111717,"y243"
853,853,0.258855585831063,"y243"
854,854,0.23433242506812,"y243"
855,855,0.247956403269755,"y243"
856,856,0.272479564032698,"y243"
857,857,0.253405994550409,"y243"
858,858,0.26158038147139,"y243"
859,859,0.23433242506812,"y243"
860,860,0.275204359673025,"y243"
861,861,0.283378746594005,"y243"
862,862,0.256130790190736,"y243"
863,863,0.253405994550409,"y243"
864,864,0.269754768392371,"y243"
865,865,0.217983651226158,"y243"
866,866,0.283378746594005,"y243"
867,867,0.305177111716621,"y243"
868,868,0.228882833787466,"y243"
869,869,0.253405994550409,"y243"
870,870,0.250681198910082,"y243"
871,871,0.256130790190736,"y243"
872,872,0.277929155313351,"y243"
873,873,0.247956403269755,"y243"
874,874,0.237057220708447,"y243"
875,875,0.256130790190736,"y243"
876,876,0.302452316076294,"y243"
877,877,0.242506811989101,"y243"
878,878,0.264305177111717,"y243"
879,879,0.272479564032698,"y243"
880,880,0.245231607629428,"y243"
881,881,0.302452316076294,"y243"
882,882,0.283378746594005,"y243"
883,883,0.283378746594005,"y243"
884,884,0.223433242506812,"y243"
885,885,0.247956403269755,"y243"
886,886,0.258855585831063,"y243"
887,887,0.277929155313351,"y243"
888,888,0.220708446866485,"y243"
889,889,0.267029972752044,"y243"
890,890,0.256130790190736,"y243"
891,891,0.294277929155313,"y243"
892,892,0.256130790190736,"y243"
893,893,0.250681198910082,"y243"
894,894,0.250681198910082,"y243"
895,895,0.286103542234332,"y243"
896,896,0.242506811989101,"y243"
897,897,0.267029972752044,"y243"
898,898,0.267029972752044,"y243"
899,899,0.250681198910082,"y243"
900,900,0.299727520435967,"y243"
901,901,0.288828337874659,"y243"
902,902,0.318801089918256,"y243"
903,903,0.272479564032698,"y243"
904,904,0.256130790190736,"y243"
905,905,0.258855585831063,"y243"
906,906,0.340599455040872,"y243"
907,907,0.310626702997275,"y243"
908,908,0.250681198910082,"y243"
909,909,0.272479564032698,"y243"
910,910,0.247956403269755,"y243"
911,911,0.250681198910082,"y243"
912,912,0.239782016348774,"y243"
913,913,0.231607629427793,"y243"
914,914,0.275204359673025,"y243"
915,915,0.264305177111717,"y243"
916,916,0.272479564032698,"y243"
917,917,0.26158038147139,"y243"
918,918,0.283378746594005,"y243"
919,919,0.267029972752044,"y243"
920,920,0.275204359673025,"y243"
921,921,0.26158038147139,"y243"
922,922,0.272479564032698,"y243"
923,923,0.23433242506812,"y243"
924,924,0.247956403269755,"y243"
925,925,0.272479564032698,"y243"
926,926,0.253405994550409,"y243"
927,927,0.286103542234332,"y243"
928,928,0.247956403269755,"y243"
929,929,0.269754768392371,"y243"
930,930,0.253405994550409,"y243"
931,931,0.307901907356948,"y243"
932,932,0.250681198910082,"y243"
933,933,0.286103542234332,"y243"
934,934,0.335149863760218,"y243"
935,935,0.277929155313351,"y243"
936,936,0.286103542234332,"y243"
937,937,0.231607629427793,"y243"
938,938,0.280653950953678,"y243"
939,939,0.253405994550409,"y243"
940,940,0.217983651226158,"y243"
941,941,0.245231607629428,"y243"
942,942,0.280653950953678,"y243"
943,943,0.245231607629428,"y243"
944,944,0.237057220708447,"y243"
945,945,0.247956403269755,"y243"
946,946,0.316076294277929,"y243"
947,947,0.299727520435967,"y243"
948,948,0.250681198910082,"y243"
949,949,0.291553133514986,"y243"
950,950,0.275204359673025,"y243"
951,951,0.277929155313351,"y243"
952,952,0.283378746594005,"y243"
953,953,0.267029972752044,"y243"
954,954,0.275204359673025,"y243"
955,955,0.237057220708447,"y243"
956,956,0.267029972752044,"y243"
957,957,0.302452316076294,"y243"
958,958,0.250681198910082,"y243"
959,959,0.267029972752044,"y243"
960,960,0.269754768392371,"y243"
961,961,0.250681198910082,"y243"
962,962,0.258855585831063,"y243"
963,963,0.269754768392371,"y243"
964,964,0.288828337874659,"y243"
965,965,0.272479564032698,"y243"
966,966,0.275204359673025,"y243"
967,967,0.283378746594005,"y243"
968,968,0.280653950953678,"y243"
969,969,0.20708446866485,"y243"
970,970,0.264305177111717,"y243"
971,971,0.283378746594005,"y243"
972,972,0.275204359673025,"y243"
973,973,0.267029972752044,"y243"
974,974,0.264305177111717,"y243"
975,975,0.23433242506812,"y243"
976,976,0.258855585831063,"y243"
977,977,0.29700272479564,"y243"
978,978,0.258855585831063,"y243"
979,979,0.223433242506812,"y243"
980,980,0.272479564032698,"y243"
981,981,0.258855585831063,"y243"
982,982,0.239782016348774,"y243"
983,983,0.237057220708447,"y243"
984,984,0.280653950953678,"y243"
985,985,0.256130790190736,"y243"
986,986,0.231607629427793,"y243"
987,987,0.275204359673025,"y243"
988,988,0.283378746594005,"y243"
989,989,0.26158038147139,"y243"
990,990,0.26158038147139,"y243"
991,991,0.239782016348774,"y243"
992,992,0.253405994550409,"y243"
993,993,0.267029972752044,"y243"
994,994,0.231607629427793,"y243"
995,995,0.264305177111717,"y243"
996,996,0.245231607629428,"y243"
997,997,0.256130790190736,"y243"
998,998,0.258855585831063,"y243"
999,999,0.267029972752044,"y243"
0,0,0.132075471698113,"y286"
1,1,0.166037735849057,"y286"
2,2,0.162264150943396,"y286"
3,3,0.2,"y286"
4,4,0.218867924528302,"y286"
5,5,0.237735849056604,"y286"
6,6,0.173584905660377,"y286"
7,7,0.173584905660377,"y286"
8,8,0.211320754716981,"y286"
9,9,0.207547169811321,"y286"
10,10,0.218867924528302,"y286"
11,11,0.177358490566038,"y286"
12,12,0.188679245283019,"y286"
13,13,0.222641509433962,"y286"
14,14,0.19622641509434,"y286"
15,15,0.215094339622642,"y286"
16,16,0.19622641509434,"y286"
17,17,0.158490566037736,"y286"
18,18,0.181132075471698,"y286"
19,19,0.215094339622642,"y286"
20,20,0.177358490566038,"y286"
21,21,0.188679245283019,"y286"
22,22,0.230188679245283,"y286"
23,23,0.20377358490566,"y286"
24,24,0.207547169811321,"y286"
25,25,0.169811320754717,"y286"
26,26,0.188679245283019,"y286"
27,27,0.207547169811321,"y286"
28,28,0.177358490566038,"y286"
29,29,0.184905660377358,"y286"
30,30,0.177358490566038,"y286"
31,31,0.173584905660377,"y286"
32,32,0.135849056603774,"y286"
33,33,0.173584905660377,"y286"
34,34,0.154716981132075,"y286"
35,35,0.226415094339623,"y286"
36,36,0.2,"y286"
37,37,0.211320754716981,"y286"
38,38,0.192452830188679,"y286"
39,39,0.19622641509434,"y286"
40,40,0.181132075471698,"y286"
41,41,0.207547169811321,"y286"
42,42,0.192452830188679,"y286"
43,43,0.181132075471698,"y286"
44,44,0.188679245283019,"y286"
45,45,0.166037735849057,"y286"
46,46,0.20377358490566,"y286"
47,47,0.173584905660377,"y286"
48,48,0.128301886792453,"y286"
49,49,0.19622641509434,"y286"
50,50,0.215094339622642,"y286"
51,51,0.19622641509434,"y286"
52,52,0.177358490566038,"y286"
53,53,0.158490566037736,"y286"
54,54,0.177358490566038,"y286"
55,55,0.188679245283019,"y286"
56,56,0.218867924528302,"y286"
57,57,0.211320754716981,"y286"
58,58,0.135849056603774,"y286"
59,59,0.188679245283019,"y286"
60,60,0.20377358490566,"y286"
61,61,0.226415094339623,"y286"
62,62,0.2,"y286"
63,63,0.192452830188679,"y286"
64,64,0.173584905660377,"y286"
65,65,0.20377358490566,"y286"
66,66,0.20377358490566,"y286"
67,67,0.184905660377358,"y286"
68,68,0.184905660377358,"y286"
69,69,0.181132075471698,"y286"
70,70,0.166037735849057,"y286"
71,71,0.241509433962264,"y286"
72,72,0.166037735849057,"y286"
73,73,0.218867924528302,"y286"
74,74,0.169811320754717,"y286"
75,75,0.154716981132075,"y286"
76,76,0.20377358490566,"y286"
77,77,0.162264150943396,"y286"
78,78,0.173584905660377,"y286"
79,79,0.173584905660377,"y286"
80,80,0.177358490566038,"y286"
81,81,0.211320754716981,"y286"
82,82,0.2,"y286"
83,83,0.245283018867925,"y286"
84,84,0.177358490566038,"y286"
85,85,0.2,"y286"
86,86,0.218867924528302,"y286"
87,87,0.173584905660377,"y286"
88,88,0.166037735849057,"y286"
89,89,0.222641509433962,"y286"
90,90,0.169811320754717,"y286"
91,91,0.181132075471698,"y286"
92,92,0.181132075471698,"y286"
93,93,0.150943396226415,"y286"
94,94,0.218867924528302,"y286"
95,95,0.181132075471698,"y286"
96,96,0.19622641509434,"y286"
97,97,0.181132075471698,"y286"
98,98,0.181132075471698,"y286"
99,99,0.215094339622642,"y286"
100,100,0.207547169811321,"y286"
101,101,0.158490566037736,"y286"
102,102,0.192452830188679,"y286"
103,103,0.143396226415094,"y286"
104,104,0.166037735849057,"y286"
105,105,0.158490566037736,"y286"
106,106,0.188679245283019,"y286"
107,107,0.177358490566038,"y286"
108,108,0.181132075471698,"y286"
109,109,0.207547169811321,"y286"
110,110,0.211320754716981,"y286"
111,111,0.177358490566038,"y286"
112,112,0.2,"y286"
113,113,0.211320754716981,"y286"
114,114,0.181132075471698,"y286"
115,115,0.226415094339623,"y286"
116,116,0.2,"y286"
117,117,0.162264150943396,"y286"
118,118,0.162264150943396,"y286"
119,119,0.173584905660377,"y286"
120,120,0.181132075471698,"y286"
121,121,0.169811320754717,"y286"
122,122,0.192452830188679,"y286"
123,123,0.19622641509434,"y286"
124,124,0.166037735849057,"y286"
125,125,0.211320754716981,"y286"
126,126,0.184905660377358,"y286"
127,127,0.226415094339623,"y286"
128,128,0.20377358490566,"y286"
129,129,0.207547169811321,"y286"
130,130,0.192452830188679,"y286"
131,131,0.19622641509434,"y286"
132,132,0.166037735849057,"y286"
133,133,0.162264150943396,"y286"
134,134,0.184905660377358,"y286"
135,135,0.207547169811321,"y286"
136,136,0.177358490566038,"y286"
137,137,0.211320754716981,"y286"
138,138,0.230188679245283,"y286"
139,139,0.211320754716981,"y286"
140,140,0.181132075471698,"y286"
141,141,0.207547169811321,"y286"
142,142,0.162264150943396,"y286"
143,143,0.222641509433962,"y286"
144,144,0.188679245283019,"y286"
145,145,0.233962264150943,"y286"
146,146,0.188679245283019,"y286"
147,147,0.169811320754717,"y286"
148,148,0.222641509433962,"y286"
149,149,0.173584905660377,"y286"
150,150,0.192452830188679,"y286"
151,151,0.237735849056604,"y286"
152,152,0.218867924528302,"y286"
153,153,0.20377358490566,"y286"
154,154,0.20377358490566,"y286"
155,155,0.181132075471698,"y286"
156,156,0.207547169811321,"y286"
157,157,0.173584905660377,"y286"
158,158,0.188679245283019,"y286"
159,159,0.184905660377358,"y286"
160,160,0.181132075471698,"y286"
161,161,0.215094339622642,"y286"
162,162,0.162264150943396,"y286"
163,163,0.192452830188679,"y286"
164,164,0.173584905660377,"y286"
165,165,0.169811320754717,"y286"
166,166,0.188679245283019,"y286"
167,167,0.132075471698113,"y286"
168,168,0.192452830188679,"y286"
169,169,0.177358490566038,"y286"
170,170,0.162264150943396,"y286"
171,171,0.188679245283019,"y286"
172,172,0.207547169811321,"y286"
173,173,0.181132075471698,"y286"
174,174,0.252830188679245,"y286"
175,175,0.166037735849057,"y286"
176,176,0.192452830188679,"y286"
177,177,0.211320754716981,"y286"
178,178,0.184905660377358,"y286"
179,179,0.222641509433962,"y286"
180,180,0.20377358490566,"y286"
181,181,0.207547169811321,"y286"
182,182,0.181132075471698,"y286"
183,183,0.237735849056604,"y286"
184,184,0.181132075471698,"y286"
185,185,0.230188679245283,"y286"
186,186,0.215094339622642,"y286"
187,187,0.177358490566038,"y286"
188,188,0.188679245283019,"y286"
189,189,0.19622641509434,"y286"
190,190,0.192452830188679,"y286"
191,191,0.169811320754717,"y286"
192,192,0.20377358490566,"y286"
193,193,0.211320754716981,"y286"
194,194,0.211320754716981,"y286"
195,195,0.2,"y286"
196,196,0.211320754716981,"y286"
197,197,0.19622641509434,"y286"
198,198,0.150943396226415,"y286"
199,199,0.166037735849057,"y286"
200,200,0.19622641509434,"y286"
201,201,0.162264150943396,"y286"
202,202,0.147169811320755,"y286"
203,203,0.181132075471698,"y286"
204,204,0.188679245283019,"y286"
205,205,0.218867924528302,"y286"
206,206,0.158490566037736,"y286"
207,207,0.181132075471698,"y286"
208,208,0.184905660377358,"y286"
209,209,0.177358490566038,"y286"
210,210,0.192452830188679,"y286"
211,211,0.211320754716981,"y286"
212,212,0.192452830188679,"y286"
213,213,0.215094339622642,"y286"
214,214,0.188679245283019,"y286"
215,215,0.184905660377358,"y286"
216,216,0.207547169811321,"y286"
217,217,0.177358490566038,"y286"
218,218,0.222641509433962,"y286"
219,219,0.166037735849057,"y286"
220,220,0.158490566037736,"y286"
221,221,0.233962264150943,"y286"
222,222,0.211320754716981,"y286"
223,223,0.215094339622642,"y286"
224,224,0.181132075471698,"y286"
225,225,0.19622641509434,"y286"
226,226,0.192452830188679,"y286"
227,227,0.226415094339623,"y286"
228,228,0.20377358490566,"y286"
229,229,0.222641509433962,"y286"
230,230,0.166037735849057,"y286"
231,231,0.184905660377358,"y286"
232,232,0.158490566037736,"y286"
233,233,0.181132075471698,"y286"
234,234,0.218867924528302,"y286"
235,235,0.2,"y286"
236,236,0.184905660377358,"y286"
237,237,0.177358490566038,"y286"
238,238,0.147169811320755,"y286"
239,239,0.233962264150943,"y286"
240,240,0.2,"y286"
241,241,0.192452830188679,"y286"
242,242,0.169811320754717,"y286"
243,243,0.177358490566038,"y286"
244,244,0.166037735849057,"y286"
245,245,0.158490566037736,"y286"
246,246,0.20377358490566,"y286"
247,247,0.181132075471698,"y286"
248,248,0.19622641509434,"y286"
249,249,0.184905660377358,"y286"
250,250,0.154716981132075,"y286"
251,251,0.2,"y286"
252,252,0.215094339622642,"y286"
253,253,0.158490566037736,"y286"
254,254,0.169811320754717,"y286"
255,255,0.169811320754717,"y286"
256,256,0.218867924528302,"y286"
257,257,0.226415094339623,"y286"
258,258,0.192452830188679,"y286"
259,259,0.2,"y286"
260,260,0.207547169811321,"y286"
261,261,0.19622641509434,"y286"
262,262,0.158490566037736,"y286"
263,263,0.192452830188679,"y286"
264,264,0.162264150943396,"y286"
265,265,0.184905660377358,"y286"
266,266,0.158490566037736,"y286"
267,267,0.147169811320755,"y286"
268,268,0.169811320754717,"y286"
269,269,0.20377358490566,"y286"
270,270,0.215094339622642,"y286"
271,271,0.233962264150943,"y286"
272,272,0.222641509433962,"y286"
273,273,0.2,"y286"
274,274,0.222641509433962,"y286"
275,275,0.169811320754717,"y286"
276,276,0.215094339622642,"y286"
277,277,0.20377358490566,"y286"
278,278,0.150943396226415,"y286"
279,279,0.166037735849057,"y286"
280,280,0.211320754716981,"y286"
281,281,0.2,"y286"
282,282,0.147169811320755,"y286"
283,283,0.207547169811321,"y286"
284,284,0.166037735849057,"y286"
285,285,0.218867924528302,"y286"
286,286,0.215094339622642,"y286"
287,287,0.192452830188679,"y286"
288,288,0.230188679245283,"y286"
289,289,0.19622641509434,"y286"
290,290,0.181132075471698,"y286"
291,291,0.20377358490566,"y286"
292,292,0.207547169811321,"y286"
293,293,0.184905660377358,"y286"
294,294,0.207547169811321,"y286"
295,295,0.154716981132075,"y286"
296,296,0.188679245283019,"y286"
297,297,0.215094339622642,"y286"
298,298,0.181132075471698,"y286"
299,299,0.211320754716981,"y286"
300,300,0.162264150943396,"y286"
301,301,0.2,"y286"
302,302,0.177358490566038,"y286"
303,303,0.226415094339623,"y286"
304,304,0.249056603773585,"y286"
305,305,0.173584905660377,"y286"
306,306,0.188679245283019,"y286"
307,307,0.173584905660377,"y286"
308,308,0.192452830188679,"y286"
309,309,0.20377358490566,"y286"
310,310,0.181132075471698,"y286"
311,311,0.188679245283019,"y286"
312,312,0.207547169811321,"y286"
313,313,0.135849056603774,"y286"
314,314,0.2,"y286"
315,315,0.211320754716981,"y286"
316,316,0.222641509433962,"y286"
317,317,0.230188679245283,"y286"
318,318,0.166037735849057,"y286"
319,319,0.20377358490566,"y286"
320,320,0.222641509433962,"y286"
321,321,0.181132075471698,"y286"
322,322,0.271698113207547,"y286"
323,323,0.188679245283019,"y286"
324,324,0.169811320754717,"y286"
325,325,0.184905660377358,"y286"
326,326,0.192452830188679,"y286"
327,327,0.207547169811321,"y286"
328,328,0.222641509433962,"y286"
329,329,0.177358490566038,"y286"
330,330,0.192452830188679,"y286"
331,331,0.19622641509434,"y286"
332,332,0.184905660377358,"y286"
333,333,0.150943396226415,"y286"
334,334,0.211320754716981,"y286"
335,335,0.226415094339623,"y286"
336,336,0.166037735849057,"y286"
337,337,0.181132075471698,"y286"
338,338,0.169811320754717,"y286"
339,339,0.218867924528302,"y286"
340,340,0.233962264150943,"y286"
341,341,0.150943396226415,"y286"
342,342,0.177358490566038,"y286"
343,343,0.192452830188679,"y286"
344,344,0.20377358490566,"y286"
345,345,0.184905660377358,"y286"
346,346,0.192452830188679,"y286"
347,347,0.207547169811321,"y286"
348,348,0.188679245283019,"y286"
349,349,0.230188679245283,"y286"
350,350,0.20377358490566,"y286"
351,351,0.181132075471698,"y286"
352,352,0.154716981132075,"y286"
353,353,0.215094339622642,"y286"
354,354,0.222641509433962,"y286"
355,355,0.215094339622642,"y286"
356,356,0.207547169811321,"y286"
357,357,0.19622641509434,"y286"
358,358,0.184905660377358,"y286"
359,359,0.218867924528302,"y286"
360,360,0.166037735849057,"y286"
361,361,0.154716981132075,"y286"
362,362,0.162264150943396,"y286"
363,363,0.173584905660377,"y286"
364,364,0.20377358490566,"y286"
365,365,0.184905660377358,"y286"
366,366,0.192452830188679,"y286"
367,367,0.222641509433962,"y286"
368,368,0.132075471698113,"y286"
369,369,0.218867924528302,"y286"
370,370,0.184905660377358,"y286"
371,371,0.132075471698113,"y286"
372,372,0.215094339622642,"y286"
373,373,0.158490566037736,"y286"
374,374,0.192452830188679,"y286"
375,375,0.19622641509434,"y286"
376,376,0.2,"y286"
377,377,0.169811320754717,"y286"
378,378,0.192452830188679,"y286"
379,379,0.135849056603774,"y286"
380,380,0.154716981132075,"y286"
381,381,0.2,"y286"
382,382,0.184905660377358,"y286"
383,383,0.166037735849057,"y286"
384,384,0.207547169811321,"y286"
385,385,0.218867924528302,"y286"
386,386,0.158490566037736,"y286"
387,387,0.215094339622642,"y286"
388,388,0.222641509433962,"y286"
389,389,0.222641509433962,"y286"
390,390,0.211320754716981,"y286"
391,391,0.211320754716981,"y286"
392,392,0.211320754716981,"y286"
393,393,0.215094339622642,"y286"
394,394,0.192452830188679,"y286"
395,395,0.249056603773585,"y286"
396,396,0.181132075471698,"y286"
397,397,0.181132075471698,"y286"
398,398,0.181132075471698,"y286"
399,399,0.177358490566038,"y286"
400,400,0.158490566037736,"y286"
401,401,0.19622641509434,"y286"
402,402,0.169811320754717,"y286"
403,403,0.177358490566038,"y286"
404,404,0.19622641509434,"y286"
405,405,0.2,"y286"
406,406,0.177358490566038,"y286"
407,407,0.211320754716981,"y286"
408,408,0.19622641509434,"y286"
409,409,0.177358490566038,"y286"
410,410,0.166037735849057,"y286"
411,411,0.19622641509434,"y286"
412,412,0.237735849056604,"y286"
413,413,0.218867924528302,"y286"
414,414,0.169811320754717,"y286"
415,415,0.184905660377358,"y286"
416,416,0.2,"y286"
417,417,0.218867924528302,"y286"
418,418,0.181132075471698,"y286"
419,419,0.222641509433962,"y286"
420,420,0.158490566037736,"y286"
421,421,0.169811320754717,"y286"
422,422,0.215094339622642,"y286"
423,423,0.177358490566038,"y286"
424,424,0.237735849056604,"y286"
425,425,0.181132075471698,"y286"
426,426,0.184905660377358,"y286"
427,427,0.20377358490566,"y286"
428,428,0.188679245283019,"y286"
429,429,0.252830188679245,"y286"
430,430,0.181132075471698,"y286"
431,431,0.154716981132075,"y286"
432,432,0.181132075471698,"y286"
433,433,0.158490566037736,"y286"
434,434,0.2,"y286"
435,435,0.19622641509434,"y286"
436,436,0.139622641509434,"y286"
437,437,0.154716981132075,"y286"
438,438,0.20377358490566,"y286"
439,439,0.19622641509434,"y286"
440,440,0.211320754716981,"y286"
441,441,0.162264150943396,"y286"
442,442,0.2,"y286"
443,443,0.2,"y286"
444,444,0.222641509433962,"y286"
445,445,0.218867924528302,"y286"
446,446,0.192452830188679,"y286"
447,447,0.226415094339623,"y286"
448,448,0.207547169811321,"y286"
449,449,0.20377358490566,"y286"
450,450,0.173584905660377,"y286"
451,451,0.188679245283019,"y286"
452,452,0.226415094339623,"y286"
453,453,0.192452830188679,"y286"
454,454,0.2,"y286"
455,455,0.143396226415094,"y286"
456,456,0.20377358490566,"y286"
457,457,0.222641509433962,"y286"
458,458,0.177358490566038,"y286"
459,459,0.184905660377358,"y286"
460,460,0.181132075471698,"y286"
461,461,0.188679245283019,"y286"
462,462,0.2,"y286"
463,463,0.177358490566038,"y286"
464,464,0.19622641509434,"y286"
465,465,0.184905660377358,"y286"
466,466,0.2,"y286"
467,467,0.169811320754717,"y286"
468,468,0.241509433962264,"y286"
469,469,0.173584905660377,"y286"
470,470,0.2,"y286"
471,471,0.215094339622642,"y286"
472,472,0.260377358490566,"y286"
473,473,0.166037735849057,"y286"
474,474,0.218867924528302,"y286"
475,475,0.2,"y286"
476,476,0.211320754716981,"y286"
477,477,0.2,"y286"
478,478,0.207547169811321,"y286"
479,479,0.211320754716981,"y286"
480,480,0.192452830188679,"y286"
481,481,0.226415094339623,"y286"
482,482,0.184905660377358,"y286"
483,483,0.177358490566038,"y286"
484,484,0.162264150943396,"y286"
485,485,0.192452830188679,"y286"
486,486,0.166037735849057,"y286"
487,487,0.207547169811321,"y286"
488,488,0.20377358490566,"y286"
489,489,0.192452830188679,"y286"
490,490,0.215094339622642,"y286"
491,491,0.226415094339623,"y286"
492,492,0.215094339622642,"y286"
493,493,0.215094339622642,"y286"
494,494,0.192452830188679,"y286"
495,495,0.188679245283019,"y286"
496,496,0.177358490566038,"y286"
497,497,0.192452830188679,"y286"
498,498,0.192452830188679,"y286"
499,499,0.184905660377358,"y286"
500,500,0.211320754716981,"y286"
501,501,0.218867924528302,"y286"
502,502,0.20377358490566,"y286"
503,503,0.237735849056604,"y286"
504,504,0.177358490566038,"y286"
505,505,0.19622641509434,"y286"
506,506,0.237735849056604,"y286"
507,507,0.188679245283019,"y286"
508,508,0.230188679245283,"y286"
509,509,0.166037735849057,"y286"
510,510,0.19622641509434,"y286"
511,511,0.215094339622642,"y286"
512,512,0.211320754716981,"y286"
513,513,0.192452830188679,"y286"
514,514,0.166037735849057,"y286"
515,515,0.188679245283019,"y286"
516,516,0.192452830188679,"y286"
517,517,0.218867924528302,"y286"
518,518,0.207547169811321,"y286"
519,519,0.173584905660377,"y286"
520,520,0.226415094339623,"y286"
521,521,0.252830188679245,"y286"
522,522,0.173584905660377,"y286"
523,523,0.181132075471698,"y286"
524,524,0.135849056603774,"y286"
525,525,0.173584905660377,"y286"
526,526,0.184905660377358,"y286"
527,527,0.211320754716981,"y286"
528,528,0.177358490566038,"y286"
529,529,0.162264150943396,"y286"
530,530,0.230188679245283,"y286"
531,531,0.20377358490566,"y286"
532,532,0.226415094339623,"y286"
533,533,0.222641509433962,"y286"
534,534,0.147169811320755,"y286"
535,535,0.19622641509434,"y286"
536,536,0.158490566037736,"y286"
537,537,0.275471698113208,"y286"
538,538,0.158490566037736,"y286"
539,539,0.241509433962264,"y286"
540,540,0.184905660377358,"y286"
541,541,0.166037735849057,"y286"
542,542,0.19622641509434,"y286"
543,543,0.166037735849057,"y286"
544,544,0.226415094339623,"y286"
545,545,0.188679245283019,"y286"
546,546,0.192452830188679,"y286"
547,547,0.169811320754717,"y286"
548,548,0.207547169811321,"y286"
549,549,0.173584905660377,"y286"
550,550,0.2,"y286"
551,551,0.188679245283019,"y286"
552,552,0.19622641509434,"y286"
553,553,0.19622641509434,"y286"
554,554,0.135849056603774,"y286"
555,555,0.2,"y286"
556,556,0.184905660377358,"y286"
557,557,0.241509433962264,"y286"
558,558,0.184905660377358,"y286"
559,559,0.2,"y286"
560,560,0.181132075471698,"y286"
561,561,0.184905660377358,"y286"
562,562,0.207547169811321,"y286"
563,563,0.211320754716981,"y286"
564,564,0.2,"y286"
565,565,0.192452830188679,"y286"
566,566,0.177358490566038,"y286"
567,567,0.2,"y286"
568,568,0.211320754716981,"y286"
569,569,0.192452830188679,"y286"
570,570,0.181132075471698,"y286"
571,571,0.181132075471698,"y286"
572,572,0.230188679245283,"y286"
573,573,0.192452830188679,"y286"
574,574,0.2,"y286"
575,575,0.188679245283019,"y286"
576,576,0.169811320754717,"y286"
577,577,0.226415094339623,"y286"
578,578,0.211320754716981,"y286"
579,579,0.181132075471698,"y286"
580,580,0.166037735849057,"y286"
581,581,0.143396226415094,"y286"
582,582,0.192452830188679,"y286"
583,583,0.181132075471698,"y286"
584,584,0.177358490566038,"y286"
585,585,0.211320754716981,"y286"
586,586,0.135849056603774,"y286"
587,587,0.162264150943396,"y286"
588,588,0.169811320754717,"y286"
589,589,0.211320754716981,"y286"
590,590,0.211320754716981,"y286"
591,591,0.211320754716981,"y286"
592,592,0.237735849056604,"y286"
593,593,0.192452830188679,"y286"
594,594,0.162264150943396,"y286"
595,595,0.150943396226415,"y286"
596,596,0.166037735849057,"y286"
597,597,0.166037735849057,"y286"
598,598,0.162264150943396,"y286"
599,599,0.226415094339623,"y286"
600,600,0.20377358490566,"y286"
601,601,0.173584905660377,"y286"
602,602,0.241509433962264,"y286"
603,603,0.166037735849057,"y286"
604,604,0.158490566037736,"y286"
605,605,0.20377358490566,"y286"
606,606,0.173584905660377,"y286"
607,607,0.169811320754717,"y286"
608,608,0.192452830188679,"y286"
609,609,0.211320754716981,"y286"
610,610,0.20377358490566,"y286"
611,611,0.173584905660377,"y286"
612,612,0.192452830188679,"y286"
613,613,0.135849056603774,"y286"
614,614,0.192452830188679,"y286"
615,615,0.184905660377358,"y286"
616,616,0.188679245283019,"y286"
617,617,0.181132075471698,"y286"
618,618,0.181132075471698,"y286"
619,619,0.181132075471698,"y286"
620,620,0.19622641509434,"y286"
621,621,0.188679245283019,"y286"
622,622,0.233962264150943,"y286"
623,623,0.211320754716981,"y286"
624,624,0.177358490566038,"y286"
625,625,0.241509433962264,"y286"
626,626,0.184905660377358,"y286"
627,627,0.233962264150943,"y286"
628,628,0.177358490566038,"y286"
629,629,0.215094339622642,"y286"
630,630,0.184905660377358,"y286"
631,631,0.19622641509434,"y286"
632,632,0.2,"y286"
633,633,0.192452830188679,"y286"
634,634,0.173584905660377,"y286"
635,635,0.173584905660377,"y286"
636,636,0.207547169811321,"y286"
637,637,0.226415094339623,"y286"
638,638,0.184905660377358,"y286"
639,639,0.20377358490566,"y286"
640,640,0.177358490566038,"y286"
641,641,0.188679245283019,"y286"
642,642,0.143396226415094,"y286"
643,643,0.181132075471698,"y286"
644,644,0.184905660377358,"y286"
645,645,0.222641509433962,"y286"
646,646,0.192452830188679,"y286"
647,647,0.19622641509434,"y286"
648,648,0.158490566037736,"y286"
649,649,0.20377358490566,"y286"
650,650,0.20377358490566,"y286"
651,651,0.181132075471698,"y286"
652,652,0.20377358490566,"y286"
653,653,0.184905660377358,"y286"
654,654,0.158490566037736,"y286"
655,655,0.188679245283019,"y286"
656,656,0.218867924528302,"y286"
657,657,0.150943396226415,"y286"
658,658,0.2,"y286"
659,659,0.2,"y286"
660,660,0.226415094339623,"y286"
661,661,0.226415094339623,"y286"
662,662,0.19622641509434,"y286"
663,663,0.150943396226415,"y286"
664,664,0.173584905660377,"y286"
665,665,0.177358490566038,"y286"
666,666,0.2,"y286"
667,667,0.188679245283019,"y286"
668,668,0.162264150943396,"y286"
669,669,0.207547169811321,"y286"
670,670,0.19622641509434,"y286"
671,671,0.188679245283019,"y286"
672,672,0.222641509433962,"y286"
673,673,0.226415094339623,"y286"
674,674,0.166037735849057,"y286"
675,675,0.207547169811321,"y286"
676,676,0.154716981132075,"y286"
677,677,0.215094339622642,"y286"
678,678,0.177358490566038,"y286"
679,679,0.19622641509434,"y286"
680,680,0.181132075471698,"y286"
681,681,0.215094339622642,"y286"
682,682,0.2,"y286"
683,683,0.215094339622642,"y286"
684,684,0.20377358490566,"y286"
685,685,0.169811320754717,"y286"
686,686,0.192452830188679,"y286"
687,687,0.162264150943396,"y286"
688,688,0.215094339622642,"y286"
689,689,0.135849056603774,"y286"
690,690,0.218867924528302,"y286"
691,691,0.188679245283019,"y286"
692,692,0.169811320754717,"y286"
693,693,0.154716981132075,"y286"
694,694,0.188679245283019,"y286"
695,695,0.162264150943396,"y286"
696,696,0.192452830188679,"y286"
697,697,0.20377358490566,"y286"
698,698,0.19622641509434,"y286"
699,699,0.177358490566038,"y286"
700,700,0.2,"y286"
701,701,0.20377358490566,"y286"
702,702,0.19622641509434,"y286"
703,703,0.147169811320755,"y286"
704,704,0.19622641509434,"y286"
705,705,0.20377358490566,"y286"
706,706,0.192452830188679,"y286"
707,707,0.184905660377358,"y286"
708,708,0.233962264150943,"y286"
709,709,0.192452830188679,"y286"
710,710,0.169811320754717,"y286"
711,711,0.215094339622642,"y286"
712,712,0.154716981132075,"y286"
713,713,0.173584905660377,"y286"
714,714,0.237735849056604,"y286"
715,715,0.192452830188679,"y286"
716,716,0.19622641509434,"y286"
717,717,0.184905660377358,"y286"
718,718,0.173584905660377,"y286"
719,719,0.192452830188679,"y286"
720,720,0.222641509433962,"y286"
721,721,0.218867924528302,"y286"
722,722,0.20377358490566,"y286"
723,723,0.19622641509434,"y286"
724,724,0.158490566037736,"y286"
725,725,0.181132075471698,"y286"
726,726,0.173584905660377,"y286"
727,727,0.177358490566038,"y286"
728,728,0.177358490566038,"y286"
729,729,0.207547169811321,"y286"
730,730,0.222641509433962,"y286"
731,731,0.211320754716981,"y286"
732,732,0.166037735849057,"y286"
733,733,0.177358490566038,"y286"
734,734,0.188679245283019,"y286"
735,735,0.181132075471698,"y286"
736,736,0.181132075471698,"y286"
737,737,0.154716981132075,"y286"
738,738,0.173584905660377,"y286"
739,739,0.158490566037736,"y286"
740,740,0.20377358490566,"y286"
741,741,0.230188679245283,"y286"
742,742,0.169811320754717,"y286"
743,743,0.132075471698113,"y286"
744,744,0.188679245283019,"y286"
745,745,0.211320754716981,"y286"
746,746,0.2,"y286"
747,747,0.184905660377358,"y286"
748,748,0.184905660377358,"y286"
749,749,0.2,"y286"
750,750,0.162264150943396,"y286"
751,751,0.181132075471698,"y286"
752,752,0.207547169811321,"y286"
753,753,0.173584905660377,"y286"
754,754,0.19622641509434,"y286"
755,755,0.222641509433962,"y286"
756,756,0.20377358490566,"y286"
757,757,0.19622641509434,"y286"
758,758,0.188679245283019,"y286"
759,759,0.192452830188679,"y286"
760,760,0.184905660377358,"y286"
761,761,0.19622641509434,"y286"
762,762,0.147169811320755,"y286"
763,763,0.188679245283019,"y286"
764,764,0.19622641509434,"y286"
765,765,0.222641509433962,"y286"
766,766,0.154716981132075,"y286"
767,767,0.162264150943396,"y286"
768,768,0.2,"y286"
769,769,0.181132075471698,"y286"
770,770,0.184905660377358,"y286"
771,771,0.188679245283019,"y286"
772,772,0.19622641509434,"y286"
773,773,0.188679245283019,"y286"
774,774,0.211320754716981,"y286"
775,775,0.211320754716981,"y286"
776,776,0.169811320754717,"y286"
777,777,0.158490566037736,"y286"
778,778,0.181132075471698,"y286"
779,779,0.226415094339623,"y286"
780,780,0.184905660377358,"y286"
781,781,0.237735849056604,"y286"
782,782,0.173584905660377,"y286"
783,783,0.215094339622642,"y286"
784,784,0.184905660377358,"y286"
785,785,0.158490566037736,"y286"
786,786,0.215094339622642,"y286"
787,787,0.162264150943396,"y286"
788,788,0.139622641509434,"y286"
789,789,0.184905660377358,"y286"
790,790,0.211320754716981,"y286"
791,791,0.20377358490566,"y286"
792,792,0.207547169811321,"y286"
793,793,0.218867924528302,"y286"
794,794,0.215094339622642,"y286"
795,795,0.218867924528302,"y286"
796,796,0.237735849056604,"y286"
797,797,0.20377358490566,"y286"
798,798,0.2,"y286"
799,799,0.207547169811321,"y286"
800,800,0.2,"y286"
801,801,0.166037735849057,"y286"
802,802,0.169811320754717,"y286"
803,803,0.19622641509434,"y286"
804,804,0.188679245283019,"y286"
805,805,0.184905660377358,"y286"
806,806,0.181132075471698,"y286"
807,807,0.162264150943396,"y286"
808,808,0.169811320754717,"y286"
809,809,0.230188679245283,"y286"
810,810,0.19622641509434,"y286"
811,811,0.19622641509434,"y286"
812,812,0.2,"y286"
813,813,0.20377358490566,"y286"
814,814,0.188679245283019,"y286"
815,815,0.188679245283019,"y286"
816,816,0.19622641509434,"y286"
817,817,0.147169811320755,"y286"
818,818,0.188679245283019,"y286"
819,819,0.192452830188679,"y286"
820,820,0.188679245283019,"y286"
821,821,0.150943396226415,"y286"
822,822,0.233962264150943,"y286"
823,823,0.150943396226415,"y286"
824,824,0.233962264150943,"y286"
825,825,0.218867924528302,"y286"
826,826,0.192452830188679,"y286"
827,827,0.173584905660377,"y286"
828,828,0.143396226415094,"y286"
829,829,0.237735849056604,"y286"
830,830,0.207547169811321,"y286"
831,831,0.218867924528302,"y286"
832,832,0.19622641509434,"y286"
833,833,0.2,"y286"
834,834,0.211320754716981,"y286"
835,835,0.222641509433962,"y286"
836,836,0.169811320754717,"y286"
837,837,0.143396226415094,"y286"
838,838,0.177358490566038,"y286"
839,839,0.20377358490566,"y286"
840,840,0.181132075471698,"y286"
841,841,0.230188679245283,"y286"
842,842,0.184905660377358,"y286"
843,843,0.20377358490566,"y286"
844,844,0.20377358490566,"y286"
845,845,0.245283018867925,"y286"
846,846,0.233962264150943,"y286"
847,847,0.19622641509434,"y286"
848,848,0.184905660377358,"y286"
849,849,0.215094339622642,"y286"
850,850,0.218867924528302,"y286"
851,851,0.2,"y286"
852,852,0.215094339622642,"y286"
853,853,0.215094339622642,"y286"
854,854,0.20377358490566,"y286"
855,855,0.181132075471698,"y286"
856,856,0.154716981132075,"y286"
857,857,0.169811320754717,"y286"
858,858,0.211320754716981,"y286"
859,859,0.215094339622642,"y286"
860,860,0.207547169811321,"y286"
861,861,0.169811320754717,"y286"
862,862,0.207547169811321,"y286"
863,863,0.173584905660377,"y286"
864,864,0.169811320754717,"y286"
865,865,0.166037735849057,"y286"
866,866,0.20377358490566,"y286"
867,867,0.19622641509434,"y286"
868,868,0.215094339622642,"y286"
869,869,0.188679245283019,"y286"
870,870,0.215094339622642,"y286"
871,871,0.2,"y286"
872,872,0.207547169811321,"y286"
873,873,0.222641509433962,"y286"
874,874,0.162264150943396,"y286"
875,875,0.162264150943396,"y286"
876,876,0.226415094339623,"y286"
877,877,0.162264150943396,"y286"
878,878,0.162264150943396,"y286"
879,879,0.207547169811321,"y286"
880,880,0.19622641509434,"y286"
881,881,0.192452830188679,"y286"
882,882,0.169811320754717,"y286"
883,883,0.2,"y286"
884,884,0.192452830188679,"y286"
885,885,0.226415094339623,"y286"
886,886,0.215094339622642,"y286"
887,887,0.184905660377358,"y286"
888,888,0.226415094339623,"y286"
889,889,0.207547169811321,"y286"
890,890,0.218867924528302,"y286"
891,891,0.207547169811321,"y286"
892,892,0.192452830188679,"y286"
893,893,0.230188679245283,"y286"
894,894,0.211320754716981,"y286"
895,895,0.166037735849057,"y286"
896,896,0.169811320754717,"y286"
897,897,0.19622641509434,"y286"
898,898,0.19622641509434,"y286"
899,899,0.237735849056604,"y286"
900,900,0.173584905660377,"y286"
901,901,0.166037735849057,"y286"
902,902,0.184905660377358,"y286"
903,903,0.166037735849057,"y286"
904,904,0.166037735849057,"y286"
905,905,0.192452830188679,"y286"
906,906,0.162264150943396,"y286"
907,907,0.166037735849057,"y286"
908,908,0.162264150943396,"y286"
909,909,0.226415094339623,"y286"
910,910,0.230188679245283,"y286"
911,911,0.169811320754717,"y286"
912,912,0.166037735849057,"y286"
913,913,0.19622641509434,"y286"
914,914,0.2,"y286"
915,915,0.162264150943396,"y286"
916,916,0.2,"y286"
917,917,0.211320754716981,"y286"
918,918,0.20377358490566,"y286"
919,919,0.215094339622642,"y286"
920,920,0.211320754716981,"y286"
921,921,0.207547169811321,"y286"
922,922,0.150943396226415,"y286"
923,923,0.177358490566038,"y286"
924,924,0.215094339622642,"y286"
925,925,0.20377358490566,"y286"
926,926,0.20377358490566,"y286"
927,927,0.207547169811321,"y286"
928,928,0.188679245283019,"y286"
929,929,0.20377358490566,"y286"
930,930,0.184905660377358,"y286"
931,931,0.207547169811321,"y286"
932,932,0.150943396226415,"y286"
933,933,0.188679245283019,"y286"
934,934,0.184905660377358,"y286"
935,935,0.2,"y286"
936,936,0.252830188679245,"y286"
937,937,0.207547169811321,"y286"
938,938,0.226415094339623,"y286"
939,939,0.192452830188679,"y286"
940,940,0.222641509433962,"y286"
941,941,0.166037735849057,"y286"
942,942,0.184905660377358,"y286"
943,943,0.211320754716981,"y286"
944,944,0.158490566037736,"y286"
945,945,0.177358490566038,"y286"
946,946,0.162264150943396,"y286"
947,947,0.241509433962264,"y286"
948,948,0.181132075471698,"y286"
949,949,0.192452830188679,"y286"
950,950,0.20377358490566,"y286"
951,951,0.124528301886792,"y286"
952,952,0.177358490566038,"y286"
953,953,0.150943396226415,"y286"
954,954,0.218867924528302,"y286"
955,955,0.169811320754717,"y286"
956,956,0.2,"y286"
957,957,0.2,"y286"
958,958,0.166037735849057,"y286"
959,959,0.286792452830189,"y286"
960,960,0.184905660377358,"y286"
961,961,0.173584905660377,"y286"
962,962,0.2,"y286"
963,963,0.19622641509434,"y286"
964,964,0.218867924528302,"y286"
965,965,0.241509433962264,"y286"
966,966,0.2,"y286"
967,967,0.150943396226415,"y286"
968,968,0.19622641509434,"y286"
969,969,0.188679245283019,"y286"
970,970,0.20377358490566,"y286"
971,971,0.173584905660377,"y286"
972,972,0.184905660377358,"y286"
973,973,0.218867924528302,"y286"
974,974,0.19622641509434,"y286"
975,975,0.173584905660377,"y286"
976,976,0.162264150943396,"y286"
977,977,0.252830188679245,"y286"
978,978,0.188679245283019,"y286"
979,979,0.177358490566038,"y286"
980,980,0.207547169811321,"y286"
981,981,0.2,"y286"
982,982,0.184905660377358,"y286"
983,983,0.222641509433962,"y286"
984,984,0.19622641509434,"y286"
985,985,0.169811320754717,"y286"
986,986,0.20377358490566,"y286"
987,987,0.181132075471698,"y286"
988,988,0.211320754716981,"y286"
989,989,0.260377358490566,"y286"
990,990,0.166037735849057,"y286"
991,991,0.154716981132075,"y286"
992,992,0.218867924528302,"y286"
993,993,0.19622641509434,"y286"
994,994,0.207547169811321,"y286"
995,995,0.218867924528302,"y286"
996,996,0.211320754716981,"y286"
997,997,0.211320754716981,"y286"
998,998,0.222641509433962,"y286"
999,999,0.241509433962264,"y286"
